mtllib segment2.mtl
o Default
v 3.875 -1 -11
v 3.875 0 -11
v 2.875 0 -11
v 2.875 -1 -11
v 3.875 0 -7
v 2.875 1.1102230246251565e-16 -8
v 2.875 0 -7
v 3.875 0 -8
v 2.875 0 -7
v 1.875 1.1102230246251565e-16 -8
v 1.875 5.551115123125783e-17 -7
v 2.875 1.1102230246251565e-16 -8
v 1.875 5.551115123125783e-17 -7
v 0.875 1.1102230246251565e-16 -8
v 0.875 0 -7
v 1.875 1.1102230246251565e-16 -8
v 0.875 0 -7
v -0.125 5.551115123125783e-17 -8
v -0.125 0 -7
v 0.875 1.1102230246251565e-16 -8
v 0.875 1.1102230246251565e-16 -8
v -0.125 0 -9
v -0.125 5.551115123125783e-17 -8
v 0.875 1.1102230246251565e-16 -9
v 0.875 1.1102230246251565e-16 -9
v -0.125 0 -10
v -0.125 0 -9
v 0.875 1.1102230246251565e-16 -10
v 0.875 1.1102230246251565e-16 -10
v -0.125 0 -11
v -0.125 0 -10
v 0.875 0 -11
v 1.875 -1.1102230246251565e-16 -10
v 0.875 0 -11
v 0.875 1.1102230246251565e-16 -10
v 1.875 5.551115123125783e-17 -11
v 2.875 -1.1102230246251565e-16 -10
v 1.875 5.551115123125783e-17 -11
v 1.875 -1.1102230246251565e-16 -10
v 2.875 0 -11
v 3.875 0 -10
v 2.875 0 -11
v 2.875 -1.1102230246251565e-16 -10
v 3.875 0 -11
v 3.875 0 -9
v 2.875 -1.1102230246251565e-16 -10
v 2.875 -1.1102230246251565e-16 -9
v 3.875 0 -10
v 3.875 0 -8
v 2.875 -1.1102230246251565e-16 -9
v 2.875 1.1102230246251565e-16 -8
v 3.875 0 -9
v 2.875 1.1102230246251565e-16 -8
v 1.875 1.1102230246251565e-16 -9
v 1.875 1.1102230246251565e-16 -8
v 2.875 -1.1102230246251565e-16 -9
v 1.875 1.1102230246251565e-16 -8
v 0.875 1.1102230246251565e-16 -9
v 0.875 1.1102230246251565e-16 -8
v 1.875 1.1102230246251565e-16 -9
v 2.875 -1.1102230246251565e-16 -9
v 1.875 -1.1102230246251565e-16 -10
v 1.875 1.1102230246251565e-16 -9
v 2.875 -1.1102230246251565e-16 -10
v 1.875 1.1102230246251565e-16 -9
v 0.875 1.1102230246251565e-16 -10
v 0.875 1.1102230246251565e-16 -9
v 1.875 -1.1102230246251565e-16 -10
v -0.125 -1 -7
v 0.875 -1 -8
v 0.875 -1 -7
v -0.125 -1 -8
v -0.125 -1 -8
v 0.875 -1 -9
v 0.875 -1 -8
v -0.125 -1 -9
v -0.125 -1 -9
v 0.875 -1 -10
v 0.875 -1 -9
v -0.125 -1 -10
v -0.125 -1 -10
v 0.875 -1 -11
v 0.875 -1 -10
v -0.125 -1 -11
v 0.875 -1 -10
v 1.875 -1 -11
v 1.875 -1 -10
v 0.875 -1 -11
v 1.875 -1 -10
v 2.875 -1 -11
v 2.875 -1 -10
v 1.875 -1 -11
v 2.875 -1 -10
v 3.875 -1 -11
v 3.875 -1 -10
v 2.875 -1 -11
v 2.875 -1 -9
v 3.875 -1 -10
v 3.875 -1 -9
v 2.875 -1 -10
v 2.875 -1 -8
v 3.875 -1 -9
v 3.875 -1 -8
v 2.875 -1 -9
v 2.875 -1 -7
v 3.875 -1 -8
v 3.875 -1 -7
v 2.875 -1 -8
v 1.875 -1 -7
v 2.875 -1 -8
v 2.875 -1 -7
v 1.875 -1 -8
v 0.875 -1 -7
v 1.875 -1 -8
v 1.875 -1 -7
v 0.875 -1 -8
v 0.875 -1 -9
v 1.875 -1 -10
v 1.875 -1 -9
v 0.875 -1 -10
v 1.875 -1 -9
v 2.875 -1 -10
v 2.875 -1 -9
v 1.875 -1 -10
v 1.875 -1 -8
v 2.875 -1 -9
v 2.875 -1 -8
v 1.875 -1 -9
v 0.875 -1 -8
v 1.875 -1 -9
v 1.875 -1 -8
v 0.875 -1 -9
v 3.875 -1 -7
v 3.875 0 -8
v 3.875 0 -7
v 3.875 -1 -8
v 3.875 -1 -8
v 3.875 0 -9
v 3.875 0 -8
v 3.875 -1 -9
v 3.875 -1 -9
v 3.875 0 -10
v 3.875 0 -9
v 3.875 -1 -10
v 3.875 -1 -10
v 3.875 0 -11
v 3.875 0 -10
v 3.875 -1 -11
v 2.875 -1 -7
v 3.875 0 -7
v 2.875 0 -7
v 3.875 -1 -7
v 1.875 -1 -7
v 2.875 0 -7
v 1.875 5.551115123125783e-17 -7
v 2.875 -1 -7
v 0.875 -1 -7
v 1.875 5.551115123125783e-17 -7
v 0.875 0 -7
v 1.875 -1 -7
v -0.125 -1 -7
v 0.875 0 -7
v -0.125 0 -7
v 0.875 -1 -7
v -0.125 -1 -8
v -0.125 0 -7
v -0.125 5.551115123125783e-17 -8
v -0.125 -1 -7
v -0.125 -1 -9
v -0.125 5.551115123125783e-17 -8
v -0.125 0 -9
v -0.125 -1 -8
v -0.125 -1 -10
v -0.125 0 -9
v -0.125 0 -10
v -0.125 -1 -9
v -0.125 -1 -11
v -0.125 0 -10
v -0.125 0 -11
v -0.125 -1 -10
v 0.875 -1 -11
v -0.125 0 -11
v 0.875 0 -11
v -0.125 -1 -11
v 1.875 -1 -11
v 0.875 0 -11
v 1.875 5.551115123125783e-17 -11
v 0.875 -1 -11
v 2.875 -1 -11
v 1.875 5.551115123125783e-17 -11
v 2.875 0 -11
v 1.875 -1 -11
v 4.004999160766602 -0.029018402099609375 -59
v 4.004999160766602 0.9709815979003906 -58
v 4.004999160766602 0.9709815979003906 -59
v 4.004999160766602 -0.029018402099609375 -58
v 4.004999160766602 -1.0290184020996094 -59
v 4.004999160766602 -0.029018402099609375 -58
v 4.004999160766602 -0.029018402099609375 -59
v 4.004999160766602 -1.0290184020996094 -58
v 4.004999160766602 1.9709815979003906 -60
v 4.004999160766602 2.9709815979003906 -59
v 4.004999160766602 2.9709815979003906 -60
v 4.004999160766602 1.9709815979003906 -59
v 4.004999160766602 0.9709815979003906 -60
v 4.004999160766602 1.9709815979003906 -59
v 4.004999160766602 1.9709815979003906 -60
v 4.004999160766602 0.9709815979003906 -59
v 0.0049991607666015625 -1.0290184020996094 -59
v 1.0049991607666016 -1.0290184020996094 -60
v 0.0049991607666015625 -1.0290184020996094 -60
v 1.0049991607666016 -1.0290184020996094 -59
v 0.0049991607666015625 2.9709815979003906 -59
v 1.0049991607666016 2.9709815979003906 -60
v 1.0049991607666016 2.9709815979003906 -59
v 0.0049991607666015625 2.9709815979003906 -60
v 0.0049991607666015625 2.9709815979003906 -58
v 1.0049991607666016 2.9709815979003906 -59
v 1.0049991607666016 2.9709815979003906 -58
v 0.0049991607666015625 2.9709815979003906 -59
v 1.0049991607666016 2.9709815979003906 -58
v 2.0049991607666016 2.9709815979003906 -59
v 2.0049991607666016 2.9709815979003906 -58
v 1.0049991607666016 2.9709815979003906 -59
v 2.0049991607666016 2.9709815979003906 -58
v 3.0049991607666016 2.9709815979003906 -59
v 3.0049991607666016 2.9709815979003906 -58
v 2.0049991607666016 2.9709815979003906 -59
v 2.0049991607666016 2.9709815979003906 -59
v 3.0049991607666016 2.9709815979003906 -60
v 3.0049991607666016 2.9709815979003906 -59
v 2.0049991607666016 2.9709815979003906 -60
v 4.004999160766602 -1.0290184020996094 -60
v 4.004999160766602 -0.029018402099609375 -59
v 4.004999160766602 -0.029018402099609375 -60
v 4.004999160766602 -1.0290184020996094 -59
v 3.0049991607666016 -1.0290184020996094 -59
v 4.004999160766602 -1.0290184020996094 -60
v 3.0049991607666016 -1.0290184020996094 -60
v 4.004999160766602 -1.0290184020996094 -59
v 2.0049991607666016 -1.0290184020996094 -59
v 3.0049991607666016 -1.0290184020996094 -60
v 2.0049991607666016 -1.0290184020996094 -60
v 3.0049991607666016 -1.0290184020996094 -59
v 4.004999160766602 -0.029018402099609375 -60
v 4.004999160766602 0.9709815979003906 -59
v 4.004999160766602 0.9709815979003906 -60
v 4.004999160766602 -0.029018402099609375 -59
v 1.0049991607666016 -1.0290184020996094 -59
v 2.0049991607666016 -1.0290184020996094 -60
v 1.0049991607666016 -1.0290184020996094 -60
v 2.0049991607666016 -1.0290184020996094 -59
v 1.0049991607666016 2.9709815979003906 -59
v 2.0049991607666016 2.9709815979003906 -60
v 2.0049991607666016 2.9709815979003906 -59
v 1.0049991607666016 2.9709815979003906 -60
v 0.0049991607666015625 -1.0290184020996094 -60
v 1.0049991607666016 -1.0290180444717407 -61
v 0.0049991607666015625 -1.0290180444717407 -61
v 1.0049991607666016 -1.0290184020996094 -60
v 1.0049991607666016 -1.0290184020996094 -60
v 2.0049991607666016 -1.0290180444717407 -61
v 1.0049991607666016 -1.0290180444717407 -61
v 2.0049991607666016 -1.0290184020996094 -60
v 2.0049991607666016 -1.0290184020996094 -60
v 3.0049991607666016 -1.0290180444717407 -61
v 2.0049991607666016 -1.0290180444717407 -61
v 3.0049991607666016 -1.0290184020996094 -60
v 3.0049991607666016 -1.0290184020996094 -60
v 4.004999160766602 -1.0290180444717407 -61
v 3.0049991607666016 -1.0290180444717407 -61
v 4.004999160766602 -1.0290184020996094 -60
v 3.0049991607666016 -1.0290180444717407 -61
v 4.004999160766602 -1.0290180444717407 -62
v 3.0049991607666016 -1.0290180444717407 -62
v 4.004999160766602 -1.0290180444717407 -61
v 2.0049991607666016 -1.0290180444717407 -61
v 3.0049991607666016 -1.0290180444717407 -62
v 2.0049991607666016 -1.0290180444717407 -62
v 3.0049991607666016 -1.0290180444717407 -61
v 1.0049991607666016 -1.0290180444717407 -61
v 2.0049991607666016 -1.0290180444717407 -62
v 1.0049991607666016 -1.0290180444717407 -62
v 2.0049991607666016 -1.0290180444717407 -61
v 0.0049991607666015625 -1.0290180444717407 -61
v 1.0049991607666016 -1.0290180444717407 -62
v 0.0049991607666015625 -1.0290180444717407 -62
v 1.0049991607666016 -1.0290180444717407 -61
v 0.0049991607666015625 -1.0290184020996094 -60
v 0.004999000113457441 -0.029018402099609375 -61
v 0.0049991607666015625 -0.029018402099609375 -60
v 0.0049991607666015625 -1.0290180444717407 -61
v 0.0049991607666015625 -1.0290180444717407 -61
v 0.004999000113457441 -0.029018402099609375 -62
v 0.004999000113457441 -0.029018402099609375 -61
v 0.0049991607666015625 -1.0290180444717407 -62
v 0.004999000113457441 -0.029018402099609375 -61
v 0.004999000113457441 0.9709815979003906 -62
v 0.004999000113457441 0.9709815979003906 -61
v 0.004999000113457441 -0.029018402099609375 -62
v 0.004999000113457441 0.9709815979003906 -61
v 0.004999000113457441 1.9709815979003906 -62
v 0.004999000113457441 1.9709815979003906 -61
v 0.004999000113457441 0.9709815979003906 -62
v 0.004999000113457441 1.9709815979003906 -61
v 0.004999000113457441 2.9709815979003906 -62
v 0.004999000113457441 2.9709815979003906 -61
v 0.004999000113457441 1.9709815979003906 -62
v 0.0049991607666015625 1.9709815979003906 -60
v 0.004999000113457441 2.9709815979003906 -61
v 0.0049991607666015625 2.9709815979003906 -60
v 0.004999000113457441 1.9709815979003906 -61
v 0.0049991607666015625 0.9709815979003906 -60
v 0.004999000113457441 1.9709815979003906 -61
v 0.0049991607666015625 1.9709815979003906 -60
v 0.004999000113457441 0.9709815979003906 -61
v 0.0049991607666015625 -0.029018402099609375 -60
v 0.004999000113457441 0.9709815979003906 -61
v 0.0049991607666015625 0.9709815979003906 -60
v 0.004999000113457441 -0.029018402099609375 -61
v 4.004999160766602 -1.0290180444717407 -62
v 4.004999160766602 -0.029018402099609375 -61
v 4.004999160766602 -0.029018402099609375 -62
v 4.004999160766602 -1.0290180444717407 -61
v 4.004999160766602 -0.029018402099609375 -62
v 4.004999160766602 0.9709815979003906 -61
v 4.004999160766602 0.9709815979003906 -62
v 4.004999160766602 -0.029018402099609375 -61
v 4.004999160766602 0.9709815979003906 -62
v 4.004999160766602 1.9709815979003906 -61
v 4.004999160766602 1.9709815979003906 -62
v 4.004999160766602 0.9709815979003906 -61
v 4.004999160766602 1.9709815979003906 -62
v 4.004999160766602 2.9709815979003906 -61
v 4.004999160766602 2.9709815979003906 -62
v 4.004999160766602 1.9709815979003906 -61
v 4.004999160766602 1.9709815979003906 -61
v 4.004999160766602 2.9709815979003906 -60
v 4.004999160766602 2.9709815979003906 -61
v 4.004999160766602 1.9709815979003906 -60
v 4.004999160766602 0.9709815979003906 -61
v 4.004999160766602 1.9709815979003906 -60
v 4.004999160766602 1.9709815979003906 -61
v 4.004999160766602 0.9709815979003906 -60
v 4.004999160766602 -0.029018402099609375 -61
v 4.004999160766602 0.9709815979003906 -60
v 4.004999160766602 0.9709815979003906 -61
v 4.004999160766602 -0.029018402099609375 -60
v 4.004999160766602 -1.0290180444717407 -61
v 4.004999160766602 -0.029018402099609375 -60
v 4.004999160766602 -0.029018402099609375 -61
v 4.004999160766602 -1.0290184020996094 -60
v 3.0049991607666016 2.970982074737549 -61
v 4.004999160766602 2.9709815979003906 -60
v 3.0049991607666016 2.9709815979003906 -60
v 4.004999160766602 2.9709815979003906 -61
v 2.0049991607666016 2.970982074737549 -61
v 3.0049991607666016 2.9709815979003906 -60
v 2.0049991607666016 2.9709815979003906 -60
v 3.0049991607666016 2.970982074737549 -61
v 1.0049991607666016 2.970982074737549 -61
v 2.0049991607666016 2.9709815979003906 -60
v 1.0049991607666016 2.9709815979003906 -60
v 2.0049991607666016 2.970982074737549 -61
v 0.004999000113457441 2.9709815979003906 -61
v 1.0049991607666016 2.9709815979003906 -60
v 0.0049991607666015625 2.9709815979003906 -60
v 1.0049991607666016 2.970982074737549 -61
v 1.0049991607666016 2.970982074737549 -62
v 2.0049991607666016 2.970982074737549 -61
v 1.0049991607666016 2.970982074737549 -61
v 2.0049991607666016 2.970982074737549 -62
v 2.0049991607666016 2.970982074737549 -62
v 3.0049991607666016 2.970982074737549 -61
v 2.0049991607666016 2.970982074737549 -61
v 3.0049991607666016 2.970982074737549 -62
v 3.0049991607666016 2.970982074737549 -62
v 4.004999160766602 2.9709815979003906 -61
v 3.0049991607666016 2.970982074737549 -61
v 4.004999160766602 2.9709815979003906 -62
v 0.004999000113457441 2.9709815979003906 -62
v 1.0049991607666016 2.970982074737549 -61
v 0.004999000113457441 2.9709815979003906 -61
v 1.0049991607666016 2.970982074737549 -62
v 4.875 -5 -24
v 3.875 -5 -23
v 4.875 -5 -23
v 3.875 -5 -24
v 5.875 -5 -24
v 4.875 -5 -23
v 5.875 -5 -23
v 4.875 -5 -24
v 6.875 -5 -24
v 5.875 -5 -23
v 6.875 -5 -23
v 5.875 -5 -24
v 7.875 -5 -24
v 6.875 -5 -23
v 7.875 -5 -23
v 6.875 -5 -24
v 7.875 -5 -25
v 6.875 -5 -24
v 7.875 -5 -24
v 6.875 -5 -25
v 7.875 -5 -26
v 6.875 -5 -25
v 7.875 -5 -25
v 6.875 -5 -26
v 7.875 -5 -27
v 6.875 -5 -26
v 7.875 -5 -26
v 6.875 -5 -27
v 6.875 -5 -27
v 5.875 -5 -26
v 6.875 -5 -26
v 5.875 -5 -27
v 5.875 -5 -27
v 4.875 -5 -26
v 5.875 -5 -26
v 4.875 -5 -27
v 7.875 -5 -30
v 6.875 -5 -31
v 6.875 -5 -30
v 7.875 -5 -31
v 4.875 -5 -26
v 3.875 -5 -25
v 4.875 -5 -25
v 3.875 -5 -26
v 4.875 -5 -25
v 3.875 -5 -24
v 4.875 -5 -24
v 3.875 -5 -25
v 5.875 -5 -25
v 4.875 -5 -24
v 5.875 -5 -24
v 4.875 -5 -25
v 6.875 -5 -25
v 5.875 -5 -24
v 6.875 -5 -24
v 5.875 -5 -25
v 6.875 -5 -26
v 5.875 -5 -25
v 6.875 -5 -25
v 5.875 -5 -26
v 5.875 -5 -26
v 4.875 -5 -25
v 5.875 -5 -25
v 4.875 -5 -26
v 3.875 -6 -27
v 3.875 -5 -26
v 3.875 -5 -27
v 3.875 -6 -26
v 3.875 -6 -26
v 3.875 -5 -25
v 3.875 -5 -26
v 3.875 -6 -25
v 3.875 -6 -25
v 3.875 -5 -24
v 3.875 -5 -25
v 3.875 -6 -24
v 3.875 -6 -24
v 3.875 -5 -23
v 3.875 -5 -24
v 3.875 -6 -23
v 3.875 -6 -23
v 4.875 -5 -23
v 3.875 -5 -23
v 4.875 -6 -23
v 4.875 -6 -23
v 5.875 -5 -23
v 4.875 -5 -23
v 5.875 -6 -23
v 5.875 -6 -23
v 6.875 -5 -23
v 5.875 -5 -23
v 6.875 -6 -23
v 6.875 -6 -23
v 7.875 -5 -23
v 6.875 -5 -23
v 7.875 -6 -23
v 7.875 -6 -23
v 7.875 -5 -24
v 7.875 -5 -23
v 7.875 -6 -24
v 7.875 -6 -24
v 7.875 -5 -25
v 7.875 -5 -24
v 7.875 -6 -25
v 7.875 -6 -25
v 7.875 -5 -26
v 7.875 -5 -25
v 7.875 -6 -26
v 7.875 -6 -26
v 7.875 -5 -27
v 7.875 -5 -26
v 7.875 -6 -27
v 6.875 -6 -26
v 5.875 -6 -27
v 6.875 -6 -27
v 5.875 -6 -26
v 6.875 -6 -24
v 5.875 -6 -25
v 6.875 -6 -25
v 5.875 -6 -24
v 6.875 -6 -25
v 5.875 -6 -26
v 6.875 -6 -26
v 5.875 -6 -25
v 4.875 -6 -26
v 3.875 -6 -27
v 4.875 -6 -27
v 3.875 -6 -26
v 7.875 -6 -26
v 6.875 -6 -27
v 7.875 -6 -27
v 6.875 -6 -26
v 7.875 -6 -25
v 6.875 -6 -26
v 7.875 -6 -26
v 6.875 -6 -25
v 7.875 -6 -24
v 6.875 -6 -25
v 7.875 -6 -25
v 6.875 -6 -24
v 7.875 -6 -23
v 6.875 -6 -24
v 7.875 -6 -24
v 6.875 -6 -23
v 6.875 -6 -23
v 5.875 -6 -24
v 6.875 -6 -24
v 5.875 -6 -23
v 5.875 -6 -24
v 4.875 -6 -25
v 5.875 -6 -25
v 4.875 -6 -24
v 4.875 -6 -24
v 3.875 -6 -25
v 4.875 -6 -25
v 3.875 -6 -24
v 5.875 -6 -23
v 4.875 -6 -24
v 5.875 -6 -24
v 4.875 -6 -23
v 4.875 -6 -23
v 3.875 -6 -24
v 4.875 -6 -24
v 3.875 -6 -23
v 4.875 -6 -25
v 3.875 -6 -26
v 4.875 -6 -26
v 3.875 -6 -25
v 5.875 -6 -25
v 4.875 -6 -26
v 5.875 -6 -26
v 4.875 -6 -25
v 5.875 -6 -26
v 4.875 -6 -27
v 5.875 -6 -27
v 4.875 -6 -26
v 7.875 -5 -27
v 6.875 -5 -28
v 6.875 -5 -27
v 7.875 -5 -28
v 7.875 -5 -28
v 6.875 -5 -29
v 6.875 -5 -28
v 7.875 -5 -29
v 7.875 -5 -29
v 6.875 -5 -30
v 6.875 -5 -29
v 7.875 -5 -30
v 4.875 -5 -27
v 3.875 -5 -26
v 4.875 -5 -26
v 3.875 -5 -27
v 4.875 -5 -29
v 3.875 -5 -30
v 3.875 -5 -29
v 4.875 -5 -30
v 4.875 -5 -28
v 3.875 -5 -29
v 3.875 -5 -28
v 4.875 -5 -29
v 4.875 -5 -27
v 3.875 -5 -28
v 3.875 -5 -27
v 4.875 -5 -28
v 5.875 -5 -27
v 4.875 -5 -28
v 4.875 -5 -27
v 5.875 -5 -28
v 6.875 -5 -27
v 5.875 -5 -28
v 5.875 -5 -27
v 6.875 -5 -28
v 4.875 -5 -30
v 3.875 -5 -31
v 3.875 -5 -30
v 4.875 -5 -31
v 5.875 -5 -30
v 4.875 -5 -31
v 4.875 -5 -30
v 5.875 -5 -31
v 6.875 -5 -30
v 5.875 -5 -31
v 5.875 -5 -30
v 6.875 -5 -31
v 6.875 -5 -29
v 5.875 -5 -30
v 5.875 -5 -29
v 6.875 -5 -30
v 5.875 -5 -29
v 4.875 -5 -30
v 4.875 -5 -29
v 5.875 -5 -30
v 5.875 -5 -28
v 4.875 -5 -29
v 4.875 -5 -28
v 5.875 -5 -29
v 6.875 -5 -28
v 5.875 -5 -29
v 5.875 -5 -28
v 6.875 -5 -29
v 7.875 -5 -31
v 6.875 -5 -32
v 6.875 -5 -31
v 7.875 -5 -32
v 6.875 -5 -31
v 5.875 -5 -32
v 5.875 -5 -31
v 6.875 -5 -32
v 5.875 -5 -31
v 4.875 -5 -32
v 4.875 -5 -31
v 5.875 -5 -32
v 4.875 -5 -31
v 3.875 -5 -32
v 3.875 -5 -31
v 4.875 -5 -32
v 4.875 -5 -32
v 3.875 -5 -33
v 3.875 -5 -32
v 4.875 -5 -33
v 5.875 -5 -32
v 4.875 -5 -33
v 4.875 -5 -32
v 5.875 -5 -33
v 6.875 -5 -32
v 5.875 -5 -33
v 5.875 -5 -32
v 6.875 -5 -33
v 7.875 -5 -32
v 6.875 -5 -33
v 6.875 -5 -32
v 7.875 -5 -33
v 6.875 -5 -33
v 5.875 -5 -34
v 5.875 -5 -33
v 6.875 -5 -34
v 5.875 -5 -33
v 4.875 -5 -34
v 4.875 -5 -33
v 5.875 -5 -34
v 4.875 -5 -33
v 3.875 -5 -34
v 3.875 -5 -33
v 4.875 -5 -34
v 7.875 -5 -33
v 6.875 -5 -34
v 6.875 -5 -33
v 7.875 -5 -34
v 4.875 -5 -34
v 3.875 -5 -35
v 3.875 -5 -34
v 4.875 -5 -35
v 5.875 -5 -34
v 4.875 -5 -35
v 4.875 -5 -34
v 5.875 -5 -35
v 6.875 -5 -34
v 5.875 -5 -35
v 5.875 -5 -34
v 6.875 -5 -35
v 7.875 -5 -34
v 6.875 -5 -35
v 6.875 -5 -34
v 7.875 -5 -35
v 4.875 -5 -35
v 3.875 -5 -36
v 3.875 -5 -35
v 4.875 -5 -36
v 5.875 -5 -35
v 4.875 -5 -36
v 4.875 -5 -35
v 5.875 -5 -36
v 6.875 -5 -35
v 5.875 -5 -36
v 5.875 -5 -35
v 6.875 -5 -36
v 7.875 -5 -35
v 6.875 -5 -36
v 6.875 -5 -35
v 7.875 -5 -36
v 7.875 -5 -36
v 6.875 -5 -37
v 6.875 -5 -36
v 7.875 -5 -37
v 6.875 -5 -36
v 5.875 -5 -37
v 5.875 -5 -36
v 6.875 -5 -37
v 5.875 -5 -36
v 4.875 -5 -37
v 4.875 -5 -36
v 5.875 -5 -37
v 4.875 -5 -36
v 3.875 -5 -37
v 3.875 -5 -36
v 4.875 -5 -37
v 4.875 -5 -37
v 3.875 -5 -38
v 3.875 -5 -37
v 4.875 -5 -38
v 5.875 -5 -37
v 4.875 -5 -38
v 4.875 -5 -37
v 5.875 -5 -38
v 6.875 -5 -37
v 5.875 -5 -38
v 5.875 -5 -37
v 6.875 -5 -38
v 4.875 -5 -38
v 3.875 -5 -39
v 3.875 -5 -38
v 4.875 -5 -39
v 5.875 -5 -38
v 4.875 -5 -39
v 4.875 -5 -38
v 5.875 -5 -39
v 6.875 -5 -38
v 5.875 -5 -39
v 5.875 -5 -38
v 6.875 -5 -39
v 7.875 -5 -38
v 6.875 -5 -39
v 6.875 -5 -38
v 7.875 -5 -39
v 7.875 -5 -37
v 6.875 -5 -38
v 6.875 -5 -37
v 7.875 -5 -38
v 7.875 -6 -27
v 7.875 -5 -28
v 7.875 -5 -27
v 7.875 -6 -28
v 7.875 -6 -28
v 7.875 -5 -29
v 7.875 -5 -28
v 7.875 -6 -29
v 7.875 -6 -29
v 7.875 -5 -30
v 7.875 -5 -29
v 7.875 -6 -30
v 7.875 -6 -30
v 7.875 -5 -31
v 7.875 -5 -30
v 7.875 -6 -31
v 7.875 -6 -31
v 7.875 -5 -32
v 7.875 -5 -31
v 7.875 -6 -32
v 7.875 -6 -32
v 7.875 -5 -33
v 7.875 -5 -32
v 7.875 -6 -33
v 7.875 -6 -33
v 7.875 -5 -34
v 7.875 -5 -33
v 7.875 -6 -34
v 7.875 -6 -34
v 7.875 -5 -35
v 7.875 -5 -34
v 7.875 -6 -35
v 7.875 -6 -35
v 7.875 -5 -36
v 7.875 -5 -35
v 7.875 -6 -36
v 7.875 -6 -36
v 7.875 -5 -37
v 7.875 -5 -36
v 7.875 -6 -37
v 7.875 -6 -37
v 7.875 -5 -38
v 7.875 -5 -37
v 7.875 -6 -38
v 7.875 -6 -38
v 7.875 -5 -39
v 7.875 -5 -38
v 7.875 -6 -39
v 3.875 -6 -28
v 3.875 -5 -27
v 3.875 -5 -28
v 3.875 -6 -27
v 3.875 -6 -29
v 3.875 -5 -28
v 3.875 -5 -29
v 3.875 -6 -28
v 3.875 -6 -30
v 3.875 -5 -29
v 3.875 -5 -30
v 3.875 -6 -29
v 3.875 -6 -31
v 3.875 -5 -30
v 3.875 -5 -31
v 3.875 -6 -30
v 3.875 -6 -32
v 3.875 -5 -31
v 3.875 -5 -32
v 3.875 -6 -31
v 3.875 -6 -33
v 3.875 -5 -32
v 3.875 -5 -33
v 3.875 -6 -32
v 3.875 -6 -34
v 3.875 -5 -33
v 3.875 -5 -34
v 3.875 -6 -33
v 3.875 -6 -36
v 3.875 -5 -35
v 3.875 -5 -36
v 3.875 -6 -35
v 3.875 -6 -37
v 3.875 -5 -36
v 3.875 -5 -37
v 3.875 -6 -36
v 3.875 -6 -38
v 3.875 -5 -37
v 3.875 -5 -38
v 3.875 -6 -37
v 3.875 -6 -39
v 3.875 -5 -38
v 3.875 -5 -39
v 3.875 -6 -38
v 3.875 -6 -35
v 3.875 -5 -34
v 3.875 -5 -35
v 3.875 -6 -34
v 7.875 -6 -39
v 6.875 -5 -39
v 7.875 -5 -39
v 6.875 -6 -39
v 6.875 -6 -39
v 5.875 -5 -39
v 6.875 -5 -39
v 5.875 -6 -39
v 5.875 -6 -39
v 4.875 -5 -39
v 5.875 -5 -39
v 4.875 -6 -39
v 4.875 -6 -39
v 3.875 -5 -39
v 4.875 -5 -39
v 3.875 -6 -39
v 7.875 -6 -38
v 6.875 -6 -39
v 7.875 -6 -39
v 6.875 -6 -38
v 7.875 -6 -37
v 6.875 -6 -38
v 7.875 -6 -38
v 6.875 -6 -37
v 7.875 -6 -36
v 6.875 -6 -37
v 7.875 -6 -37
v 6.875 -6 -36
v 7.875 -6 -35
v 6.875 -6 -36
v 7.875 -6 -36
v 6.875 -6 -35
v 6.875 -6 -35
v 5.875 -6 -36
v 6.875 -6 -36
v 5.875 -6 -35
v 5.875 -6 -35
v 4.875 -6 -36
v 5.875 -6 -36
v 4.875 -6 -35
v 4.875 -6 -35
v 3.875 -6 -36
v 4.875 -6 -36
v 3.875 -6 -35
v 4.875 -6 -36
v 3.875 -6 -37
v 4.875 -6 -37
v 3.875 -6 -36
v 4.875 -6 -37
v 3.875 -6 -38
v 4.875 -6 -38
v 3.875 -6 -37
v 4.875 -6 -38
v 3.875 -6 -39
v 4.875 -6 -39
v 3.875 -6 -38
v 5.875 -6 -38
v 4.875 -6 -39
v 5.875 -6 -39
v 4.875 -6 -38
v 6.875 -6 -38
v 5.875 -6 -39
v 6.875 -6 -39
v 5.875 -6 -38
v 6.875 -6 -37
v 5.875 -6 -38
v 6.875 -6 -38
v 5.875 -6 -37
v 6.875 -6 -36
v 5.875 -6 -37
v 6.875 -6 -37
v 5.875 -6 -36
v 5.875 -6 -36
v 4.875 -6 -37
v 5.875 -6 -37
v 4.875 -6 -36
v 5.875 -6 -37
v 4.875 -6 -38
v 5.875 -6 -38
v 4.875 -6 -37
v 7.875 -6 -34
v 6.875 -6 -35
v 7.875 -6 -35
v 6.875 -6 -34
v 7.875 -6 -33
v 6.875 -6 -34
v 7.875 -6 -34
v 6.875 -6 -33
v 7.875 -6 -32
v 6.875 -6 -33
v 7.875 -6 -33
v 6.875 -6 -32
v 7.875 -6 -31
v 6.875 -6 -32
v 7.875 -6 -32
v 6.875 -6 -31
v 7.875 -6 -29
v 6.875 -6 -30
v 7.875 -6 -30
v 6.875 -6 -29
v 7.875 -6 -28
v 6.875 -6 -29
v 7.875 -6 -29
v 6.875 -6 -28
v 7.875 -6 -27
v 6.875 -6 -28
v 7.875 -6 -28
v 6.875 -6 -27
v 7.875 -6 -30
v 6.875 -6 -31
v 7.875 -6 -31
v 6.875 -6 -30
v 4.875 -6 -27
v 3.875 -6 -28
v 4.875 -6 -28
v 3.875 -6 -27
v 4.875 -6 -28
v 3.875 -6 -29
v 4.875 -6 -29
v 3.875 -6 -28
v 4.875 -6 -29
v 3.875 -6 -30
v 4.875 -6 -30
v 3.875 -6 -29
v 4.875 -6 -30
v 3.875 -6 -31
v 4.875 -6 -31
v 3.875 -6 -30
v 4.875 -6 -31
v 3.875 -6 -32
v 4.875 -6 -32
v 3.875 -6 -31
v 4.875 -6 -32
v 3.875 -6 -33
v 4.875 -6 -33
v 3.875 -6 -32
v 4.875 -6 -33
v 3.875 -6 -34
v 4.875 -6 -34
v 3.875 -6 -33
v 4.875 -6 -34
v 3.875 -6 -35
v 4.875 -6 -35
v 3.875 -6 -34
v 5.875 -6 -34
v 4.875 -6 -35
v 5.875 -6 -35
v 4.875 -6 -34
v 6.875 -6 -34
v 5.875 -6 -35
v 6.875 -6 -35
v 5.875 -6 -34
v 6.875 -6 -27
v 5.875 -6 -28
v 6.875 -6 -28
v 5.875 -6 -27
v 5.875 -6 -28
v 4.875 -6 -29
v 5.875 -6 -29
v 4.875 -6 -28
v 5.875 -6 -27
v 4.875 -6 -28
v 5.875 -6 -28
v 4.875 -6 -27
v 6.875 -6 -28
v 5.875 -6 -29
v 6.875 -6 -29
v 5.875 -6 -28
v 6.875 -6 -29
v 5.875 -6 -30
v 6.875 -6 -30
v 5.875 -6 -29
v 6.875 -6 -30
v 5.875 -6 -31
v 6.875 -6 -31
v 5.875 -6 -30
v 6.875 -6 -32
v 5.875 -6 -33
v 6.875 -6 -33
v 5.875 -6 -32
v 6.875 -6 -33
v 5.875 -6 -34
v 6.875 -6 -34
v 5.875 -6 -33
v 5.875 -6 -33
v 4.875 -6 -34
v 5.875 -6 -34
v 4.875 -6 -33
v 6.875 -6 -31
v 5.875 -6 -32
v 6.875 -6 -32
v 5.875 -6 -31
v 5.875 -6 -30
v 4.875 -6 -31
v 5.875 -6 -31
v 4.875 -6 -30
v 5.875 -6 -31
v 4.875 -6 -32
v 5.875 -6 -32
v 4.875 -6 -31
v 5.875 -6 -32
v 4.875 -6 -33
v 5.875 -6 -33
v 4.875 -6 -32
v 5.875 -6 -29
v 4.875 -6 -30
v 5.875 -6 -30
v 4.875 -6 -29
v 7.875 -5 -40
v 7.875 -4 -39
v 7.875 -4 -40
v 7.875 -5 -39
v 7.875 -4 -40
v 7.875 -3 -39
v 7.875 -3 -40
v 7.875 -4 -39
v 7.875 -3 -40
v 7.875 -2 -39
v 7.875 -2 -40
v 7.875 -3 -39
v 7.875 -2 -40
v 7.875 -1 -39
v 7.875 -1 -40
v 7.875 -2 -39
v 7.875 -2 -42
v 7.875 -1 -41
v 7.875 -1 -42
v 7.875 -2 -41
v 7.875 -2 -43
v 7.875 -1 -42
v 7.875 -1 -43
v 7.875 -2 -42
v 7.875 -2 -41
v 7.875 -1 -40
v 7.875 -1 -41
v 7.875 -2 -40
v 7.875 -3 -43
v 7.875 -2 -42
v 7.875 -2 -43
v 7.875 -3 -42
v 7.875 -4 -43
v 7.875 -3 -42
v 7.875 -3 -43
v 7.875 -4 -42
v 7.875 -5 -43
v 7.875 -4 -42
v 7.875 -4 -43
v 7.875 -5 -42
v 7.875 -5 -42
v 7.875 -4 -41
v 7.875 -4 -42
v 7.875 -5 -41
v 7.875 -5 -41
v 7.875 -4 -40
v 7.875 -4 -41
v 7.875 -5 -40
v 7.875 -4 -41
v 7.875 -3 -40
v 7.875 -3 -41
v 7.875 -4 -40
v 7.875 -3 -41
v 7.875 -2 -40
v 7.875 -2 -41
v 7.875 -3 -40
v 7.875 -3 -42
v 7.875 -2 -41
v 7.875 -2 -42
v 7.875 -3 -41
v 7.875 -4 -42
v 7.875 -3 -41
v 7.875 -3 -42
v 7.875 -4 -41
v 7.875 -4 -39
v 8.875 -3 -39
v 7.875 -3 -39
v 8.875 -4 -39
v 7.875 -3 -39
v 8.875 -2 -39
v 7.875 -2 -39
v 8.875 -3 -39
v 7.875 -5 -39
v 8.875 -4 -39
v 7.875 -4 -39
v 8.875 -5 -39
v 7.875 -2 -39
v 8.875 -1 -39
v 7.875 -1 -39
v 8.875 -2 -39
v 7.875 -5 -39
v 8.875 -5 -40
v 8.875 -5 -39
v 7.875 -5 -40
v 7.875 -5 -40
v 8.875 -5 -41
v 8.875 -5 -40
v 7.875 -5 -41
v 7.875 -5 -41
v 8.875 -5 -42
v 8.875 -5 -41
v 7.875 -5 -42
v 7.875 -5 -42
v 8.875 -5 -43
v 8.875 -5 -42
v 7.875 -5 -43
v 8.875 -1 -39
v 7.875 -1 -40
v 7.875 -1 -39
v 8.875 -1 -40
v 8.875 -1 -40
v 7.875 -1 -41
v 7.875 -1 -40
v 8.875 -1 -41
v 8.875 -1 -41
v 7.875 -1 -42
v 7.875 -1 -41
v 8.875 -1 -42
v 8.875 -1 -42
v 7.875 -1 -43
v 7.875 -1 -42
v 8.875 -1 -43
v -3.125 6 -30
v -2.125 6 -29
v -2.125 6 -30
v -3.125 6 -29
v -4.125 6 -30
v -3.125 6 -29
v -3.125 6 -30
v -4.125 6 -29
v -3.125 6 -31
v -2.125 6 -30
v -2.125 6 -31
v -3.125 6 -30
v -4.125 6 -31
v -3.125 6 -30
v -3.125 6 -31
v -4.125 6 -30
v 8.875 -2 -42
v 8.875 -1 -43
v 8.875 -1 -42
v 8.875 -2 -43
v 8.875 -2 -41
v 8.875 -1 -42
v 8.875 -1 -41
v 8.875 -2 -42
v 8.875 -2 -40
v 8.875 -1 -41
v 8.875 -1 -40
v 8.875 -2 -41
v 8.875 -2 -39
v 8.875 -1 -40
v 8.875 -1 -39
v 8.875 -2 -40
v 8.875 -3 -40
v 8.875 -2 -41
v 8.875 -2 -40
v 8.875 -3 -41
v 8.875 -4 -40
v 8.875 -3 -41
v 8.875 -3 -40
v 8.875 -4 -41
v 8.875 -3 -39
v 8.875 -2 -40
v 8.875 -2 -39
v 8.875 -3 -40
v 8.875 -4 -39
v 8.875 -3 -40
v 8.875 -3 -39
v 8.875 -4 -40
v 8.875 -5 -39
v 8.875 -4 -40
v 8.875 -4 -39
v 8.875 -5 -40
v 8.875 -5 -40
v 8.875 -4 -41
v 8.875 -4 -40
v 8.875 -5 -41
v 8.875 -5 -41
v 8.875 -4 -42
v 8.875 -4 -41
v 8.875 -5 -42
v 8.875 -5 -42
v 8.875 -4 -43
v 8.875 -4 -42
v 8.875 -5 -43
v 8.875 -4 -42
v 8.875 -3 -43
v 8.875 -3 -42
v 8.875 -4 -43
v 8.875 -3 -42
v 8.875 -2 -43
v 8.875 -2 -42
v 8.875 -3 -43
v 8.875 -3 -41
v 8.875 -2 -42
v 8.875 -2 -41
v 8.875 -3 -42
v 8.875 -4 -41
v 8.875 -3 -42
v 8.875 -3 -41
v 8.875 -4 -42
v -0.125 -5 -48
v -0.125 -4 -49
v -0.125 -4 -48
v -0.125 -5 -49
v -0.125 -5 -47
v -0.125 -4 -48
v -0.125 -4 -47
v -0.125 -5 -48
v -0.125 -5 -46
v -0.125 -4 -47
v -0.125 -4 -46
v -0.125 -5 -47
v -0.125 -5 -45
v -0.125 -4 -46
v -0.125 -4 -45
v -0.125 -5 -46
v -0.125 -4 -45
v -0.125 -3 -46
v -0.125 -3 -45
v -0.125 -4 -46
v -0.125 -3 -45
v -0.125 -2 -46
v -0.125 -2 -45
v -0.125 -3 -46
v -0.125 -2 -45
v -0.125 -1 -46
v -0.125 -1 -45
v -0.125 -2 -46
v -0.125 -2 -46
v -0.125 -1 -47
v -0.125 -1 -46
v -0.125 -2 -47
v -0.125 -2 -47
v -0.125 -1 -48
v -0.125 -1 -47
v -0.125 -2 -48
v -0.125 -2 -48
v -0.125 -1 -49
v -0.125 -1 -48
v -0.125 -2 -49
v -0.125 -3 -48
v -0.125 -2 -49
v -0.125 -2 -48
v -0.125 -3 -49
v -0.125 -3 -47
v -0.125 -2 -48
v -0.125 -2 -47
v -0.125 -3 -48
v -0.125 -3 -46
v -0.125 -2 -47
v -0.125 -2 -46
v -0.125 -3 -47
v -0.125 -4 -46
v -0.125 -3 -47
v -0.125 -3 -46
v -0.125 -4 -47
v -0.125 -4 -47
v -0.125 -3 -48
v -0.125 -3 -47
v -0.125 -4 -48
v -0.125 -4 -48
v -0.125 -3 -49
v -0.125 -3 -48
v -0.125 -4 -49
v -0.125 -5 -49
v -1.125 -4 -49
v -0.125 -4 -49
v -1.125 -5 -49
v -0.125 -4 -49
v -1.125 -3 -49
v -0.125 -3 -49
v -1.125 -4 -49
v -0.125 -3 -49
v -1.125 -2 -49
v -0.125 -2 -49
v -1.125 -3 -49
v -0.125 -2 -49
v -1.125 -1 -49
v -0.125 -1 -49
v -1.125 -2 -49
v -0.125 -5 -49
v -1.125 -5 -48
v -1.125 -5 -49
v -0.125 -5 -48
v -0.125 -5 -48
v -1.125 -5 -47
v -1.125 -5 -48
v -0.125 -5 -47
v -0.125 -5 -47
v -1.125 -5 -46
v -1.125 -5 -47
v -0.125 -5 -46
v -0.125 -5 -46
v -1.125 -5 -45
v -1.125 -5 -46
v -0.125 -5 -45
v -1.125 -5 -45
v -0.125 -4 -45
v -1.125 -4 -45
v -0.125 -5 -45
v -1.125 -4 -45
v -0.125 -3 -45
v -1.125 -3 -45
v -0.125 -4 -45
v -1.125 -3 -45
v -0.125 -2 -45
v -1.125 -2 -45
v -0.125 -3 -45
v -1.125 -2 -45
v -0.125 -1 -45
v -1.125 -1 -45
v -0.125 -2 -45
v -1.125 -1 -46
v -0.125 -1 -45
v -0.125 -1 -46
v -1.125 -1 -45
v -1.125 -1 -47
v -0.125 -1 -46
v -0.125 -1 -47
v -1.125 -1 -46
v -1.125 -1 -48
v -0.125 -1 -47
v -0.125 -1 -48
v -1.125 -1 -47
v -1.125 -1 -49
v -0.125 -1 -48
v -0.125 -1 -49
v -1.125 -1 -48
v -1.125 -2 -46
v -1.125 -1 -45
v -1.125 -1 -46
v -1.125 -2 -45
v -1.125 -2 -47
v -1.125 -1 -46
v -1.125 -1 -47
v -1.125 -2 -46
v -1.125 -2 -48
v -1.125 -1 -47
v -1.125 -1 -48
v -1.125 -2 -47
v -1.125 -2 -49
v -1.125 -1 -48
v -1.125 -1 -49
v -1.125 -2 -48
v -1.125 -3 -49
v -1.125 -2 -48
v -1.125 -2 -49
v -1.125 -3 -48
v -1.125 -3 -48
v -1.125 -2 -47
v -1.125 -2 -48
v -1.125 -3 -47
v -1.125 -3 -47
v -1.125 -2 -46
v -1.125 -2 -47
v -1.125 -3 -46
v -1.125 -3 -46
v -1.125 -2 -45
v -1.125 -2 -46
v -1.125 -3 -45
v -1.125 -4 -46
v -1.125 -3 -45
v -1.125 -3 -46
v -1.125 -4 -45
v -1.125 -4 -47
v -1.125 -3 -46
v -1.125 -3 -47
v -1.125 -4 -46
v -1.125 -4 -48
v -1.125 -3 -47
v -1.125 -3 -48
v -1.125 -4 -47
v -1.125 -4 -49
v -1.125 -3 -48
v -1.125 -3 -49
v -1.125 -4 -48
v -1.125 -5 -49
v -1.125 -4 -48
v -1.125 -4 -49
v -1.125 -5 -48
v -1.125 -5 -48
v -1.125 -4 -47
v -1.125 -4 -48
v -1.125 -5 -47
v -1.125 -5 -47
v -1.125 -4 -46
v -1.125 -4 -47
v -1.125 -5 -46
v -1.125 -5 -46
v -1.125 -4 -45
v -1.125 -4 -46
v -1.125 -5 -45
v -1.125 5 -28
v -2.125 5 -29
v -1.125 5 -29
v -2.125 5 -28
v -1.125 5 -29
v -2.125 5 -30
v -1.125 5 -30
v -2.125 5 -29
v -1.125 5 -30
v -2.125 5 -31
v -1.125 5 -31
v -2.125 5 -30
v -1.125 5 -31
v -2.125 5 -32
v -1.125 5 -32
v -2.125 5 -31
v -2.125 5 -31
v -3.125 5 -32
v -2.125 5 -32
v -3.125 5 -31
v -3.125 5 -31
v -4.125 5 -32
v -3.125 5 -32
v -4.125 5 -31
v -3.125 5 -30
v -4.125 5 -31
v -3.125 5 -31
v -4.125 5 -30
v -3.125 5 -29
v -4.125 5 -30
v -3.125 5 -30
v -4.125 5 -29
v -3.125 5 -28
v -4.125 5 -29
v -3.125 5 -29
v -4.125 5 -28
v -2.125 5 -28
v -3.125 5 -29
v -2.125 5 -29
v -3.125 5 -28
v -2.125 5 -29
v -3.125 5 -30
v -2.125 5 -30
v -3.125 5 -29
v -2.125 5 -30
v -3.125 5 -31
v -2.125 5 -31
v -3.125 5 -30
v -4.125 5 -31
v -5.125 5 -32
v -4.125 5 -32
v -5.125 5 -31
v -4.125 5 -30
v -5.125 5 -31
v -4.125 5 -31
v -5.125 5 -30
v -4.125 5 -29
v -5.125 5 -30
v -4.125 5 -30
v -5.125 5 -29
v -4.125 5 -28
v -5.125 5 -29
v -4.125 5 -29
v -5.125 5 -28
v -4.125 5 -33
v -5.125 5 -34
v -4.125 5 -34
v -5.125 5 -33
v -4.125 5 -32
v -5.125 5 -33
v -4.125 5 -33
v -5.125 5 -32
v -3.125 5 -32
v -4.125 5 -33
v -3.125 5 -33
v -4.125 5 -32
v -2.125 5 -32
v -3.125 5 -33
v -2.125 5 -33
v -3.125 5 -32
v -1.125 5 -32
v -2.125 5 -33
v -1.125 5 -33
v -2.125 5 -32
v -1.125 5 -33
v -2.125 5 -34
v -1.125 5 -34
v -2.125 5 -33
v -2.125 5 -33
v -3.125 5 -34
v -2.125 5 -34
v -3.125 5 -33
v -3.125 5 -34
v -4.125 5 -35
v -3.125 5 -35
v -4.125 5 -34
v -3.125 5 -33
v -4.125 5 -34
v -3.125 5 -34
v -4.125 5 -33
v -4.125 5 -34
v -5.125 5 -35
v -4.125 5 -35
v -5.125 5 -34
v -2.125 5 -34
v -3.125 5 -35
v -2.125 5 -35
v -3.125 5 -34
v -1.125 5 -34
v -2.125 5 -35
v -1.125 5 -35
v -2.125 5 -34
v -1.125 5 -35
v -2.125 5 -36
v -1.125 5 -36
v -2.125 5 -35
v -2.125 5 -35
v -3.125 5 -36
v -2.125 5 -36
v -3.125 5 -35
v -3.125 5 -35
v -4.125 5 -36
v -3.125 5 -36
v -4.125 5 -35
v -4.125 5 -35
v -5.125 5 -36
v -4.125 5 -36
v -5.125 5 -35
v -1.125 5 -36
v -2.125 5 -37
v -1.125 5 -37
v -2.125 5 -36
v -2.125 5 -36
v -3.125 5 -37
v -2.125 5 -37
v -3.125 5 -36
v -3.125 5 -36
v -4.125 5 -37
v -3.125 5 -37
v -4.125 5 -36
v -4.125 5 -36
v -5.125 5 -37
v -4.125 5 -37
v -5.125 5 -36
v -4.125 5 -37
v -5.125 5 -38
v -4.125 5 -38
v -5.125 5 -37
v -3.125 5 -37
v -4.125 5 -38
v -3.125 5 -38
v -4.125 5 -37
v -2.125 5 -37
v -3.125 5 -38
v -2.125 5 -38
v -3.125 5 -37
v -1.125 5 -37
v -2.125 5 -38
v -1.125 5 -38
v -2.125 5 -37
v -1.125 5 -38
v -2.125 5 -39
v -1.125 5 -39
v -2.125 5 -38
v -2.125 5 -38
v -3.125 5 -39
v -2.125 5 -39
v -3.125 5 -38
v -3.125 5 -38
v -4.125 5 -39
v -3.125 5 -39
v -4.125 5 -38
v -4.125 5 -38
v -5.125 5 -39
v -4.125 5 -39
v -5.125 5 -38
v -4.125 5 -39
v -5.125 5 -40
v -4.125 5 -40
v -5.125 5 -39
v -3.125 5 -39
v -4.125 5 -40
v -3.125 5 -40
v -4.125 5 -39
v -2.125 5 -39
v -3.125 5 -40
v -2.125 5 -40
v -3.125 5 -39
v -1.125 5 -39
v -2.125 5 -40
v -1.125 5 -40
v -2.125 5 -39
v -1.125 5 -28
v -1.125 6 -29
v -1.125 6 -28
v -1.125 5 -29
v -1.125 5 -29
v -1.125 6 -30
v -1.125 6 -29
v -1.125 5 -30
v -1.125 5 -39
v -1.125 6 -40
v -1.125 6 -39
v -1.125 5 -40
v -1.125 5 -37
v -1.125 6 -38
v -1.125 6 -37
v -1.125 5 -38
v -1.125 5 -38
v -1.125 6 -39
v -1.125 6 -38
v -1.125 5 -39
v -1.125 5 -30
v -1.125 6 -31
v -1.125 6 -30
v -1.125 5 -31
v -1.125 5 -31
v -1.125 6 -32
v -1.125 6 -31
v -1.125 5 -32
v -1.125 5 -32
v -1.125 6 -33
v -1.125 6 -32
v -1.125 5 -33
v -1.125 5 -33
v -1.125 6 -34
v -1.125 6 -33
v -1.125 5 -34
v -1.125 5 -34
v -1.125 6 -35
v -1.125 6 -34
v -1.125 5 -35
v -1.125 5 -35
v -1.125 6 -36
v -1.125 6 -35
v -1.125 5 -36
v -1.125 5 -36
v -1.125 6 -37
v -1.125 6 -36
v -1.125 5 -37
v -2.125 5 -28
v -1.125 6 -28
v -2.125 6 -28
v -1.125 5 -28
v -3.125 5 -28
v -2.125 6 -28
v -3.125 6 -28
v -2.125 5 -28
v -4.125 5 -28
v -3.125 6 -28
v -4.125 6 -28
v -3.125 5 -28
v -5.125 5 -28
v -4.125 6 -28
v -5.125 6 -28
v -4.125 5 -28
v -1.125 5 -40
v -2.125 6 -40
v -1.125 6 -40
v -2.125 5 -40
v -2.125 5 -40
v -3.125 6 -40
v -2.125 6 -40
v -3.125 5 -40
v -3.125 5 -40
v -4.125 6 -40
v -3.125 6 -40
v -4.125 5 -40
v -4.125 5 -40
v -5.125 6 -40
v -4.125 6 -40
v -5.125 5 -40
v -5.125 5 -40
v -5.125 6 -39
v -5.125 6 -40
v -5.125 5 -39
v -5.125 5 -39
v -5.125 6 -38
v -5.125 6 -39
v -5.125 5 -38
v -5.125 5 -38
v -5.125 6 -37
v -5.125 6 -38
v -5.125 5 -37
v -5.125 5 -37
v -5.125 6 -36
v -5.125 6 -37
v -5.125 5 -36
v -5.125 5 -36
v -5.125 6 -35
v -5.125 6 -36
v -5.125 5 -35
v -5.125 5 -35
v -5.125 6 -34
v -5.125 6 -35
v -5.125 5 -34
v -5.125 5 -34
v -5.125 6 -33
v -5.125 6 -34
v -5.125 5 -33
v -5.125 5 -33
v -5.125 6 -32
v -5.125 6 -33
v -5.125 5 -32
v -5.125 5 -31
v -5.125 6 -30
v -5.125 6 -31
v -5.125 5 -30
v -5.125 5 -30
v -5.125 6 -29
v -5.125 6 -30
v -5.125 5 -29
v -5.125 5 -29
v -5.125 6 -28
v -5.125 6 -29
v -5.125 5 -28
v -5.125 5 -32
v -5.125 6 -31
v -5.125 6 -32
v -5.125 5 -31
v -5.125 6 -40
v -4.125 6 -39
v -4.125 6 -40
v -5.125 6 -39
v -4.125 6 -40
v -3.125 6 -39
v -3.125 6 -40
v -4.125 6 -39
v -3.125 6 -40
v -2.125 6 -39
v -2.125 6 -40
v -3.125 6 -39
v -2.125 6 -40
v -1.125 6 -39
v -1.125 6 -40
v -2.125 6 -39
v -2.125 6 -39
v -1.125 6 -38
v -1.125 6 -39
v -2.125 6 -38
v -2.125 6 -38
v -1.125 6 -37
v -1.125 6 -38
v -2.125 6 -37
v -2.125 6 -37
v -1.125 6 -36
v -1.125 6 -37
v -2.125 6 -36
v -3.125 6 -37
v -2.125 6 -36
v -2.125 6 -37
v -3.125 6 -36
v -4.125 6 -37
v -3.125 6 -36
v -3.125 6 -37
v -4.125 6 -36
v -5.125 6 -38
v -4.125 6 -37
v -4.125 6 -38
v -5.125 6 -37
v -5.125 6 -39
v -4.125 6 -38
v -4.125 6 -39
v -5.125 6 -38
v -4.125 6 -38
v -3.125 6 -37
v -3.125 6 -38
v -4.125 6 -37
v -3.125 6 -38
v -2.125 6 -37
v -2.125 6 -38
v -3.125 6 -37
v -3.125 6 -39
v -2.125 6 -38
v -2.125 6 -39
v -3.125 6 -38
v -4.125 6 -39
v -3.125 6 -38
v -3.125 6 -39
v -4.125 6 -38
v -5.125 6 -37
v -4.125 6 -36
v -4.125 6 -37
v -5.125 6 -36
v -3.125 6 -36
v -2.125 6 -35
v -2.125 6 -36
v -3.125 6 -35
v -4.125 6 -36
v -3.125 6 -35
v -3.125 6 -36
v -4.125 6 -35
v -5.125 6 -36
v -4.125 6 -35
v -4.125 6 -36
v -5.125 6 -35
v -2.125 6 -36
v -1.125 6 -35
v -1.125 6 -36
v -2.125 6 -35
v -2.125 6 -35
v -1.125 6 -34
v -1.125 6 -35
v -2.125 6 -34
v -3.125 6 -35
v -2.125 6 -34
v -2.125 6 -35
v -3.125 6 -34
v -4.125 6 -35
v -3.125 6 -34
v -3.125 6 -35
v -4.125 6 -34
v -5.125 6 -35
v -4.125 6 -34
v -4.125 6 -35
v -5.125 6 -34
v -5.125 6 -34
v -4.125 6 -33
v -4.125 6 -34
v -5.125 6 -33
v -4.125 6 -34
v -3.125 6 -33
v -3.125 6 -34
v -4.125 6 -33
v -3.125 6 -34
v -2.125 6 -33
v -2.125 6 -34
v -3.125 6 -33
v -2.125 6 -34
v -1.125 6 -33
v -1.125 6 -34
v -2.125 6 -33
v -3.125 6 -33
v -2.125 6 -32
v -2.125 6 -33
v -3.125 6 -32
v -4.125 6 -33
v -3.125 6 -32
v -3.125 6 -33
v -4.125 6 -32
v -5.125 6 -33
v -4.125 6 -32
v -4.125 6 -33
v -5.125 6 -32
v -2.125 6 -33
v -1.125 6 -32
v -1.125 6 -33
v -2.125 6 -32
v -5.125 6 -32
v -4.125 6 -31
v -4.125 6 -32
v -5.125 6 -31
v -5.125 6 -31
v -4.125 6 -30
v -4.125 6 -31
v -5.125 6 -30
v -5.125 6 -30
v -4.125 6 -29
v -4.125 6 -30
v -5.125 6 -29
v -5.125 6 -29
v -4.125 6 -28
v -4.125 6 -29
v -5.125 6 -28
v -4.125 6 -29
v -3.125 6 -28
v -3.125 6 -29
v -4.125 6 -28
v -3.125 6 -29
v -2.125 6 -28
v -2.125 6 -29
v -3.125 6 -28
v -2.125 6 -29
v -1.125 6 -28
v -1.125 6 -29
v -2.125 6 -28
v -2.125 6 -30
v -1.125 6 -29
v -1.125 6 -30
v -2.125 6 -29
v -2.125 6 -31
v -1.125 6 -30
v -1.125 6 -31
v -2.125 6 -30
v -2.125 6 -32
v -1.125 6 -31
v -1.125 6 -32
v -2.125 6 -31
v -3.125 6 -32
v -2.125 6 -31
v -2.125 6 -32
v -3.125 6 -31
v -4.125 6 -32
v -3.125 6 -31
v -3.125 6 -32
v -4.125 6 -31
v 7.875 -2 -44
v 7.875 -1 -43
v 7.875 -1 -44
v 7.875 -2 -43
v 7.875 -4 -44
v 7.875 -3 -43
v 7.875 -3 -44
v 7.875 -4 -43
v 7.875 -5 -44
v 7.875 -4 -43
v 7.875 -4 -44
v 7.875 -5 -43
v 7.875 -3 -44
v 7.875 -2 -43
v 7.875 -2 -44
v 7.875 -3 -43
v 7.875 -5 -45
v 7.875 -4 -44
v 7.875 -4 -45
v 7.875 -5 -44
v 7.875 -4 -45
v 7.875 -3 -44
v 7.875 -3 -45
v 7.875 -4 -44
v 7.875 -3 -45
v 7.875 -2 -44
v 7.875 -2 -45
v 7.875 -3 -44
v 7.875 -2 -45
v 7.875 -1 -44
v 7.875 -1 -45
v 7.875 -2 -44
v 7.875 -2 -46
v 7.875 -1 -45
v 7.875 -1 -46
v 7.875 -2 -45
v 7.875 -3 -46
v 7.875 -2 -45
v 7.875 -2 -46
v 7.875 -3 -45
v 7.875 -5 -46
v 7.875 -4 -45
v 7.875 -4 -46
v 7.875 -5 -45
v 7.875 -4 -46
v 7.875 -3 -45
v 7.875 -3 -46
v 7.875 -4 -45
v 7.875 -2 -47
v 7.875 -1 -46
v 7.875 -1 -47
v 7.875 -2 -46
v 7.875 -3 -47
v 7.875 -2 -46
v 7.875 -2 -47
v 7.875 -3 -46
v 7.875 -4 -47
v 7.875 -3 -46
v 7.875 -3 -47
v 7.875 -4 -46
v 7.875 -5 -47
v 7.875 -4 -46
v 7.875 -4 -47
v 7.875 -5 -46
v 8.875 -1 -43
v 7.875 -1 -44
v 7.875 -1 -43
v 8.875 -1 -44
v 8.875 -1 -44
v 7.875 -1 -45
v 7.875 -1 -44
v 8.875 -1 -45
v 8.875 -1 -45
v 7.875 -1 -46
v 7.875 -1 -45
v 8.875 -1 -46
v 8.875 -1 -46
v 7.875 -1 -47
v 7.875 -1 -46
v 8.875 -1 -47
v 8.875 -5 -44
v 7.875 -5 -43
v 7.875 -5 -44
v 8.875 -5 -43
v 8.875 -5 -45
v 7.875 -5 -44
v 7.875 -5 -45
v 8.875 -5 -44
v 8.875 -5 -46
v 7.875 -5 -45
v 7.875 -5 -46
v 8.875 -5 -45
v 8.875 -5 -47
v 7.875 -5 -46
v 7.875 -5 -47
v 8.875 -5 -46
v 8.875 -5 -43
v 8.875 -4 -44
v 8.875 -4 -43
v 8.875 -5 -44
v 8.875 -4 -43
v 8.875 -3 -44
v 8.875 -3 -43
v 8.875 -4 -44
v 8.875 -3 -43
v 8.875 -2 -44
v 8.875 -2 -43
v 8.875 -3 -44
v 8.875 -2 -43
v 8.875 -1 -44
v 8.875 -1 -43
v 8.875 -2 -44
v 8.875 -4 -44
v 8.875 -3 -45
v 8.875 -3 -44
v 8.875 -4 -45
v 8.875 -3 -44
v 8.875 -2 -45
v 8.875 -2 -44
v 8.875 -3 -45
v 8.875 -2 -44
v 8.875 -1 -45
v 8.875 -1 -44
v 8.875 -2 -45
v 8.875 -5 -44
v 8.875 -4 -45
v 8.875 -4 -44
v 8.875 -5 -45
v 8.875 -5 -45
v 8.875 -4 -46
v 8.875 -4 -45
v 8.875 -5 -46
v 8.875 -4 -45
v 8.875 -3 -46
v 8.875 -3 -45
v 8.875 -4 -46
v 8.875 -3 -45
v 8.875 -2 -46
v 8.875 -2 -45
v 8.875 -3 -46
v 8.875 -2 -45
v 8.875 -1 -46
v 8.875 -1 -45
v 8.875 -2 -46
v 8.875 -2 -46
v 8.875 -1 -47
v 8.875 -1 -46
v 8.875 -2 -47
v 8.875 -3 -46
v 8.875 -2 -47
v 8.875 -2 -46
v 8.875 -3 -47
v 8.875 -4 -46
v 8.875 -3 -47
v 8.875 -3 -46
v 8.875 -4 -47
v 8.875 -5 -46
v 8.875 -4 -47
v 8.875 -4 -46
v 8.875 -5 -47
v 8.875 -5 -47
v 8.875 -4 -48
v 8.875 -4 -47
v 8.875 -5 -48
v 8.875 -4 -47
v 8.875 -3 -48
v 8.875 -3 -47
v 8.875 -4 -48
v 8.875 -3 -47
v 8.875 -2 -48
v 8.875 -2 -47
v 8.875 -3 -48
v 8.875 -2 -47
v 8.875 -1 -48
v 8.875 -1 -47
v 8.875 -2 -48
v 8.875 -2 -48
v 8.875 -1 -49
v 8.875 -1 -48
v 8.875 -2 -49
v 8.875 -3 -48
v 8.875 -2 -49
v 8.875 -2 -48
v 8.875 -3 -49
v 8.875 -4 -48
v 8.875 -3 -49
v 8.875 -3 -48
v 8.875 -4 -49
v 8.875 -5 -48
v 8.875 -4 -49
v 8.875 -4 -48
v 8.875 -5 -49
v 8.875 -5 -49
v 8.875 -4 -50
v 8.875 -4 -49
v 8.875 -5 -50
v 8.875 -4 -49
v 8.875 -3 -50
v 8.875 -3 -49
v 8.875 -4 -50
v 8.875 -3 -49
v 8.875 -2 -50
v 8.875 -2 -49
v 8.875 -3 -50
v 8.875 -2 -49
v 8.875 -1 -50
v 8.875 -1 -49
v 8.875 -2 -50
v 8.875 -2 -50
v 8.875 -1 -51
v 8.875 -1 -50
v 8.875 -2 -51
v 8.875 -3 -50
v 8.875 -2 -51
v 8.875 -2 -50
v 8.875 -3 -51
v 8.875 -4 -50
v 8.875 -3 -51
v 8.875 -3 -50
v 8.875 -4 -51
v 8.875 -5 -50
v 8.875 -4 -51
v 8.875 -4 -50
v 8.875 -5 -51
v 7.875 -5 -48
v 7.875 -4 -47
v 7.875 -4 -48
v 7.875 -5 -47
v 7.875 -4 -48
v 7.875 -3 -47
v 7.875 -3 -48
v 7.875 -4 -47
v 7.875 -3 -48
v 7.875 -2 -47
v 7.875 -2 -48
v 7.875 -3 -47
v 7.875 -2 -48
v 7.875 -1 -47
v 7.875 -1 -48
v 7.875 -2 -47
v 7.875 -2 -49
v 7.875 -1 -48
v 7.875 -1 -49
v 7.875 -2 -48
v 7.875 -3 -49
v 7.875 -2 -48
v 7.875 -2 -49
v 7.875 -3 -48
v 7.875 -4 -49
v 7.875 -3 -48
v 7.875 -3 -49
v 7.875 -4 -48
v 7.875 -5 -49
v 7.875 -4 -48
v 7.875 -4 -49
v 7.875 -5 -48
v 7.875 -5 -50
v 7.875 -4 -49
v 7.875 -4 -50
v 7.875 -5 -49
v 7.875 -4 -50
v 7.875 -3 -49
v 7.875 -3 -50
v 7.875 -4 -49
v 7.875 -3 -50
v 7.875 -2 -49
v 7.875 -2 -50
v 7.875 -3 -49
v 7.875 -2 -50
v 7.875 -1 -49
v 7.875 -1 -50
v 7.875 -2 -49
v 7.875 -3 -51
v 7.875 -2 -50
v 7.875 -2 -51
v 7.875 -3 -50
v 7.875 -4 -51
v 7.875 -3 -50
v 7.875 -3 -51
v 7.875 -4 -50
v 7.875 -5 -51
v 7.875 -4 -50
v 7.875 -4 -51
v 7.875 -5 -50
v 7.875 -2 -51
v 7.875 -1 -50
v 7.875 -1 -51
v 7.875 -2 -50
v 8.875 -5 -48
v 7.875 -5 -47
v 7.875 -5 -48
v 8.875 -5 -47
v 8.875 -5 -49
v 7.875 -5 -48
v 7.875 -5 -49
v 8.875 -5 -48
v 8.875 -5 -50
v 7.875 -5 -49
v 7.875 -5 -50
v 8.875 -5 -49
v 8.875 -5 -51
v 7.875 -5 -50
v 7.875 -5 -51
v 8.875 -5 -50
v 8.875 -5 -51
v 7.875 -4 -51
v 8.875 -4 -51
v 7.875 -5 -51
v 8.875 -4 -51
v 7.875 -3 -51
v 8.875 -3 -51
v 7.875 -4 -51
v 8.875 -3 -51
v 7.875 -2 -51
v 8.875 -2 -51
v 7.875 -3 -51
v 8.875 -2 -51
v 7.875 -1 -51
v 8.875 -1 -51
v 7.875 -2 -51
v 8.875 -1 -47
v 7.875 -1 -48
v 7.875 -1 -47
v 8.875 -1 -48
v 8.875 -1 -48
v 7.875 -1 -49
v 7.875 -1 -48
v 8.875 -1 -49
v 8.875 -1 -49
v 7.875 -1 -50
v 7.875 -1 -49
v 8.875 -1 -50
v 8.875 -1 -50
v 7.875 -1 -51
v 7.875 -1 -50
v 8.875 -1 -51
v -40.99500274658203 -1.0290184020996094 -58
v 0.0049991607666015625 -0.029018402099609375 -58
v -40.99500274658203 -0.029018402099609375 -58
v 0.0049991607666015625 -1.0290184020996094 -58
v 0.0049991607666015625 -42.02901840209961 -58
v 1.0049991607666016 -1.0290184020996094 -58
v 0.0049991607666015625 -1.0290184020996094 -58
v 1.0049991607666016 -42.02901840209961 -58
v 1.0049991607666016 -42.02901840209961 -58
v 2.0049991607666016 -1.0290184020996094 -58
v 1.0049991607666016 -1.0290184020996094 -58
v 2.0049991607666016 -42.02901840209961 -58
v 2.0049991607666016 -42.02901840209961 -58
v 3.0049991607666016 -1.0290184020996094 -58
v 2.0049991607666016 -1.0290184020996094 -58
v 3.0049991607666016 -42.02901840209961 -58
v 3.0049991607666016 -42.02901840209961 -58
v 4.004999160766602 -1.0290184020996094 -58
v 3.0049991607666016 -1.0290184020996094 -58
v 4.004999160766602 -42.02901840209961 -58
v 4.004999160766602 -1.0290184020996094 -58
v 45.00499725341797 -0.029018402099609375 -58
v 4.004999160766602 -0.029018402099609375 -58
v 45.00499725341797 -1.0290184020996094 -58
v 4.004999160766602 -0.029018402099609375 -58
v 45.00499725341797 0.9709815979003906 -58
v 4.004999160766602 0.9709815979003906 -58
v 45.00499725341797 -0.029018402099609375 -58
v 4.004999160766602 0.9709815979003906 -58
v 45.00499725341797 1.9709815979003906 -58
v 4.004999160766602 1.9709815979003906 -58
v 45.00499725341797 0.9709815979003906 -58
v 4.004999160766602 1.9709815979003906 -58
v 45.00499725341797 2.9709815979003906 -58
v 4.004999160766602 2.9709815979003906 -58
v 45.00499725341797 1.9709815979003906 -58
v 3.0049991607666016 2.9709815979003906 -58
v 4.004999160766602 43.97098159790039 -58
v 3.0049991607666016 43.97098159790039 -58
v 4.004999160766602 2.9709815979003906 -58
v 2.0049991607666016 2.9709815979003906 -58
v 3.0049991607666016 43.97098159790039 -58
v 2.0049991607666016 43.97098159790039 -58
v 3.0049991607666016 2.9709815979003906 -58
v 0.0049991607666015625 2.9709815979003906 -58
v 1.0049991607666016 43.97098159790039 -58
v 0.0049991607666015625 43.97098159790039 -58
v 1.0049991607666016 2.9709815979003906 -58
v 1.0049991607666016 2.9709815979003906 -58
v 2.0049991607666016 43.97098159790039 -58
v 1.0049991607666016 43.97098159790039 -58
v 2.0049991607666016 2.9709815979003906 -58
v -40.99500274658203 1.9709815979003906 -58
v 0.0049991607666015625 2.9709815979003906 -58
v -40.99500274658203 2.9709815979003906 -58
v 0.0049991607666015625 1.9709815979003906 -58
v -40.99500274658203 0.9709815979003906 -58
v 0.0049991607666015625 1.9709815979003906 -58
v -40.99500274658203 1.9709815979003906 -58
v 0.0049991607666015625 0.9709815979003906 -58
v -40.99500274658203 -0.029018402099609375 -58
v 0.0049991607666015625 0.9709815979003906 -58
v -40.99500274658203 0.9709815979003906 -58
v 0.0049991607666015625 -0.029018402099609375 -58
v -40.99500274658203 -42.02901840209961 -58
v 0.0049991607666015625 -1.0290184020996094 -58
v -40.99500274658203 -1.0290184020996094 -58
v 0.0049991607666015625 -42.02901840209961 -58
v -40.99500274658203 2.9709815979003906 -58
v 0.0049991607666015625 43.97098159790039 -58
v -40.99500274658203 43.97098159790039 -58
v 0.0049991607666015625 2.9709815979003906 -58
v 4.004999160766602 2.9709815979003906 -58
v 45.00499725341797 43.97098159790039 -58
v 4.004999160766602 43.97098159790039 -58
v 45.00499725341797 2.9709815979003906 -58
v 4.004999160766602 -42.02901840209961 -58
v 45.00499725341797 -1.0290184020996094 -58
v 4.004999160766602 -1.0290184020996094 -58
v 45.00499725341797 -42.02901840209961 -58
v 1.0049991607666016 -1.0290184020996094 -58
v 0.0049991607666015625 -1.0290184020996094 -59
v 0.0049991607666015625 -1.0290184020996094 -58
v 1.0049991607666016 -1.0290184020996094 -59
v 2.0049991607666016 -1.0290184020996094 -58
v 1.0049991607666016 -1.0290184020996094 -59
v 1.0049991607666016 -1.0290184020996094 -58
v 2.0049991607666016 -1.0290184020996094 -59
v 3.0049991607666016 -1.0290184020996094 -58
v 2.0049991607666016 -1.0290184020996094 -59
v 2.0049991607666016 -1.0290184020996094 -58
v 3.0049991607666016 -1.0290184020996094 -59
v 4.004999160766602 -1.0290184020996094 -58
v 3.0049991607666016 -1.0290184020996094 -59
v 3.0049991607666016 -1.0290184020996094 -58
v 4.004999160766602 -1.0290184020996094 -59
v 0.0049991607666015625 -1.0290184020996094 -58
v 0.0049991607666015625 -0.029018402099609375 -59
v 0.0049991607666015625 -0.029018402099609375 -58
v 0.0049991607666015625 -1.0290184020996094 -59
v 0.0049991607666015625 1.9709815979003906 -58
v 0.0049991607666015625 2.9709815979003906 -59
v 0.0049991607666015625 2.9709815979003906 -58
v 0.0049991607666015625 1.9709815979003906 -59
v 0.0049991607666015625 -0.029018402099609375 -58
v 0.0049991607666015625 0.9709815979003906 -59
v 0.0049991607666015625 0.9709815979003906 -58
v 0.0049991607666015625 -0.029018402099609375 -59
v 0.0049991607666015625 0.9709815979003906 -58
v 0.0049991607666015625 1.9709815979003906 -59
v 0.0049991607666015625 1.9709815979003906 -58
v 0.0049991607666015625 0.9709815979003906 -59
v 0.0049991607666015625 1.9709815979003906 -59
v 0.0049991607666015625 2.9709815979003906 -60
v 0.0049991607666015625 2.9709815979003906 -59
v 0.0049991607666015625 1.9709815979003906 -60
v 0.0049991607666015625 -0.029018402099609375 -59
v 0.0049991607666015625 0.9709815979003906 -60
v 0.0049991607666015625 0.9709815979003906 -59
v 0.0049991607666015625 -0.029018402099609375 -60
v 0.0049991607666015625 -1.0290184020996094 -59
v 0.0049991607666015625 -0.029018402099609375 -60
v 0.0049991607666015625 -0.029018402099609375 -59
v 0.0049991607666015625 -1.0290184020996094 -60
v 0.0049991607666015625 0.9709815979003906 -59
v 0.0049991607666015625 1.9709815979003906 -60
v 0.0049991607666015625 1.9709815979003906 -59
v 0.0049991607666015625 0.9709815979003906 -60
v 3.0049991607666016 2.9709815979003906 -58
v 4.004999160766602 2.9709815979003906 -59
v 4.004999160766602 2.9709815979003906 -58
v 3.0049991607666016 2.9709815979003906 -59
v 3.0049991607666016 2.9709815979003906 -59
v 4.004999160766602 2.9709815979003906 -60
v 4.004999160766602 2.9709815979003906 -59
v 3.0049991607666016 2.9709815979003906 -60
v 4.004999160766602 1.9709815979003906 -59
v 4.004999160766602 2.9709815979003906 -58
v 4.004999160766602 2.9709815979003906 -59
v 4.004999160766602 1.9709815979003906 -58
v 4.004999160766602 0.9709815979003906 -59
v 4.004999160766602 1.9709815979003906 -58
v 4.004999160766602 1.9709815979003906 -59
v 4.004999160766602 0.9709815979003906 -58
v -4.057500839233398 -1.0290184020996094 -22
v -4.057500839233398 -0.029018402099609375 -23
v -4.057500839233398 -0.029018402099609375 -22
v -4.057500839233398 -1.0290184020996094 -23
v -4.057500839233398 -0.029018402099609375 -22
v -4.057500839233398 0.9709815979003906 -23
v -4.057500839233398 0.9709815979003906 -22
v -4.057500839233398 -0.029018402099609375 -23
v -4.057500839233398 0.9709815979003906 -22
v -4.057500839233398 1.9709815979003906 -23
v -4.057500839233398 1.9709815979003906 -22
v -4.057500839233398 0.9709815979003906 -23
v -4.057500839233398 1.9709815979003906 -22
v -4.057500839233398 2.9709815979003906 -23
v -4.057500839233398 2.9709815979003906 -22
v -4.057500839233398 1.9709815979003906 -23
v -4.057500839233398 0.9709815979003906 -21
v -4.057500839233398 1.9709815979003906 -22
v -4.057500839233398 1.9709815979003906 -21
v -4.057500839233398 0.9709815979003906 -22
v -4.057500839233398 1.9709815979003906 -21
v -4.057500839233398 2.9709815979003906 -22
v -4.057500839233398 2.9709815979003906 -21
v -4.057500839233398 1.9709815979003906 -22
v -4.057500839233398 -0.029018402099609375 -21
v -4.057500839233398 0.9709815979003906 -22
v -4.057500839233398 0.9709815979003906 -21
v -4.057500839233398 -0.029018402099609375 -22
v -4.057500839233398 -1.0290184020996094 -21
v -4.057500839233398 -0.029018402099609375 -22
v -4.057500839233398 -0.029018402099609375 -21
v -4.057500839233398 -1.0290184020996094 -22
v -4.057500839233398 -1.0290184020996094 -20
v -4.057500839233398 -0.029018402099609375 -21
v -4.057500839233398 -0.029018402099609375 -20
v -4.057500839233398 -1.0290184020996094 -21
v -4.057500839233398 -0.029018402099609375 -20
v -4.057500839233398 0.9709815979003906 -21
v -4.057500839233398 0.9709815979003906 -20
v -4.057500839233398 -0.029018402099609375 -21
v -4.057500839233398 0.9709815979003906 -20
v -4.057500839233398 1.9709815979003906 -21
v -4.057500839233398 1.9709815979003906 -20
v -4.057500839233398 0.9709815979003906 -21
v -4.057500839233398 1.9709815979003906 -20
v -4.057500839233398 2.9709815979003906 -21
v -4.057500839233398 2.9709815979003906 -20
v -4.057500839233398 1.9709815979003906 -21
v -4.057500839233398 1.9709815979003906 -19
v -4.057500839233398 2.9709815979003906 -20
v -4.057500839233398 2.9709815979003906 -19
v -4.057500839233398 1.9709815979003906 -20
v -4.057500839233398 0.9709815979003906 -19
v -4.057500839233398 1.9709815979003906 -20
v -4.057500839233398 1.9709815979003906 -19
v -4.057500839233398 0.9709815979003906 -20
v -4.057500839233398 -0.029018402099609375 -19
v -4.057500839233398 0.9709815979003906 -20
v -4.057500839233398 0.9709815979003906 -19
v -4.057500839233398 -0.029018402099609375 -20
v -4.057500839233398 -1.0290184020996094 -19
v -4.057500839233398 -0.029018402099609375 -20
v -4.057500839233398 -0.029018402099609375 -19
v -4.057500839233398 -1.0290184020996094 -20
v -4.057500839233398 1.9709815979003906 -23
v -4.057500839233398 2.9709815979003906 -24
v -4.057500839233398 2.9709815979003906 -23
v -4.057500839233398 1.9709815979003906 -24
v -4.057500839233398 0.9709815979003906 -23
v -4.057500839233398 1.9709815979003906 -24
v -4.057500839233398 1.9709815979003906 -23
v -4.057500839233398 0.9709815979003906 -24
v -4.057500839233398 -0.029018402099609375 -23
v -4.057500839233398 0.9709815979003906 -24
v -4.057500839233398 0.9709815979003906 -23
v -4.057500839233398 -0.029018402099609375 -24
v -4.057500839233398 -1.0290184020996094 -23
v -4.057500839233398 -0.029018402099609375 -24
v -4.057500839233398 -0.029018402099609375 -23
v -4.057500839233398 -1.0290184020996094 -24
v -4.057500839233398 -1.0290184020996094 -24
v -4.057500839233398 -0.029018402099609375 -25
v -4.057500839233398 -0.029018402099609375 -24
v -4.057500839233398 -1.0290184020996094 -25
v -4.057500839233398 -1.0290184020996094 -25
v -4.057500839233398 -0.029018402099609375 -26
v -4.057500839233398 -0.029018402099609375 -25
v -4.057500839233398 -1.0290184020996094 -26
v -4.057500839233398 -1.0290184020996094 -26
v -4.057500839233398 -0.029018402099609375 -27
v -4.057500839233398 -0.029018402099609375 -26
v -4.057500839233398 -1.0290184020996094 -27
v -4.057500839233398 -0.029018402099609375 -26
v -4.057500839233398 0.9709815979003906 -27
v -4.057500839233398 0.9709815979003906 -26
v -4.057500839233398 -0.029018402099609375 -27
v -4.057500839233398 0.9709815979003906 -26
v -4.057500839233398 1.9709815979003906 -27
v -4.057500839233398 1.9709815979003906 -26
v -4.057500839233398 0.9709815979003906 -27
v -4.057500839233398 1.9709815979003906 -26
v -4.057500839233398 2.9709815979003906 -27
v -4.057500839233398 2.9709815979003906 -26
v -4.057500839233398 1.9709815979003906 -27
v -4.057500839233398 1.9709815979003906 -24
v -4.057500839233398 2.9709815979003906 -25
v -4.057500839233398 2.9709815979003906 -24
v -4.057500839233398 1.9709815979003906 -25
v -4.057500839233398 0.9709815979003906 -24
v -4.057500839233398 1.9709815979003906 -25
v -4.057500839233398 1.9709815979003906 -24
v -4.057500839233398 0.9709815979003906 -25
v -4.057500839233398 0.9709815979003906 -25
v -4.057500839233398 1.9709815979003906 -26
v -4.057500839233398 1.9709815979003906 -25
v -4.057500839233398 0.9709815979003906 -26
v -4.057500839233398 1.9709815979003906 -25
v -4.057500839233398 2.9709815979003906 -26
v -4.057500839233398 2.9709815979003906 -25
v -4.057500839233398 1.9709815979003906 -26
v -4.057500839233398 -0.029018402099609375 -25
v -4.057500839233398 0.9709815979003906 -26
v -4.057500839233398 0.9709815979003906 -25
v -4.057500839233398 -0.029018402099609375 -26
v -4.057500839233398 -0.029018402099609375 -24
v -4.057500839233398 0.9709815979003906 -25
v -4.057500839233398 0.9709815979003906 -24
v -4.057500839233398 -0.029018402099609375 -25
v -4.057500839233398 -1.0290184020996094 -27
v -4.057500839233398 -0.029018402099609375 -28
v -4.057500839233398 -0.029018402099609375 -27
v -4.057500839233398 -1.0290184020996094 -28
v -4.057500839233398 -1.0290184020996094 -28
v -4.057500839233398 -0.029018402099609375 -29
v -4.057500839233398 -0.029018402099609375 -28
v -4.057500839233398 -1.0290184020996094 -29
v -4.057500839233398 -1.0290184020996094 -29
v -4.057500839233398 -0.029018402099609375 -30
v -4.057500839233398 -0.029018402099609375 -29
v -4.057500839233398 -1.0290184020996094 -30
v -4.057500839233398 -1.0290184020996094 -30
v -4.057500839233398 -0.029018402099609375 -31
v -4.057500839233398 -0.029018402099609375 -30
v -4.057500839233398 -1.0290184020996094 -31
v -4.057500839233398 -0.029018402099609375 -30
v -4.057500839233398 0.9709815979003906 -31
v -4.057500839233398 0.9709815979003906 -30
v -4.057500839233398 -0.029018402099609375 -31
v -4.057500839233398 0.9709815979003906 -30
v -4.057500839233398 1.9709815979003906 -31
v -4.057500839233398 1.9709815979003906 -30
v -4.057500839233398 0.9709815979003906 -31
v -4.057500839233398 1.9709815979003906 -29
v -4.057500839233398 2.9709815979003906 -30
v -4.057500839233398 2.9709815979003906 -29
v -4.057500839233398 1.9709815979003906 -30
v -4.057500839233398 1.9709815979003906 -28
v -4.057500839233398 2.9709815979003906 -29
v -4.057500839233398 2.9709815979003906 -28
v -4.057500839233398 1.9709815979003906 -29
v -4.057500839233398 0.9709815979003906 -27
v -4.057500839233398 1.9709815979003906 -28
v -4.057500839233398 1.9709815979003906 -27
v -4.057500839233398 0.9709815979003906 -28
v -4.057500839233398 -0.029018402099609375 -27
v -4.057500839233398 0.9709815979003906 -28
v -4.057500839233398 0.9709815979003906 -27
v -4.057500839233398 -0.029018402099609375 -28
v -4.057500839233398 -0.029018402099609375 -28
v -4.057500839233398 0.9709815979003906 -29
v -4.057500839233398 0.9709815979003906 -28
v -4.057500839233398 -0.029018402099609375 -29
v -4.057500839233398 -0.029018402099609375 -29
v -4.057500839233398 0.9709815979003906 -30
v -4.057500839233398 0.9709815979003906 -29
v -4.057500839233398 -0.029018402099609375 -30
v -4.057500839233398 0.9709815979003906 -29
v -4.057500839233398 1.9709815979003906 -30
v -4.057500839233398 1.9709815979003906 -29
v -4.057500839233398 0.9709815979003906 -30
v -4.057500839233398 0.9709815979003906 -28
v -4.057500839233398 1.9709815979003906 -29
v -4.057500839233398 1.9709815979003906 -28
v -4.057500839233398 0.9709815979003906 -29
v -4.057500839233398 1.9709815979003906 -27
v -4.057500839233398 2.9709815979003906 -28
v -4.057500839233398 2.9709815979003906 -27
v -4.057500839233398 1.9709815979003906 -28
v -4.057500839233398 1.9709815979003906 -30
v -4.057500839233398 2.9709815979003906 -31
v -4.057500839233398 2.9709815979003906 -30
v -4.057500839233398 1.9709815979003906 -31
v -5.057500839233398 -1.0290180444717407 -20
v -4.057500839233398 -1.0290184020996094 -19
v -5.057500839233398 -1.0290180444717407 -19
v -4.057500839233398 -1.0290184020996094 -20
v -5.057500839233398 -1.0290180444717407 -24
v -4.057500839233398 -1.0290184020996094 -23
v -5.057500839233398 -1.0290180444717407 -23
v -4.057500839233398 -1.0290184020996094 -24
v -5.057500839233398 -1.0290180444717407 -21
v -4.057500839233398 -1.0290184020996094 -20
v -5.057500839233398 -1.0290180444717407 -20
v -4.057500839233398 -1.0290184020996094 -21
v -5.057500839233398 -1.0290180444717407 -23
v -4.057500839233398 -1.0290184020996094 -22
v -5.057500839233398 -1.0290180444717407 -22
v -4.057500839233398 -1.0290184020996094 -23
v -5.057500839233398 -1.0290180444717407 -22
v -4.057500839233398 -1.0290184020996094 -21
v -5.057500839233398 -1.0290180444717407 -21
v -4.057500839233398 -1.0290184020996094 -22
v -5.057500839233398 -1.0290180444717407 -25
v -4.057500839233398 -1.0290184020996094 -24
v -5.057500839233398 -1.0290180444717407 -24
v -4.057500839233398 -1.0290184020996094 -25
v -5.057500839233398 -1.0290180444717407 -26
v -4.057500839233398 -1.0290184020996094 -25
v -5.057500839233398 -1.0290180444717407 -25
v -4.057500839233398 -1.0290184020996094 -26
v -5.057500839233398 -1.0290180444717407 -27
v -4.057500839233398 -1.0290184020996094 -26
v -5.057500839233398 -1.0290180444717407 -26
v -4.057500839233398 -1.0290184020996094 -27
v -5.057500839233398 -1.0290180444717407 -28
v -4.057500839233398 -1.0290184020996094 -27
v -5.057500839233398 -1.0290180444717407 -27
v -4.057500839233398 -1.0290184020996094 -28
v -5.057500839233398 -1.0290180444717407 -29
v -4.057500839233398 -1.0290184020996094 -28
v -5.057500839233398 -1.0290180444717407 -28
v -4.057500839233398 -1.0290184020996094 -29
v -5.057500839233398 -1.0290180444717407 -30
v -4.057500839233398 -1.0290184020996094 -29
v -5.057500839233398 -1.0290180444717407 -29
v -4.057500839233398 -1.0290184020996094 -30
v -5.057500839233398 -1.0290180444717407 -31
v -4.057500839233398 -1.0290184020996094 -30
v -5.057500839233398 -1.0290180444717407 -30
v -4.057500839233398 -1.0290184020996094 -31
v -5.057500839233398 -1.0290180444717407 -19
v -4.057500839233398 -0.029018402099609375 -19
v -5.057500839233398 -0.029018402099609375 -19
v -4.057500839233398 -1.0290184020996094 -19
v -5.057500839233398 -0.029018402099609375 -19
v -4.057500839233398 0.9709815979003906 -19
v -5.057500839233398 0.9709815979003906 -19
v -4.057500839233398 -0.029018402099609375 -19
v -5.057500839233398 0.9709815979003906 -19
v -4.057500839233398 1.9709815979003906 -19
v -5.057500839233398 1.9709815979003906 -19
v -4.057500839233398 0.9709815979003906 -19
v -5.057500839233398 1.9709815979003906 -19
v -4.057500839233398 2.9709815979003906 -19
v -5.057500839233398 2.9709815979003906 -19
v -4.057500839233398 1.9709815979003906 -19
v -5.057500839233398 2.9709815979003906 -19
v -4.057500839233398 2.9709815979003906 -20
v -5.057500839233398 2.970982074737549 -20
v -4.057500839233398 2.9709815979003906 -19
v -5.057500839233398 2.970982074737549 -20
v -4.057500839233398 2.9709815979003906 -21
v -5.057500839233398 2.970982074737549 -21
v -4.057500839233398 2.9709815979003906 -20
v -5.057500839233398 2.970982074737549 -21
v -4.057500839233398 2.9709815979003906 -22
v -5.057500839233398 2.970982074737549 -22
v -4.057500839233398 2.9709815979003906 -21
v -5.057500839233398 2.970982074737549 -22
v -4.057500839233398 2.9709815979003906 -23
v -5.057500839233398 2.970982074737549 -23
v -4.057500839233398 2.9709815979003906 -22
v -5.057500839233398 2.970982074737549 -23
v -4.057500839233398 2.9709815979003906 -24
v -5.057500839233398 2.970982074737549 -24
v -4.057500839233398 2.9709815979003906 -23
v -5.057500839233398 2.970982074737549 -25
v -4.057500839233398 2.9709815979003906 -26
v -5.057500839233398 2.970982074737549 -26
v -4.057500839233398 2.9709815979003906 -25
v -5.057500839233398 2.970982074737549 -26
v -4.057500839233398 2.9709815979003906 -27
v -5.057500839233398 2.970982074737549 -27
v -4.057500839233398 2.9709815979003906 -26
v -5.057500839233398 2.970982074737549 -27
v -4.057500839233398 2.9709815979003906 -28
v -5.057500839233398 2.970982074737549 -28
v -4.057500839233398 2.9709815979003906 -27
v -5.057500839233398 2.970982074737549 -24
v -4.057500839233398 2.9709815979003906 -25
v -5.057500839233398 2.970982074737549 -25
v -4.057500839233398 2.9709815979003906 -24
v -5.057500839233398 2.970982074737549 -28
v -4.057500839233398 2.9709815979003906 -29
v -5.057500839233398 2.970982074737549 -29
v -4.057500839233398 2.9709815979003906 -28
v -5.057500839233398 2.970982074737549 -29
v -4.057500839233398 2.9709815979003906 -30
v -5.057500839233398 2.970982074737549 -30
v -4.057500839233398 2.9709815979003906 -29
v -5.057500839233398 2.970982074737549 -30
v -4.057500839233398 2.9709815979003906 -31
v -5.057500839233398 2.970982074737549 -31
v -4.057500839233398 2.9709815979003906 -30
v -4.057500839233398 1.9709815979003906 -31
v -5.057500839233398 2.970982074737549 -31
v -4.057500839233398 2.9709815979003906 -31
v -5.057500839233398 1.9709815979003906 -31
v -4.057500839233398 0.9709815979003906 -31
v -5.057500839233398 1.9709815979003906 -31
v -4.057500839233398 1.9709815979003906 -31
v -5.057500839233398 0.9709815979003906 -31
v -4.057500839233398 -0.029018402099609375 -31
v -5.057500839233398 0.9709815979003906 -31
v -4.057500839233398 0.9709815979003906 -31
v -5.057500839233398 -0.029018402099609375 -31
v -4.057500839233398 -1.0290184020996094 -31
v -5.057500839233398 -0.029018402099609375 -31
v -4.057500839233398 -0.029018402099609375 -31
v -5.057500839233398 -1.0290180444717407 -31
v -5.057500839233398 1.9709815979003906 -31
v -5.057500839233398 2.970982074737549 -30
v -5.057500839233398 2.970982074737549 -31
v -5.057500839233398 1.9709815979003906 -30
v -5.057500839233398 1.9709815979003906 -30
v -5.057500839233398 2.970982074737549 -29
v -5.057500839233398 2.970982074737549 -30
v -5.057500839233398 1.9709815979003906 -29
v -5.057500839233398 1.9709815979003906 -29
v -5.057500839233398 2.970982074737549 -28
v -5.057500839233398 2.970982074737549 -29
v -5.057500839233398 1.9709815979003906 -28
v -5.057500839233398 1.9709815979003906 -28
v -5.057500839233398 2.970982074737549 -27
v -5.057500839233398 2.970982074737549 -28
v -5.057500839233398 1.9709815979003906 -27
v -5.057500839233398 0.9709815979003906 -28
v -5.057500839233398 1.9709815979003906 -27
v -5.057500839233398 1.9709815979003906 -28
v -5.057500839233398 0.9709815979003906 -27
v -5.057500839233398 -0.029018402099609375 -28
v -5.057500839233398 0.9709815979003906 -27
v -5.057500839233398 0.9709815979003906 -28
v -5.057500839233398 -0.029018402099609375 -27
v -5.057500839233398 -1.0290180444717407 -28
v -5.057500839233398 -0.029018402099609375 -27
v -5.057500839233398 -0.029018402099609375 -28
v -5.057500839233398 -1.0290180444717407 -27
v -5.057500839233398 -1.0290180444717407 -29
v -5.057500839233398 -0.029018402099609375 -28
v -5.057500839233398 -0.029018402099609375 -29
v -5.057500839233398 -1.0290180444717407 -28
v -5.057500839233398 -1.0290180444717407 -30
v -5.057500839233398 -0.029018402099609375 -29
v -5.057500839233398 -0.029018402099609375 -30
v -5.057500839233398 -1.0290180444717407 -29
v -5.057500839233398 -1.0290180444717407 -31
v -5.057500839233398 -0.029018402099609375 -30
v -5.057500839233398 -0.029018402099609375 -31
v -5.057500839233398 -1.0290180444717407 -30
v -5.057500839233398 -0.029018402099609375 -31
v -5.057500839233398 0.9709815979003906 -30
v -5.057500839233398 0.9709815979003906 -31
v -5.057500839233398 -0.029018402099609375 -30
v -5.057500839233398 0.9709815979003906 -31
v -5.057500839233398 1.9709815979003906 -30
v -5.057500839233398 1.9709815979003906 -31
v -5.057500839233398 0.9709815979003906 -30
v -5.057500839233398 0.9709815979003906 -30
v -5.057500839233398 1.9709815979003906 -29
v -5.057500839233398 1.9709815979003906 -30
v -5.057500839233398 0.9709815979003906 -29
v -5.057500839233398 0.9709815979003906 -29
v -5.057500839233398 1.9709815979003906 -28
v -5.057500839233398 1.9709815979003906 -29
v -5.057500839233398 0.9709815979003906 -28
v -5.057500839233398 -0.029018402099609375 -30
v -5.057500839233398 0.9709815979003906 -29
v -5.057500839233398 0.9709815979003906 -30
v -5.057500839233398 -0.029018402099609375 -29
v -5.057500839233398 -0.029018402099609375 -29
v -5.057500839233398 0.9709815979003906 -28
v -5.057500839233398 0.9709815979003906 -29
v -5.057500839233398 -0.029018402099609375 -28
v -5.057500839233398 1.9709815979003906 -27
v -5.057500839233398 2.970982074737549 -26
v -5.057500839233398 2.970982074737549 -27
v -5.057500839233398 1.9709815979003906 -26
v -5.057500839233398 1.9709815979003906 -26
v -5.057500839233398 2.970982074737549 -25
v -5.057500839233398 2.970982074737549 -26
v -5.057500839233398 1.9709815979003906 -25
v -5.057500839233398 1.9709815979003906 -25
v -5.057500839233398 2.970982074737549 -24
v -5.057500839233398 2.970982074737549 -25
v -5.057500839233398 1.9709815979003906 -24
v -5.057500839233398 1.9709815979003906 -24
v -5.057500839233398 2.970982074737549 -23
v -5.057500839233398 2.970982074737549 -24
v -5.057500839233398 1.9709815979003906 -23
v -5.057500839233398 0.9709815979003906 -24
v -5.057500839233398 1.9709815979003906 -23
v -5.057500839233398 1.9709815979003906 -24
v -5.057500839233398 0.9709815979003906 -23
v -5.057500839233398 -0.029018402099609375 -24
v -5.057500839233398 0.9709815979003906 -23
v -5.057500839233398 0.9709815979003906 -24
v -5.057500839233398 -0.029018402099609375 -23
v -5.057500839233398 -1.0290180444717407 -24
v -5.057500839233398 -0.029018402099609375 -23
v -5.057500839233398 -0.029018402099609375 -24
v -5.057500839233398 -1.0290180444717407 -23
v -5.057500839233398 -1.0290180444717407 -25
v -5.057500839233398 -0.029018402099609375 -24
v -5.057500839233398 -0.029018402099609375 -25
v -5.057500839233398 -1.0290180444717407 -24
v -5.057500839233398 -1.0290180444717407 -26
v -5.057500839233398 -0.029018402099609375 -25
v -5.057500839233398 -0.029018402099609375 -26
v -5.057500839233398 -1.0290180444717407 -25
v -5.057500839233398 -1.0290180444717407 -27
v -5.057500839233398 -0.029018402099609375 -26
v -5.057500839233398 -0.029018402099609375 -27
v -5.057500839233398 -1.0290180444717407 -26
v -5.057500839233398 -0.029018402099609375 -27
v -5.057500839233398 0.9709815979003906 -26
v -5.057500839233398 0.9709815979003906 -27
v -5.057500839233398 -0.029018402099609375 -26
v -5.057500839233398 0.9709815979003906 -27
v -5.057500839233398 1.9709815979003906 -26
v -5.057500839233398 1.9709815979003906 -27
v -5.057500839233398 0.9709815979003906 -26
v -5.057500839233398 0.9709815979003906 -26
v -5.057500839233398 1.9709815979003906 -25
v -5.057500839233398 1.9709815979003906 -26
v -5.057500839233398 0.9709815979003906 -25
v -5.057500839233398 -0.029018402099609375 -26
v -5.057500839233398 0.9709815979003906 -25
v -5.057500839233398 0.9709815979003906 -26
v -5.057500839233398 -0.029018402099609375 -25
v -5.057500839233398 -0.029018402099609375 -25
v -5.057500839233398 0.9709815979003906 -24
v -5.057500839233398 0.9709815979003906 -25
v -5.057500839233398 -0.029018402099609375 -24
v -5.057500839233398 0.9709815979003906 -25
v -5.057500839233398 1.9709815979003906 -24
v -5.057500839233398 1.9709815979003906 -25
v -5.057500839233398 0.9709815979003906 -24
v -5.057500839233398 1.9709815979003906 -23
v -5.057500839233398 2.970982074737549 -22
v -5.057500839233398 2.970982074737549 -23
v -5.057500839233398 1.9709815979003906 -22
v -5.057500839233398 1.9709815979003906 -22
v -5.057500839233398 2.970982074737549 -21
v -5.057500839233398 2.970982074737549 -22
v -5.057500839233398 1.9709815979003906 -21
v -5.057500839233398 1.9709815979003906 -21
v -5.057500839233398 2.970982074737549 -20
v -5.057500839233398 2.970982074737549 -21
v -5.057500839233398 1.9709815979003906 -20
v -5.057500839233398 1.9709815979003906 -20
v -5.057500839233398 2.9709815979003906 -19
v -5.057500839233398 2.970982074737549 -20
v -5.057500839233398 1.9709815979003906 -19
v -5.057500839233398 0.9709815979003906 -20
v -5.057500839233398 1.9709815979003906 -19
v -5.057500839233398 1.9709815979003906 -20
v -5.057500839233398 0.9709815979003906 -19
v -5.057500839233398 -0.029018402099609375 -20
v -5.057500839233398 0.9709815979003906 -19
v -5.057500839233398 0.9709815979003906 -20
v -5.057500839233398 -0.029018402099609375 -19
v -5.057500839233398 -1.0290180444717407 -20
v -5.057500839233398 -0.029018402099609375 -19
v -5.057500839233398 -0.029018402099609375 -20
v -5.057500839233398 -1.0290180444717407 -19
v -5.057500839233398 -1.0290180444717407 -21
v -5.057500839233398 -0.029018402099609375 -20
v -5.057500839233398 -0.029018402099609375 -21
v -5.057500839233398 -1.0290180444717407 -20
v -5.057500839233398 -1.0290180444717407 -22
v -5.057500839233398 -0.029018402099609375 -21
v -5.057500839233398 -0.029018402099609375 -22
v -5.057500839233398 -1.0290180444717407 -21
v -5.057500839233398 -0.029018402099609375 -23
v -5.057500839233398 0.9709815979003906 -22
v -5.057500839233398 0.9709815979003906 -23
v -5.057500839233398 -0.029018402099609375 -22
v -5.057500839233398 0.9709815979003906 -23
v -5.057500839233398 1.9709815979003906 -22
v -5.057500839233398 1.9709815979003906 -23
v -5.057500839233398 0.9709815979003906 -22
v -5.057500839233398 -1.0290180444717407 -23
v -5.057500839233398 -0.029018402099609375 -22
v -5.057500839233398 -0.029018402099609375 -23
v -5.057500839233398 -1.0290180444717407 -22
v -5.057500839233398 -0.029018402099609375 -22
v -5.057500839233398 0.9709815979003906 -21
v -5.057500839233398 0.9709815979003906 -22
v -5.057500839233398 -0.029018402099609375 -21
v -5.057500839233398 -0.029018402099609375 -21
v -5.057500839233398 0.9709815979003906 -20
v -5.057500839233398 0.9709815979003906 -21
v -5.057500839233398 -0.029018402099609375 -20
v -5.057500839233398 0.9709815979003906 -21
v -5.057500839233398 1.9709815979003906 -20
v -5.057500839233398 1.9709815979003906 -21
v -5.057500839233398 0.9709815979003906 -20
v -5.057500839233398 0.9709815979003906 -22
v -5.057500839233398 1.9709815979003906 -21
v -5.057500839233398 1.9709815979003906 -22
v -5.057500839233398 0.9709815979003906 -21
v -0.125 0 -10
v -0.125 1 -11
v -0.125 1 -10
v -0.125 0 -11
v -0.125 0 -9
v -0.125 1 -10
v -0.125 1 -9
v -0.125 0 -10
v -0.125 5.551115123125783e-17 -8
v -0.125 1 -9
v -0.125 1 -8
v -0.125 0 -9
v -0.125 0 -7
v -0.125 1 -8
v -0.125 1 -7
v -0.125 5.551115123125783e-17 -8
v -0.125 1 -7
v -0.125 2 -8
v -0.125 2 -7
v -0.125 1 -8
v -0.125 2 -7
v -0.125 3 -8
v -0.125 3 -7
v -0.125 2 -8
v -0.125 3 -7
v -0.125 4 -8
v -0.125 4 -7
v -0.125 3 -8
v -0.125 3 -8
v -0.125 4 -9
v -0.125 4 -8
v -0.125 3 -9
v -0.125 3 -9
v -0.125 4 -10
v -0.125 4 -9
v -0.125 3 -10
v -0.125 3 -10
v -0.125 4 -11
v -0.125 4 -10
v -0.125 3 -11
v -0.125 2 -10
v -0.125 3 -11
v -0.125 3 -10
v -0.125 2 -11
v -0.125 1 -10
v -0.125 2 -11
v -0.125 2 -10
v -0.125 1 -11
v -0.125 1 -9
v -0.125 2 -10
v -0.125 2 -9
v -0.125 1 -10
v -0.125 1 -8
v -0.125 2 -9
v -0.125 2 -8
v -0.125 1 -9
v -0.125 2 -8
v -0.125 3 -9
v -0.125 3 -8
v -0.125 2 -9
v -0.125 2 -9
v -0.125 3 -10
v -0.125 3 -9
v -0.125 2 -10
v -0.125 0 -11
v -1.125 1 -11
v -0.125 1 -11
v -1.125 0 -11
v -0.125 1 -11
v -1.125 2 -11
v -0.125 2 -11
v -1.125 1 -11
v -0.125 2 -11
v -1.125 3 -11
v -0.125 3 -11
v -1.125 2 -11
v -0.125 3 -11
v -1.125 4 -11
v -0.125 4 -11
v -1.125 3 -11
v -1.125 0 -11
v -0.125 0 -10
v -1.125 0 -10
v -0.125 0 -11
v -1.125 0 -10
v -0.125 0 -9
v -1.125 0 -9
v -0.125 0 -10
v -1.125 0 -9
v -0.125 5.551115123125783e-17 -8
v -1.125 0 -8
v -0.125 0 -9
v -1.125 0 -8
v -0.125 0 -7
v -1.125 0 -7
v -0.125 5.551115123125783e-17 -8
v -1.125 0 -7
v -0.125 1 -7
v -1.125 1 -7
v -0.125 0 -7
v -1.125 1 -7
v -0.125 2 -7
v -1.125 2 -7
v -0.125 1 -7
v -1.125 2 -7
v -0.125 3 -7
v -1.125 3 -7
v -0.125 2 -7
v -1.125 3 -7
v -0.125 4 -7
v -1.125 4 -7
v -0.125 3 -7
v -1.125 4 -10
v -0.125 4 -11
v -1.125 4 -11
v -0.125 4 -10
v -1.125 4 -9
v -0.125 4 -10
v -1.125 4 -10
v -0.125 4 -9
v -1.125 4 -8
v -0.125 4 -9
v -1.125 4 -9
v -0.125 4 -8
v -1.125 4 -7
v -0.125 4 -8
v -1.125 4 -8
v -0.125 4 -7
v -1.125 3 -8
v -1.125 4 -7
v -1.125 4 -8
v -1.125 3 -7
v -1.125 2 -8
v -1.125 3 -7
v -1.125 3 -8
v -1.125 2 -7
v -1.125 1 -8
v -1.125 2 -7
v -1.125 2 -8
v -1.125 1 -7
v -1.125 0 -8
v -1.125 1 -7
v -1.125 1 -8
v -1.125 0 -7
v -1.125 0 -9
v -1.125 1 -8
v -1.125 1 -9
v -1.125 0 -8
v -1.125 0 -10
v -1.125 1 -9
v -1.125 1 -10
v -1.125 0 -9
v -1.125 0 -11
v -1.125 1 -10
v -1.125 1 -11
v -1.125 0 -10
v -1.125 1 -11
v -1.125 2 -10
v -1.125 2 -11
v -1.125 1 -10
v -1.125 2 -11
v -1.125 3 -10
v -1.125 3 -11
v -1.125 2 -10
v -1.125 3 -11
v -1.125 4 -10
v -1.125 4 -11
v -1.125 3 -10
v -1.125 3 -10
v -1.125 4 -9
v -1.125 4 -10
v -1.125 3 -9
v -1.125 3 -9
v -1.125 4 -8
v -1.125 4 -9
v -1.125 3 -8
v -1.125 2 -9
v -1.125 3 -8
v -1.125 3 -9
v -1.125 2 -8
v -1.125 1 -9
v -1.125 2 -8
v -1.125 2 -9
v -1.125 1 -8
v -1.125 2 -10
v -1.125 3 -9
v -1.125 3 -10
v -1.125 2 -9
v -1.125 1 -10
v -1.125 2 -9
v -1.125 2 -10
v -1.125 1 -9
v 3.875 0 -1
v 3.875 1 0
v 3.875 1 -1
v 3.875 0 0
v 3 4 -1
v 2 20.78348159790039 -1
v 3 20.78348159790039 -1
v 2 4 -1
v 4 4 -1
v 3 20.78348159790039 -1
v 22.8799991607666 20.78348159790039 -1
v 3 4 -1
v 2 4 -1
v 1 20.78348159790039 -1
v 2 20.78348159790039 -1
v 1 4 -1
v 1 4 -1
v -18.8799991607666 20.78348159790039 -1
v 1 20.78348159790039 -1
v 0 4 -1
v 0 3 -1
v -18.8799991607666 20.78348159790039 -1
v 0 4 -1
v -18.8799991607666 3 -1
v 0 2 -1
v -18.8799991607666 3 -1
v 0 3 -1
v -18.8799991607666 2 -1
v 0 1 -1
v -18.8799991607666 2 -1
v 0 2 -1
v -18.8799991607666 1 -1
v 0 0 -1
v -18.8799991607666 1 -1
v 0 1 -1
v -18.8799991607666 -16.78348159790039 -1
v 1 -16.78348159790039 -1
v 0 0 -1
v 1 0 -1
v -18.8799991607666 -16.78348159790039 -1
v 2 -16.78348159790039 -1
v 1 0 -1
v 2 0 -1
v 1 -16.78348159790039 -1
v 3 -16.78348159790039 -1
v 2 0 -1
v 3 0 -1
v 2 -16.78348159790039 -1
v 22.8799991607666 -16.78348159790039 -1
v 3 0 -1
v 4 0 -1
v 3 -16.78348159790039 -1
v 22.8799991607666 -16.78348159790039 -1
v 4 1 -1
v 22.8799991607666 1 -1
v 4 0 -1
v 22.8799991607666 1 -1
v 4 2 -1
v 22.8799991607666 2 -1
v 4 1 -1
v 22.8799991607666 2 -1
v 4 3 -1
v 22.8799991607666 3 -1
v 4 2 -1
v 22.8799991607666 3 -1
v 4 4 -1
v 22.8799991607666 20.78348159790039 -1
v 4 3 -1
v 0 4 -1
v 1 4 0
v 0 4 0
v 1 4 -1
v 1 4 -1
v 2 4 0
v 1 4 0
v 2 4 -1
v 2 4 -1
v 3 4 0
v 2 4 0
v 3 4 -1
v 3 4 -1
v 4 4 0
v 3 4 0
v 4 4 -1
v 4 3 -1
v 4 4 0
v 4 4 -1
v 4 3 0
v 4 2 -1
v 4 3 0
v 4 3 -1
v 4 2 0
v 4 1 -1
v 4 2 0
v 4 2 -1
v 4 1 0
v 4 0 -1
v 4 1 0
v 4 1 -1
v 4 0 0
v 0 3 0
v 0 4 -1
v 0 4 0
v 0 3 -1
v 0 2 0
v 0 3 -1
v 0 3 0
v 0 2 -1
v 0 1 0
v 0 2 -1
v 0 2 0
v 0 1 -1
v 0 0 0
v 0 1 -1
v 0 1 0
v 0 0 -1
v 3 0 0
v 4 0 -1
v 3 0 -1
v 4 0 0
v 2 0 0
v 3 0 -1
v 2 0 -1
v 3 0 0
v 1 0 0
v 2 0 -1
v 1 0 -1
v 2 0 0
v 0 0 0
v 1 0 -1
v 0 0 -1
v 1 0 0
vt 0 0.9375
vt 0.0625 1
vt 0 1
vt 0.0625 0.9375
vt 0.25 0.75
vt 0.5 1
vt 0.25 1
vt 0.5 0.75
vt 0 0.75
vn 0 0 -1
vn 0 1 0
vn 0 -1 0
vn 1 0 0
vn 0 0 1
vn -1 0 0
vn 0 1 3.6e-7
vn 1 0 -1.6e-7
vn 1 1.6e-7 0
vn 0 -1 -4.8e-7
vn -4.8e-7 -1 0
vn 4.8e-7 -1 -4.8e-7
vn 4.8e-7 -1 0
vn -3.6e-7 -1 0
vn 4.8e-7 1 4.8e-7
vn 4.8e-7 1 0
g Scene
usemtl 0
f 1/1/1 3/2/1 2/3/1
f 1/1/1 4/4/1 3/2/1
f 5/5/2 6/6/2 7/7/2
f 5/5/2 8/8/2 6/6/2
f 9/5/2 10/6/2 11/7/2
f 9/5/2 12/8/2 10/6/2
f 13/5/2 14/6/2 15/7/2
f 13/5/2 16/8/2 14/6/2
f 17/5/2 18/6/2 19/7/2
f 17/5/2 20/8/2 18/6/2
f 21/5/2 22/6/2 23/7/2
f 21/5/2 24/8/2 22/6/2
f 25/5/2 26/6/2 27/7/2
f 25/5/2 28/8/2 26/6/2
f 29/5/2 30/6/2 31/7/2
f 29/5/2 32/8/2 30/6/2
f 33/5/2 34/6/2 35/7/2
f 33/5/2 36/8/2 34/6/2
f 37/5/2 38/6/2 39/7/2
f 37/5/2 40/8/2 38/6/2
f 41/5/2 42/6/2 43/7/2
f 41/5/2 44/8/2 42/6/2
f 45/5/2 46/6/2 47/7/2
f 45/5/2 48/8/2 46/6/2
f 49/5/2 50/6/2 51/7/2
f 49/5/2 52/8/2 50/6/2
f 53/5/2 54/6/2 55/7/2
f 53/5/2 56/8/2 54/6/2
f 57/5/2 58/6/2 59/7/2
f 57/5/2 60/8/2 58/6/2
f 61/5/2 62/6/2 63/7/2
f 61/5/2 64/8/2 62/6/2
f 65/5/2 66/6/2 67/7/2
f 65/5/2 68/8/2 66/6/2
f 69/5/3 70/6/3 71/7/3
f 69/5/3 72/8/3 70/6/3
f 73/5/3 74/6/3 75/7/3
f 73/5/3 76/8/3 74/6/3
f 77/5/3 78/6/3 79/7/3
f 77/5/3 80/8/3 78/6/3
f 81/5/3 82/6/3 83/7/3
f 81/5/3 84/8/3 82/6/3
f 85/5/3 86/6/3 87/7/3
f 85/5/3 88/8/3 86/6/3
f 89/5/3 90/6/3 91/7/3
f 89/5/3 92/8/3 90/6/3
f 93/5/3 94/6/3 95/7/3
f 93/5/3 96/8/3 94/6/3
f 97/5/3 98/6/3 99/7/3
f 97/5/3 100/8/3 98/6/3
f 101/5/3 102/6/3 103/7/3
f 101/5/3 104/8/3 102/6/3
f 105/5/3 106/6/3 107/7/3
f 105/5/3 108/8/3 106/6/3
f 109/5/3 110/6/3 111/7/3
f 109/5/3 112/8/3 110/6/3
f 113/5/3 114/6/3 115/7/3
f 113/5/3 116/8/3 114/6/3
f 117/5/3 118/6/3 119/7/3
f 117/5/3 120/8/3 118/6/3
f 121/5/3 122/6/3 123/7/3
f 121/5/3 124/8/3 122/6/3
f 125/5/3 126/6/3 127/7/3
f 125/5/3 128/8/3 126/6/3
f 129/5/3 130/6/3 131/7/3
f 129/5/3 132/8/3 130/6/3
f 133/1/4 134/2/4 135/3/4
f 133/1/4 136/4/4 134/2/4
f 137/1/4 138/2/4 139/3/4
f 137/1/4 140/4/4 138/2/4
f 141/1/4 142/2/4 143/3/4
f 141/1/4 144/4/4 142/2/4
f 145/1/4 146/2/4 147/3/4
f 145/1/4 148/4/4 146/2/4
f 149/1/5 150/2/5 151/3/5
f 149/1/5 152/4/5 150/2/5
f 153/1/5 154/2/5 155/3/5
f 153/1/5 156/4/5 154/2/5
f 157/1/5 158/2/5 159/3/5
f 157/1/5 160/4/5 158/2/5
f 161/1/5 162/2/5 163/3/5
f 161/1/5 164/4/5 162/2/5
f 165/1/6 166/2/6 167/3/6
f 165/1/6 168/4/6 166/2/6
f 169/1/6 170/2/6 171/3/6
f 169/1/6 172/4/6 170/2/6
f 173/1/6 174/2/6 175/3/6
f 173/1/6 176/4/6 174/2/6
f 177/1/6 178/2/6 179/3/6
f 177/1/6 180/4/6 178/2/6
f 181/1/1 182/2/1 183/3/1
f 181/1/1 184/4/1 182/2/1
f 185/1/1 186/2/1 187/3/1
f 185/1/1 188/4/1 186/2/1
f 189/1/1 190/2/1 191/3/1
f 189/1/1 192/4/1 190/2/1
f 193/5/6 194/6/6 195/7/6
f 193/5/6 196/8/6 194/6/6
f 197/5/6 198/6/6 199/7/6
f 197/5/6 200/8/6 198/6/6
f 201/5/6 202/6/6 203/7/6
f 201/5/6 204/8/6 202/6/6
f 205/5/6 206/6/6 207/7/6
f 205/5/6 208/8/6 206/6/6
f 209/5/2 210/6/2 211/7/2
f 209/5/2 212/8/2 210/6/2
f 213/5/3 214/6/3 215/7/3
f 213/5/3 216/8/3 214/6/3
f 217/5/3 218/6/3 219/7/3
f 217/5/3 220/8/3 218/6/3
f 221/5/3 222/6/3 223/7/3
f 221/5/3 224/8/3 222/6/3
f 225/5/3 226/6/3 227/7/3
f 225/5/3 228/8/3 226/6/3
f 229/5/3 230/6/3 231/7/3
f 229/5/3 232/8/3 230/6/3
f 233/5/6 234/6/6 235/7/6
f 233/5/6 236/8/6 234/6/6
f 237/5/2 238/6/2 239/7/2
f 237/5/2 240/8/2 238/6/2
f 241/5/2 242/6/2 243/7/2
f 241/5/2 244/8/2 242/6/2
f 245/5/6 246/6/6 247/7/6
f 245/5/6 248/8/6 246/6/6
f 249/5/2 250/6/2 251/7/2
f 249/5/2 252/8/2 250/6/2
f 253/5/3 254/6/3 255/7/3
f 253/5/3 256/8/3 254/6/3
f 257/5/7 258/6/7 259/7/7
f 257/5/7 260/8/7 258/6/7
f 261/5/7 262/6/7 263/7/7
f 261/5/7 264/8/7 262/6/7
f 265/5/7 266/6/7 267/7/7
f 265/5/7 268/8/7 266/6/7
f 269/5/7 270/6/7 271/7/7
f 269/5/7 272/8/7 270/6/7
f 273/5/2 274/6/2 275/7/2
f 273/5/2 276/8/2 274/6/2
f 277/5/2 278/6/2 279/7/2
f 277/5/2 280/8/2 278/6/2
f 281/5/2 282/6/2 283/7/2
f 281/5/2 284/8/2 282/6/2
f 285/5/2 286/6/2 287/7/2
f 285/5/2 288/8/2 286/6/2
f 289/5/8 290/6/8 291/7/8
f 289/5/9 292/8/9 290/6/9
f 293/5/9 294/6/9 295/7/9
f 293/5/9 296/8/9 294/6/9
f 297/5/4 298/6/4 299/7/4
f 297/5/4 300/8/4 298/6/4
f 301/5/4 302/6/4 303/7/4
f 301/5/4 304/8/4 302/6/4
f 305/5/4 306/6/4 307/7/4
f 305/5/4 308/8/4 306/6/4
f 309/5/8 310/6/8 311/7/8
f 309/5/8 312/8/8 310/6/8
f 313/5/8 314/6/8 315/7/8
f 313/5/8 316/8/8 314/6/8
f 317/5/8 318/6/8 319/7/8
f 317/5/8 320/8/8 318/6/8
f 321/5/6 322/6/6 323/7/6
f 321/5/6 324/8/6 322/6/6
f 325/5/6 326/6/6 327/7/6
f 325/5/6 328/8/6 326/6/6
f 329/5/6 330/6/6 331/7/6
f 329/5/6 332/8/6 330/6/6
f 333/5/6 334/6/6 335/7/6
f 333/5/6 336/8/6 334/6/6
f 337/5/6 338/6/6 339/7/6
f 337/5/6 340/8/6 338/6/6
f 341/5/6 342/6/6 343/7/6
f 341/5/6 344/8/6 342/6/6
f 345/5/6 346/6/6 347/7/6
f 345/5/6 348/8/6 346/6/6
f 349/5/6 350/6/6 351/7/6
f 349/5/6 352/8/6 350/6/6
f 353/5/10 354/6/10 355/7/10
f 353/5/11 356/8/11 354/6/11
f 357/5/10 358/6/10 359/7/10
f 357/5/10 360/8/10 358/6/10
f 361/5/10 362/6/10 363/7/10
f 361/5/10 364/8/10 362/6/10
f 365/5/3 366/6/3 367/7/3
f 365/5/12 368/8/12 366/6/12
f 369/5/3 370/6/3 371/7/3
f 369/5/3 372/8/3 370/6/3
f 373/5/3 374/6/3 375/7/3
f 373/5/3 376/8/3 374/6/3
f 377/5/11 378/6/11 379/7/11
f 377/5/11 380/8/11 378/6/11
f 381/5/13 382/6/13 383/7/13
f 381/5/13 384/8/13 382/6/13
f 385/5/2 386/6/2 387/7/2
f 385/5/2 388/8/2 386/6/2
f 389/5/2 390/6/2 391/7/2
f 389/5/2 392/8/2 390/6/2
f 393/5/2 394/6/2 395/7/2
f 393/5/2 396/8/2 394/6/2
f 397/5/2 398/6/2 399/7/2
f 397/5/2 400/8/2 398/6/2
f 401/5/2 402/6/2 403/7/2
f 401/5/2 404/8/2 402/6/2
f 405/5/2 406/6/2 407/7/2
f 405/5/2 408/8/2 406/6/2
f 409/5/2 410/6/2 411/7/2
f 409/5/2 412/8/2 410/6/2
f 413/5/2 414/6/2 415/7/2
f 413/5/2 416/8/2 414/6/2
f 417/5/2 418/6/2 419/7/2
f 417/5/2 420/8/2 418/6/2
f 421/9/2 422/7/2 423/3/2
f 421/9/2 424/5/2 422/7/2
f 425/5/2 426/6/2 427/7/2
f 425/5/2 428/8/2 426/6/2
f 429/5/2 430/6/2 431/7/2
f 429/5/2 432/8/2 430/6/2
f 433/5/2 434/6/2 435/7/2
f 433/5/2 436/8/2 434/6/2
f 437/5/2 438/6/2 439/7/2
f 437/5/2 440/8/2 438/6/2
f 441/5/2 442/6/2 443/7/2
f 441/5/2 444/8/2 442/6/2
f 445/5/2 446/6/2 447/7/2
f 445/5/2 448/8/2 446/6/2
f 449/9/6 450/7/6 451/3/6
f 449/9/6 452/5/6 450/7/6
f 453/9/6 454/7/6 455/3/6
f 453/9/6 456/5/6 454/7/6
f 457/9/6 458/7/6 459/3/6
f 457/9/6 460/5/6 458/7/6
f 461/9/6 462/7/6 463/3/6
f 461/9/6 464/5/6 462/7/6
f 465/9/5 466/7/5 467/3/5
f 465/9/5 468/5/5 466/7/5
f 469/9/5 470/7/5 471/3/5
f 469/9/5 472/5/5 470/7/5
f 473/9/5 474/7/5 475/3/5
f 473/9/5 476/5/5 474/7/5
f 477/9/5 478/7/5 479/3/5
f 477/9/5 480/5/5 478/7/5
f 481/9/4 482/7/4 483/3/4
f 481/9/4 484/5/4 482/7/4
f 485/9/4 486/7/4 487/3/4
f 485/9/4 488/5/4 486/7/4
f 489/9/4 490/7/4 491/3/4
f 489/9/4 492/5/4 490/7/4
f 493/9/4 494/7/4 495/3/4
f 493/9/4 496/5/4 494/7/4
f 497/5/3 498/6/3 499/7/3
f 497/5/3 500/8/3 498/6/3
f 501/5/3 502/6/3 503/7/3
f 501/5/3 504/8/3 502/6/3
f 505/5/3 506/6/3 507/7/3
f 505/5/3 508/8/3 506/6/3
f 509/5/3 510/6/3 511/7/3
f 509/5/3 512/8/3 510/6/3
f 513/5/3 514/6/3 515/7/3
f 513/5/3 516/8/3 514/6/3
f 517/5/3 518/6/3 519/7/3
f 517/5/3 520/8/3 518/6/3
f 521/5/3 522/6/3 523/7/3
f 521/5/3 524/8/3 522/6/3
f 525/5/3 526/6/3 527/7/3
f 525/5/3 528/8/3 526/6/3
f 529/5/3 530/6/3 531/7/3
f 529/5/3 532/8/3 530/6/3
f 533/5/3 534/6/3 535/7/3
f 533/5/3 536/8/3 534/6/3
f 537/5/3 538/6/3 539/7/3
f 537/5/3 540/8/3 538/6/3
f 541/5/3 542/6/3 543/7/3
f 541/5/3 544/8/3 542/6/3
f 545/5/3 546/6/3 547/7/3
f 545/5/3 548/8/3 546/6/3
f 549/5/3 550/6/3 551/7/3
f 549/5/3 552/8/3 550/6/3
f 553/5/3 554/6/3 555/7/3
f 553/5/3 556/8/3 554/6/3
f 557/5/3 558/6/3 559/7/3
f 557/5/3 560/8/3 558/6/3
f 561/9/2 562/7/2 563/3/2
f 561/9/2 564/5/2 562/7/2
f 565/9/2 566/7/2 567/3/2
f 565/9/2 568/5/2 566/7/2
f 569/9/2 570/7/2 571/3/2
f 569/9/2 572/5/2 570/7/2
f 573/5/2 574/6/2 575/7/2
f 573/5/2 576/8/2 574/6/2
f 577/9/2 578/7/2 579/3/2
f 577/9/2 580/5/2 578/7/2
f 581/9/2 582/7/2 583/3/2
f 581/9/2 584/5/2 582/7/2
f 585/9/2 586/7/2 587/3/2
f 585/9/2 588/5/2 586/7/2
f 589/9/2 590/7/2 591/3/2
f 589/9/2 592/5/2 590/7/2
f 593/9/2 594/7/2 595/3/2
f 593/9/2 596/5/2 594/7/2
f 597/9/2 598/7/2 599/3/2
f 597/9/2 600/5/2 598/7/2
f 601/9/2 602/7/2 603/3/2
f 601/9/2 604/5/2 602/7/2
f 605/9/2 606/7/2 607/3/2
f 605/9/2 608/5/2 606/7/2
f 609/9/2 610/7/2 611/3/2
f 609/9/2 612/5/2 610/7/2
f 613/9/2 614/7/2 615/3/2
f 613/9/2 616/5/2 614/7/2
f 617/9/2 618/7/2 619/3/2
f 617/9/2 620/5/2 618/7/2
f 621/9/2 622/7/2 623/3/2
f 621/9/2 624/5/2 622/7/2
f 625/9/2 626/7/2 627/3/2
f 625/9/2 628/5/2 626/7/2
f 629/9/2 630/7/2 631/3/2
f 629/9/2 632/5/2 630/7/2
f 633/9/2 634/7/2 635/3/2
f 633/9/2 636/5/2 634/7/2
f 637/9/2 638/7/2 639/3/2
f 637/9/2 640/5/2 638/7/2
f 641/9/2 642/7/2 643/3/2
f 641/9/2 644/5/2 642/7/2
f 645/9/2 646/7/2 647/3/2
f 645/9/2 648/5/2 646/7/2
f 649/9/2 650/7/2 651/3/2
f 649/9/2 652/5/2 650/7/2
f 653/9/2 654/7/2 655/3/2
f 653/9/2 656/5/2 654/7/2
f 657/9/2 658/7/2 659/3/2
f 657/9/2 660/5/2 658/7/2
f 661/9/2 662/7/2 663/3/2
f 661/9/2 664/5/2 662/7/2
f 665/9/2 666/7/2 667/3/2
f 665/9/2 668/5/2 666/7/2
f 669/9/2 670/7/2 671/3/2
f 669/9/2 672/5/2 670/7/2
f 673/9/2 674/7/2 675/3/2
f 673/9/2 676/5/2 674/7/2
f 677/9/2 678/7/2 679/3/2
f 677/9/2 680/5/2 678/7/2
f 681/9/2 682/7/2 683/3/2
f 681/9/2 684/5/2 682/7/2
f 685/9/2 686/7/2 687/3/2
f 685/9/2 688/5/2 686/7/2
f 689/5/2 690/6/2 691/7/2
f 689/5/2 692/8/2 690/6/2
f 693/5/2 694/6/2 695/7/2
f 693/5/2 696/8/2 694/6/2
f 697/5/2 698/6/2 699/7/2
f 697/5/2 700/8/2 698/6/2
f 701/5/2 702/6/2 703/7/2
f 701/5/2 704/8/2 702/6/2
f 705/5/2 706/6/2 707/7/2
f 705/5/2 708/8/2 706/6/2
f 709/5/2 710/6/2 711/7/2
f 709/5/2 712/8/2 710/6/2
f 713/5/2 714/6/2 715/7/2
f 713/5/2 716/8/2 714/6/2
f 717/5/2 718/6/2 719/7/2
f 717/5/2 720/8/2 718/6/2
f 721/5/2 722/6/2 723/7/2
f 721/5/2 724/8/2 722/6/2
f 725/5/2 726/6/2 727/7/2
f 725/5/2 728/8/2 726/6/2
f 729/5/2 730/6/2 731/7/2
f 729/5/2 732/8/2 730/6/2
f 733/5/2 734/6/2 735/7/2
f 733/5/2 736/8/2 734/6/2
f 737/5/2 738/6/2 739/7/2
f 737/5/2 740/8/2 738/6/2
f 741/5/2 742/6/2 743/7/2
f 741/5/2 744/8/2 742/6/2
f 745/5/2 746/6/2 747/7/2
f 745/5/2 748/8/2 746/6/2
f 749/5/2 750/6/2 751/7/2
f 749/5/2 752/8/2 750/6/2
f 753/9/4 754/7/4 755/3/4
f 753/9/4 756/5/4 754/7/4
f 757/9/4 758/7/4 759/3/4
f 757/9/4 760/5/4 758/7/4
f 761/9/4 762/7/4 763/3/4
f 761/9/4 764/5/4 762/7/4
f 765/9/4 766/7/4 767/3/4
f 765/9/4 768/5/4 766/7/4
f 769/9/4 770/7/4 771/3/4
f 769/9/4 772/5/4 770/7/4
f 773/9/4 774/7/4 775/3/4
f 773/9/4 776/5/4 774/7/4
f 777/9/4 778/7/4 779/3/4
f 777/9/4 780/5/4 778/7/4
f 781/9/4 782/7/4 783/3/4
f 781/9/4 784/5/4 782/7/4
f 785/9/4 786/7/4 787/3/4
f 785/9/4 788/5/4 786/7/4
f 789/9/4 790/7/4 791/3/4
f 789/9/4 792/5/4 790/7/4
f 793/9/4 794/7/4 795/3/4
f 793/9/4 796/5/4 794/7/4
f 797/9/4 798/7/4 799/3/4
f 797/9/4 800/5/4 798/7/4
f 801/9/6 802/7/6 803/3/6
f 801/9/6 804/5/6 802/7/6
f 805/9/6 806/7/6 807/3/6
f 805/9/6 808/5/6 806/7/6
f 809/9/6 810/7/6 811/3/6
f 809/9/6 812/5/6 810/7/6
f 813/9/6 814/7/6 815/3/6
f 813/9/6 816/5/6 814/7/6
f 817/9/6 818/7/6 819/3/6
f 817/9/6 820/5/6 818/7/6
f 821/9/6 822/7/6 823/3/6
f 821/9/6 824/5/6 822/7/6
f 825/9/6 826/7/6 827/3/6
f 825/9/6 828/5/6 826/7/6
f 829/9/6 830/7/6 831/3/6
f 829/9/6 832/5/6 830/7/6
f 833/9/6 834/7/6 835/3/6
f 833/9/6 836/5/6 834/7/6
f 837/9/6 838/7/6 839/3/6
f 837/9/6 840/5/6 838/7/6
f 841/9/6 842/7/6 843/3/6
f 841/9/6 844/5/6 842/7/6
f 845/9/6 846/7/6 847/3/6
f 845/9/6 848/5/6 846/7/6
f 849/9/1 850/7/1 851/3/1
f 849/9/1 852/5/1 850/7/1
f 853/9/1 854/7/1 855/3/1
f 853/9/1 856/5/1 854/7/1
f 857/9/1 858/7/1 859/3/1
f 857/9/1 860/5/1 858/7/1
f 861/9/1 862/7/1 863/3/1
f 861/9/1 864/5/1 862/7/1
f 865/5/3 866/6/3 867/7/3
f 865/5/3 868/8/3 866/6/3
f 869/5/3 870/6/3 871/7/3
f 869/5/3 872/8/3 870/6/3
f 873/5/3 874/6/3 875/7/3
f 873/5/3 876/8/3 874/6/3
f 877/5/3 878/6/3 879/7/3
f 877/5/3 880/8/3 878/6/3
f 881/5/3 882/6/3 883/7/3
f 881/5/3 884/8/3 882/6/3
f 885/5/3 886/6/3 887/7/3
f 885/5/3 888/8/3 886/6/3
f 889/5/3 890/6/3 891/7/3
f 889/5/3 892/8/3 890/6/3
f 893/5/3 894/6/3 895/7/3
f 893/5/3 896/8/3 894/6/3
f 897/5/3 898/6/3 899/7/3
f 897/5/3 900/8/3 898/6/3
f 901/5/3 902/6/3 903/7/3
f 901/5/3 904/8/3 902/6/3
f 905/5/3 906/6/3 907/7/3
f 905/5/3 908/8/3 906/6/3
f 909/5/3 910/6/3 911/7/3
f 909/5/3 912/8/3 910/6/3
f 913/5/3 914/6/3 915/7/3
f 913/5/3 916/8/3 914/6/3
f 917/5/3 918/6/3 919/7/3
f 917/5/3 920/8/3 918/6/3
f 921/5/3 922/6/3 923/7/3
f 921/5/3 924/8/3 922/6/3
f 925/5/3 926/6/3 927/7/3
f 925/5/3 928/8/3 926/6/3
f 929/9/3 930/7/3 931/3/3
f 929/9/3 932/5/3 930/7/3
f 933/9/3 934/7/3 935/3/3
f 933/9/3 936/5/3 934/7/3
f 937/9/3 938/7/3 939/3/3
f 937/9/3 940/5/3 938/7/3
f 941/9/3 942/7/3 943/3/3
f 941/9/3 944/5/3 942/7/3
f 945/9/3 946/7/3 947/3/3
f 945/9/3 948/5/3 946/7/3
f 949/9/3 950/7/3 951/3/3
f 949/9/3 952/5/3 950/7/3
f 953/9/3 954/7/3 955/3/3
f 953/9/3 956/5/3 954/7/3
f 957/9/3 958/7/3 959/3/3
f 957/9/3 960/5/3 958/7/3
f 961/9/3 962/7/3 963/3/3
f 961/9/3 964/5/3 962/7/3
f 965/9/3 966/7/3 967/3/3
f 965/9/3 968/5/3 966/7/3
f 969/9/3 970/7/3 971/3/3
f 969/9/3 972/5/3 970/7/3
f 973/9/3 974/7/3 975/3/3
f 973/9/3 976/5/3 974/7/3
f 977/9/3 978/7/3 979/3/3
f 977/9/3 980/5/3 978/7/3
f 981/9/3 982/7/3 983/3/3
f 981/9/3 984/5/3 982/7/3
f 985/9/3 986/7/3 987/3/3
f 985/9/3 988/5/3 986/7/3
f 989/9/3 990/7/3 991/3/3
f 989/9/3 992/5/3 990/7/3
f 993/9/3 994/7/3 995/3/3
f 993/9/3 996/5/3 994/7/3
f 997/9/3 998/7/3 999/3/3
f 997/9/3 1000/5/3 998/7/3
f 1001/9/3 1002/7/3 1003/3/3
f 1001/9/3 1004/5/3 1002/7/3
f 1005/9/3 1006/7/3 1007/3/3
f 1005/9/3 1008/5/3 1006/7/3
f 1009/9/3 1010/7/3 1011/3/3
f 1009/9/3 1012/5/3 1010/7/3
f 1013/9/3 1014/7/3 1015/3/3
f 1013/9/3 1016/5/3 1014/7/3
f 1017/9/3 1018/7/3 1019/3/3
f 1017/9/3 1020/5/3 1018/7/3
f 1021/9/3 1022/7/3 1023/3/3
f 1021/9/3 1024/5/3 1022/7/3
f 1025/9/3 1026/7/3 1027/3/3
f 1025/9/3 1028/5/3 1026/7/3
f 1029/9/3 1030/7/3 1031/3/3
f 1029/9/3 1032/5/3 1030/7/3
f 1033/9/3 1034/7/3 1035/3/3
f 1033/9/3 1036/5/3 1034/7/3
f 1037/9/3 1038/7/3 1039/3/3
f 1037/9/3 1040/5/3 1038/7/3
f 1041/9/3 1042/7/3 1043/3/3
f 1041/9/3 1044/5/3 1042/7/3
f 1045/9/3 1046/7/3 1047/3/3
f 1045/9/3 1048/5/3 1046/7/3
f 1049/9/3 1050/7/3 1051/3/3
f 1049/9/3 1052/5/3 1050/7/3
f 1053/9/3 1054/7/3 1055/3/3
f 1053/9/3 1056/5/3 1054/7/3
f 1057/5/6 1058/6/6 1059/7/6
f 1057/5/6 1060/8/6 1058/6/6
f 1061/5/6 1062/6/6 1063/7/6
f 1061/5/6 1064/8/6 1062/6/6
f 1065/5/6 1066/6/6 1067/7/6
f 1065/5/6 1068/8/6 1066/6/6
f 1069/5/6 1070/6/6 1071/7/6
f 1069/5/6 1072/8/6 1070/6/6
f 1073/5/6 1074/6/6 1075/7/6
f 1073/5/6 1076/8/6 1074/6/6
f 1077/5/6 1078/6/6 1079/7/6
f 1077/5/6 1080/8/6 1078/6/6
f 1081/5/6 1082/6/6 1083/7/6
f 1081/5/6 1084/8/6 1082/6/6
f 1085/5/6 1086/6/6 1087/7/6
f 1085/5/6 1088/8/6 1086/6/6
f 1089/5/6 1090/6/6 1091/7/6
f 1089/5/6 1092/8/6 1090/6/6
f 1093/5/6 1094/6/6 1095/7/6
f 1093/5/6 1096/8/6 1094/6/6
f 1097/5/6 1098/6/6 1099/7/6
f 1097/5/6 1100/8/6 1098/6/6
f 1101/5/6 1102/6/6 1103/7/6
f 1101/5/6 1104/8/6 1102/6/6
f 1105/5/6 1106/6/6 1107/7/6
f 1105/5/6 1108/8/6 1106/6/6
f 1109/5/6 1110/6/6 1111/7/6
f 1109/5/6 1112/8/6 1110/6/6
f 1113/5/6 1114/6/6 1115/7/6
f 1113/5/6 1116/8/6 1114/6/6
f 1117/5/6 1118/6/6 1119/7/6
f 1117/5/6 1120/8/6 1118/6/6
f 1121/9/5 1122/7/5 1123/3/5
f 1121/9/5 1124/5/5 1122/7/5
f 1125/9/5 1126/7/5 1127/3/5
f 1125/9/5 1128/5/5 1126/7/5
f 1129/9/5 1130/7/5 1131/3/5
f 1129/9/5 1132/5/5 1130/7/5
f 1133/9/5 1134/7/5 1135/3/5
f 1133/9/5 1136/5/5 1134/7/5
f 1137/9/3 1138/7/3 1139/3/3
f 1137/9/3 1140/5/3 1138/7/3
f 1141/9/3 1142/7/3 1143/3/3
f 1141/9/3 1144/5/3 1142/7/3
f 1145/9/3 1146/7/3 1147/3/3
f 1145/9/3 1148/5/3 1146/7/3
f 1149/9/3 1150/7/3 1151/3/3
f 1149/9/3 1152/5/3 1150/7/3
f 1153/9/2 1154/7/2 1155/3/2
f 1153/9/2 1156/5/2 1154/7/2
f 1157/9/2 1158/7/2 1159/3/2
f 1157/9/2 1160/5/2 1158/7/2
f 1161/9/2 1162/7/2 1163/3/2
f 1161/9/2 1164/5/2 1162/7/2
f 1165/9/2 1166/7/2 1167/3/2
f 1165/9/2 1168/5/2 1166/7/2
f 1169/5/2 1170/6/2 1171/7/2
f 1169/5/2 1172/8/2 1170/6/2
f 1173/5/2 1174/6/2 1175/7/2
f 1173/5/2 1176/8/2 1174/6/2
f 1177/5/2 1178/6/2 1179/7/2
f 1177/5/2 1180/8/2 1178/6/2
f 1181/5/2 1182/6/2 1183/7/2
f 1181/5/2 1184/8/2 1182/6/2
f 1185/5/4 1186/6/4 1187/7/4
f 1185/5/4 1188/8/4 1186/6/4
f 1189/5/4 1190/6/4 1191/7/4
f 1189/5/4 1192/8/4 1190/6/4
f 1193/5/4 1194/6/4 1195/7/4
f 1193/5/4 1196/8/4 1194/6/4
f 1197/5/4 1198/6/4 1199/7/4
f 1197/5/4 1200/8/4 1198/6/4
f 1201/5/4 1202/6/4 1203/7/4
f 1201/5/4 1204/8/4 1202/6/4
f 1205/5/4 1206/6/4 1207/7/4
f 1205/5/4 1208/8/4 1206/6/4
f 1209/5/4 1210/6/4 1211/7/4
f 1209/5/4 1212/8/4 1210/6/4
f 1213/5/4 1214/6/4 1215/7/4
f 1213/5/4 1216/8/4 1214/6/4
f 1217/5/4 1218/6/4 1219/7/4
f 1217/5/4 1220/8/4 1218/6/4
f 1221/5/4 1222/6/4 1223/7/4
f 1221/5/4 1224/8/4 1222/6/4
f 1225/5/4 1226/6/4 1227/7/4
f 1225/5/4 1228/8/4 1226/6/4
f 1229/5/4 1230/6/4 1231/7/4
f 1229/5/4 1232/8/4 1230/6/4
f 1233/5/4 1234/6/4 1235/7/4
f 1233/5/4 1236/8/4 1234/6/4
f 1237/5/4 1238/6/4 1239/7/4
f 1237/5/4 1240/8/4 1238/6/4
f 1241/5/4 1242/6/4 1243/7/4
f 1241/5/4 1244/8/4 1242/6/4
f 1245/5/4 1246/6/4 1247/7/4
f 1245/5/4 1248/8/4 1246/6/4
f 1249/5/4 1250/6/4 1251/7/4
f 1249/5/4 1252/8/4 1250/6/4
f 1253/5/4 1254/6/4 1255/7/4
f 1253/5/4 1256/8/4 1254/6/4
f 1257/5/4 1258/6/4 1259/7/4
f 1257/5/4 1260/8/4 1258/6/4
f 1261/5/4 1262/6/4 1263/7/4
f 1261/5/4 1264/8/4 1262/6/4
f 1265/5/4 1266/6/4 1267/7/4
f 1265/5/4 1268/8/4 1266/6/4
f 1269/5/4 1270/6/4 1271/7/4
f 1269/5/4 1272/8/4 1270/6/4
f 1273/5/4 1274/6/4 1275/7/4
f 1273/5/4 1276/8/4 1274/6/4
f 1277/5/4 1278/6/4 1279/7/4
f 1277/5/4 1280/8/4 1278/6/4
f 1281/5/4 1282/6/4 1283/7/4
f 1281/5/4 1284/8/4 1282/6/4
f 1285/5/4 1286/6/4 1287/7/4
f 1285/5/4 1288/8/4 1286/6/4
f 1289/5/4 1290/6/4 1291/7/4
f 1289/5/4 1292/8/4 1290/6/4
f 1293/5/4 1294/6/4 1295/7/4
f 1293/5/4 1296/8/4 1294/6/4
f 1297/5/4 1298/6/4 1299/7/4
f 1297/5/4 1300/8/4 1298/6/4
f 1301/5/4 1302/6/4 1303/7/4
f 1301/5/4 1304/8/4 1302/6/4
f 1305/5/4 1306/6/4 1307/7/4
f 1305/5/4 1308/8/4 1306/6/4
f 1309/5/4 1310/6/4 1311/7/4
f 1309/5/4 1312/8/4 1310/6/4
f 1313/9/1 1314/7/1 1315/3/1
f 1313/9/1 1316/5/1 1314/7/1
f 1317/9/1 1318/7/1 1319/3/1
f 1317/9/1 1320/5/1 1318/7/1
f 1321/9/1 1322/7/1 1323/3/1
f 1321/9/1 1324/5/1 1322/7/1
f 1325/9/1 1326/7/1 1327/3/1
f 1325/9/1 1328/5/1 1326/7/1
f 1329/9/3 1330/7/3 1331/3/3
f 1329/9/3 1332/5/3 1330/7/3
f 1333/9/3 1334/7/3 1335/3/3
f 1333/9/3 1336/5/3 1334/7/3
f 1337/9/3 1338/7/3 1339/3/3
f 1337/9/3 1340/5/3 1338/7/3
f 1341/9/3 1342/7/3 1343/3/3
f 1341/9/3 1344/5/3 1342/7/3
f 1345/9/5 1346/7/5 1347/3/5
f 1345/9/5 1348/5/5 1346/7/5
f 1349/9/5 1350/7/5 1351/3/5
f 1349/9/5 1352/5/5 1350/7/5
f 1353/9/5 1354/7/5 1355/3/5
f 1353/9/5 1356/5/5 1354/7/5
f 1357/9/5 1358/7/5 1359/3/5
f 1357/9/5 1360/5/5 1358/7/5
f 1361/9/2 1362/7/2 1363/3/2
f 1361/9/2 1364/5/2 1362/7/2
f 1365/9/2 1366/7/2 1367/3/2
f 1365/9/2 1368/5/2 1366/7/2
f 1369/9/2 1370/7/2 1371/3/2
f 1369/9/2 1372/5/2 1370/7/2
f 1373/9/2 1374/7/2 1375/3/2
f 1373/9/2 1376/5/2 1374/7/2
f 1377/5/6 1378/6/6 1379/7/6
f 1377/5/6 1380/8/6 1378/6/6
f 1381/5/6 1382/6/6 1383/7/6
f 1381/5/6 1384/8/6 1382/6/6
f 1385/5/6 1386/6/6 1387/7/6
f 1385/5/6 1388/8/6 1386/6/6
f 1389/5/6 1390/6/6 1391/7/6
f 1389/5/6 1392/8/6 1390/6/6
f 1393/5/6 1394/6/6 1395/7/6
f 1393/5/6 1396/8/6 1394/6/6
f 1397/5/6 1398/6/6 1399/7/6
f 1397/5/6 1400/8/6 1398/6/6
f 1401/5/6 1402/6/6 1403/7/6
f 1401/5/6 1404/8/6 1402/6/6
f 1405/5/6 1406/6/6 1407/7/6
f 1405/5/6 1408/8/6 1406/6/6
f 1409/5/6 1410/6/6 1411/7/6
f 1409/5/6 1412/8/6 1410/6/6
f 1413/5/6 1414/6/6 1415/7/6
f 1413/5/6 1416/8/6 1414/6/6
f 1417/5/6 1418/6/6 1419/7/6
f 1417/5/6 1420/8/6 1418/6/6
f 1421/5/6 1422/6/6 1423/7/6
f 1421/5/6 1424/8/6 1422/6/6
f 1425/5/6 1426/6/6 1427/7/6
f 1425/5/6 1428/8/6 1426/6/6
f 1429/5/6 1430/6/6 1431/7/6
f 1429/5/6 1432/8/6 1430/6/6
f 1433/5/6 1434/6/6 1435/7/6
f 1433/5/6 1436/8/6 1434/6/6
f 1437/5/6 1438/6/6 1439/7/6
f 1437/5/6 1440/8/6 1438/6/6
f 1441/5/3 1442/6/3 1443/7/3
f 1441/5/3 1444/8/3 1442/6/3
f 1445/5/3 1446/6/3 1447/7/3
f 1445/5/3 1448/8/3 1446/6/3
f 1449/5/3 1450/6/3 1451/7/3
f 1449/5/3 1452/8/3 1450/6/3
f 1453/5/3 1454/6/3 1455/7/3
f 1453/5/3 1456/8/3 1454/6/3
f 1457/5/3 1458/6/3 1459/7/3
f 1457/5/3 1460/8/3 1458/6/3
f 1461/5/3 1462/6/3 1463/7/3
f 1461/5/3 1464/8/3 1462/6/3
f 1465/5/3 1466/6/3 1467/7/3
f 1465/5/3 1468/8/3 1466/6/3
f 1469/5/3 1470/6/3 1471/7/3
f 1469/5/3 1472/8/3 1470/6/3
f 1473/5/3 1474/6/3 1475/7/3
f 1473/5/3 1476/8/3 1474/6/3
f 1477/5/3 1478/6/3 1479/7/3
f 1477/5/3 1480/8/3 1478/6/3
f 1481/5/3 1482/6/3 1483/7/3
f 1481/5/3 1484/8/3 1482/6/3
f 1485/5/3 1486/6/3 1487/7/3
f 1485/5/3 1488/8/3 1486/6/3
f 1489/5/3 1490/6/3 1491/7/3
f 1489/5/3 1492/8/3 1490/6/3
f 1493/5/3 1494/6/3 1495/7/3
f 1493/5/3 1496/8/3 1494/6/3
f 1497/5/3 1498/6/3 1499/7/3
f 1497/5/3 1500/8/3 1498/6/3
f 1501/5/3 1502/6/3 1503/7/3
f 1501/5/3 1504/8/3 1502/6/3
f 1505/9/3 1506/7/3 1507/3/3
f 1505/9/3 1508/5/3 1506/7/3
f 1509/9/3 1510/7/3 1511/3/3
f 1509/9/3 1512/5/3 1510/7/3
f 1513/9/3 1514/7/3 1515/3/3
f 1513/9/3 1516/5/3 1514/7/3
f 1517/9/3 1518/7/3 1519/3/3
f 1517/9/3 1520/5/3 1518/7/3
f 1521/9/3 1522/7/3 1523/3/3
f 1521/9/3 1524/5/3 1522/7/3
f 1525/9/3 1526/7/3 1527/3/3
f 1525/9/3 1528/5/3 1526/7/3
f 1529/9/3 1530/7/3 1531/3/3
f 1529/9/3 1532/5/3 1530/7/3
f 1533/9/3 1534/7/3 1535/3/3
f 1533/9/3 1536/5/3 1534/7/3
f 1537/9/3 1538/7/3 1539/3/3
f 1537/9/3 1540/5/3 1538/7/3
f 1541/9/3 1542/7/3 1543/3/3
f 1541/9/3 1544/5/3 1542/7/3
f 1545/9/3 1546/7/3 1547/3/3
f 1545/9/3 1548/5/3 1546/7/3
f 1549/9/3 1550/7/3 1551/3/3
f 1549/9/3 1552/5/3 1550/7/3
f 1553/9/3 1554/7/3 1555/3/3
f 1553/9/3 1556/5/3 1554/7/3
f 1557/9/3 1558/7/3 1559/3/3
f 1557/9/3 1560/5/3 1558/7/3
f 1561/9/3 1562/7/3 1563/3/3
f 1561/9/3 1564/5/3 1562/7/3
f 1565/9/3 1566/7/3 1567/3/3
f 1565/9/3 1568/5/3 1566/7/3
f 1569/5/3 1570/6/3 1571/7/3
f 1569/5/3 1572/8/3 1570/6/3
f 1573/5/3 1574/6/3 1575/7/3
f 1573/5/3 1576/8/3 1574/6/3
f 1577/5/3 1578/6/3 1579/7/3
f 1577/5/3 1580/8/3 1578/6/3
f 1581/5/3 1582/6/3 1583/7/3
f 1581/5/3 1584/8/3 1582/6/3
f 1585/5/3 1586/6/3 1587/7/3
f 1585/5/3 1588/8/3 1586/6/3
f 1589/5/3 1590/6/3 1591/7/3
f 1589/5/3 1592/8/3 1590/6/3
f 1593/5/3 1594/6/3 1595/7/3
f 1593/5/3 1596/8/3 1594/6/3
f 1597/5/3 1598/6/3 1599/7/3
f 1597/5/3 1600/8/3 1598/6/3
f 1601/5/3 1602/6/3 1603/7/3
f 1601/5/3 1604/8/3 1602/6/3
f 1605/5/3 1606/6/3 1607/7/3
f 1605/5/3 1608/8/3 1606/6/3
f 1609/5/3 1610/6/3 1611/7/3
f 1609/5/3 1612/8/3 1610/6/3
f 1613/5/3 1614/6/3 1615/7/3
f 1613/5/3 1616/8/3 1614/6/3
f 1617/5/3 1618/6/3 1619/7/3
f 1617/5/3 1620/8/3 1618/6/3
f 1621/5/3 1622/6/3 1623/7/3
f 1621/5/3 1624/8/3 1622/6/3
f 1625/5/3 1626/6/3 1627/7/3
f 1625/5/3 1628/8/3 1626/6/3
f 1629/5/3 1630/6/3 1631/7/3
f 1629/5/3 1632/8/3 1630/6/3
f 1633/9/4 1634/7/4 1635/3/4
f 1633/9/4 1636/5/4 1634/7/4
f 1637/9/4 1638/7/4 1639/3/4
f 1637/9/4 1640/5/4 1638/7/4
f 1641/9/4 1642/7/4 1643/3/4
f 1641/9/4 1644/5/4 1642/7/4
f 1645/9/4 1646/7/4 1647/3/4
f 1645/9/4 1648/5/4 1646/7/4
f 1649/9/4 1650/7/4 1651/3/4
f 1649/9/4 1652/5/4 1650/7/4
f 1653/9/4 1654/7/4 1655/3/4
f 1653/9/4 1656/5/4 1654/7/4
f 1657/9/4 1658/7/4 1659/3/4
f 1657/9/4 1660/5/4 1658/7/4
f 1661/9/4 1662/7/4 1663/3/4
f 1661/9/4 1664/5/4 1662/7/4
f 1665/9/4 1666/7/4 1667/3/4
f 1665/9/4 1668/5/4 1666/7/4
f 1669/9/4 1670/7/4 1671/3/4
f 1669/9/4 1672/5/4 1670/7/4
f 1673/9/4 1674/7/4 1675/3/4
f 1673/9/4 1676/5/4 1674/7/4
f 1677/9/4 1678/7/4 1679/3/4
f 1677/9/4 1680/5/4 1678/7/4
f 1681/9/5 1682/7/5 1683/3/5
f 1681/9/5 1684/5/5 1682/7/5
f 1685/9/5 1686/7/5 1687/3/5
f 1685/9/5 1688/5/5 1686/7/5
f 1689/9/5 1690/7/5 1691/3/5
f 1689/9/5 1692/5/5 1690/7/5
f 1693/9/5 1694/7/5 1695/3/5
f 1693/9/5 1696/5/5 1694/7/5
f 1697/9/1 1698/7/1 1699/3/1
f 1697/9/1 1700/5/1 1698/7/1
f 1701/9/1 1702/7/1 1703/3/1
f 1701/9/1 1704/5/1 1702/7/1
f 1705/9/1 1706/7/1 1707/3/1
f 1705/9/1 1708/5/1 1706/7/1
f 1709/9/1 1710/7/1 1711/3/1
f 1709/9/1 1712/5/1 1710/7/1
f 1713/9/6 1714/7/6 1715/3/6
f 1713/9/6 1716/5/6 1714/7/6
f 1717/9/6 1718/7/6 1719/3/6
f 1717/9/6 1720/5/6 1718/7/6
f 1721/9/6 1722/7/6 1723/3/6
f 1721/9/6 1724/5/6 1722/7/6
f 1725/9/6 1726/7/6 1727/3/6
f 1725/9/6 1728/5/6 1726/7/6
f 1729/9/6 1730/7/6 1731/3/6
f 1729/9/6 1732/5/6 1730/7/6
f 1733/9/6 1734/7/6 1735/3/6
f 1733/9/6 1736/5/6 1734/7/6
f 1737/9/6 1738/7/6 1739/3/6
f 1737/9/6 1740/5/6 1738/7/6
f 1741/9/6 1742/7/6 1743/3/6
f 1741/9/6 1744/5/6 1742/7/6
f 1745/9/6 1746/7/6 1747/3/6
f 1745/9/6 1748/5/6 1746/7/6
f 1749/9/6 1750/7/6 1751/3/6
f 1749/9/6 1752/5/6 1750/7/6
f 1753/9/6 1754/7/6 1755/3/6
f 1753/9/6 1756/5/6 1754/7/6
f 1757/9/6 1758/7/6 1759/3/6
f 1757/9/6 1760/5/6 1758/7/6
f 1761/5/2 1762/6/2 1763/7/2
f 1761/5/2 1764/8/2 1762/6/2
f 1765/5/2 1766/6/2 1767/7/2
f 1765/5/2 1768/8/2 1766/6/2
f 1769/5/2 1770/6/2 1771/7/2
f 1769/5/2 1772/8/2 1770/6/2
f 1773/5/2 1774/6/2 1775/7/2
f 1773/5/2 1776/8/2 1774/6/2
f 1777/5/2 1778/6/2 1779/7/2
f 1777/5/2 1780/8/2 1778/6/2
f 1781/5/2 1782/6/2 1783/7/2
f 1781/5/2 1784/8/2 1782/6/2
f 1785/5/2 1786/6/2 1787/7/2
f 1785/5/2 1788/8/2 1786/6/2
f 1789/5/2 1790/6/2 1791/7/2
f 1789/5/2 1792/8/2 1790/6/2
f 1793/5/2 1794/6/2 1795/7/2
f 1793/5/2 1796/8/2 1794/6/2
f 1797/5/2 1798/6/2 1799/7/2
f 1797/5/2 1800/8/2 1798/6/2
f 1801/5/2 1802/6/2 1803/7/2
f 1801/5/2 1804/8/2 1802/6/2
f 1805/5/2 1806/6/2 1807/7/2
f 1805/5/2 1808/8/2 1806/6/2
f 1809/5/2 1810/6/2 1811/7/2
f 1809/5/2 1812/8/2 1810/6/2
f 1813/5/2 1814/6/2 1815/7/2
f 1813/5/2 1816/8/2 1814/6/2
f 1817/5/2 1818/6/2 1819/7/2
f 1817/5/2 1820/8/2 1818/6/2
f 1821/5/2 1822/6/2 1823/7/2
f 1821/5/2 1824/8/2 1822/6/2
f 1825/9/2 1826/7/2 1827/3/2
f 1825/9/2 1828/5/2 1826/7/2
f 1829/9/2 1830/7/2 1831/3/2
f 1829/9/2 1832/5/2 1830/7/2
f 1833/9/2 1834/7/2 1835/3/2
f 1833/9/2 1836/5/2 1834/7/2
f 1837/9/2 1838/7/2 1839/3/2
f 1837/9/2 1840/5/2 1838/7/2
f 1841/9/2 1842/7/2 1843/3/2
f 1841/9/2 1844/5/2 1842/7/2
f 1845/9/2 1846/7/2 1847/3/2
f 1845/9/2 1848/5/2 1846/7/2
f 1849/9/2 1850/7/2 1851/3/2
f 1849/9/2 1852/5/2 1850/7/2
f 1853/9/2 1854/7/2 1855/3/2
f 1853/9/2 1856/5/2 1854/7/2
f 1857/9/2 1858/7/2 1859/3/2
f 1857/9/2 1860/5/2 1858/7/2
f 1861/9/2 1862/7/2 1863/3/2
f 1861/9/2 1864/5/2 1862/7/2
f 1865/9/2 1866/7/2 1867/3/2
f 1865/9/2 1868/5/2 1866/7/2
f 1869/9/2 1870/7/2 1871/3/2
f 1869/9/2 1872/5/2 1870/7/2
f 1873/9/2 1874/7/2 1875/3/2
f 1873/9/2 1876/5/2 1874/7/2
f 1877/9/2 1878/7/2 1879/3/2
f 1877/9/2 1880/5/2 1878/7/2
f 1881/9/2 1882/7/2 1883/3/2
f 1881/9/2 1884/5/2 1882/7/2
f 1885/9/2 1886/7/2 1887/3/2
f 1885/9/2 1888/5/2 1886/7/2
f 1889/5/2 1890/6/2 1891/7/2
f 1889/5/2 1892/8/2 1890/6/2
f 1893/5/2 1894/6/2 1895/7/2
f 1893/5/2 1896/8/2 1894/6/2
f 1897/5/2 1898/6/2 1899/7/2
f 1897/5/2 1900/8/2 1898/6/2
f 1901/5/2 1902/6/2 1903/7/2
f 1901/5/2 1904/8/2 1902/6/2
f 1905/5/2 1906/6/2 1907/7/2
f 1905/5/2 1908/8/2 1906/6/2
f 1909/5/2 1910/6/2 1911/7/2
f 1909/5/2 1912/8/2 1910/6/2
f 1913/5/2 1914/6/2 1915/7/2
f 1913/5/2 1916/8/2 1914/6/2
f 1917/5/2 1918/6/2 1919/7/2
f 1917/5/2 1920/8/2 1918/6/2
f 1921/5/2 1922/6/2 1923/7/2
f 1921/5/2 1924/8/2 1922/6/2
f 1925/5/2 1926/6/2 1927/7/2
f 1925/5/2 1928/8/2 1926/6/2
f 1929/5/2 1930/6/2 1931/7/2
f 1929/5/2 1932/8/2 1930/6/2
f 1933/5/2 1934/6/2 1935/7/2
f 1933/5/2 1936/8/2 1934/6/2
f 1937/9/6 1938/7/6 1939/3/6
f 1937/9/6 1940/5/6 1938/7/6
f 1941/9/6 1942/7/6 1943/3/6
f 1941/9/6 1944/5/6 1942/7/6
f 1945/9/6 1946/7/6 1947/3/6
f 1945/9/6 1948/5/6 1946/7/6
f 1949/9/6 1950/7/6 1951/3/6
f 1949/9/6 1952/5/6 1950/7/6
f 1953/9/6 1954/7/6 1955/3/6
f 1953/9/6 1956/5/6 1954/7/6
f 1957/9/6 1958/7/6 1959/3/6
f 1957/9/6 1960/5/6 1958/7/6
f 1961/9/6 1962/7/6 1963/3/6
f 1961/9/6 1964/5/6 1962/7/6
f 1965/9/6 1966/7/6 1967/3/6
f 1965/9/6 1968/5/6 1966/7/6
f 1969/9/6 1970/7/6 1971/3/6
f 1969/9/6 1972/5/6 1970/7/6
f 1973/9/6 1974/7/6 1975/3/6
f 1973/9/6 1976/5/6 1974/7/6
f 1977/9/6 1978/7/6 1979/3/6
f 1977/9/6 1980/5/6 1978/7/6
f 1981/9/6 1982/7/6 1983/3/6
f 1981/9/6 1984/5/6 1982/7/6
f 1985/9/6 1986/7/6 1987/3/6
f 1985/9/6 1988/5/6 1986/7/6
f 1989/9/6 1990/7/6 1991/3/6
f 1989/9/6 1992/5/6 1990/7/6
f 1993/9/6 1994/7/6 1995/3/6
f 1993/9/6 1996/5/6 1994/7/6
f 1997/9/6 1998/7/6 1999/3/6
f 1997/9/6 2000/5/6 1998/7/6
f 2001/9/2 2002/7/2 2003/3/2
f 2001/9/2 2004/5/2 2002/7/2
f 2005/9/2 2006/7/2 2007/3/2
f 2005/9/2 2008/5/2 2006/7/2
f 2009/9/2 2010/7/2 2011/3/2
f 2009/9/2 2012/5/2 2010/7/2
f 2013/9/2 2014/7/2 2015/3/2
f 2013/9/2 2016/5/2 2014/7/2
f 2017/9/3 2018/7/3 2019/3/3
f 2017/9/3 2020/5/3 2018/7/3
f 2021/9/3 2022/7/3 2023/3/3
f 2021/9/3 2024/5/3 2022/7/3
f 2025/9/3 2026/7/3 2027/3/3
f 2025/9/3 2028/5/3 2026/7/3
f 2029/9/3 2030/7/3 2031/3/3
f 2029/9/3 2032/5/3 2030/7/3
f 2033/9/4 2034/7/4 2035/3/4
f 2033/9/4 2036/5/4 2034/7/4
f 2037/9/4 2038/7/4 2039/3/4
f 2037/9/4 2040/5/4 2038/7/4
f 2041/9/4 2042/7/4 2043/3/4
f 2041/9/4 2044/5/4 2042/7/4
f 2045/9/4 2046/7/4 2047/3/4
f 2045/9/4 2048/5/4 2046/7/4
f 2049/9/4 2050/7/4 2051/3/4
f 2049/9/4 2052/5/4 2050/7/4
f 2053/9/4 2054/7/4 2055/3/4
f 2053/9/4 2056/5/4 2054/7/4
f 2057/9/4 2058/7/4 2059/3/4
f 2057/9/4 2060/5/4 2058/7/4
f 2061/9/4 2062/7/4 2063/3/4
f 2061/9/4 2064/5/4 2062/7/4
f 2065/9/4 2066/7/4 2067/3/4
f 2065/9/4 2068/5/4 2066/7/4
f 2069/9/4 2070/7/4 2071/3/4
f 2069/9/4 2072/5/4 2070/7/4
f 2073/9/4 2074/7/4 2075/3/4
f 2073/9/4 2076/5/4 2074/7/4
f 2077/9/4 2078/7/4 2079/3/4
f 2077/9/4 2080/5/4 2078/7/4
f 2081/9/4 2082/7/4 2083/3/4
f 2081/9/4 2084/5/4 2082/7/4
f 2085/9/4 2086/7/4 2087/3/4
f 2085/9/4 2088/5/4 2086/7/4
f 2089/9/4 2090/7/4 2091/3/4
f 2089/9/4 2092/5/4 2090/7/4
f 2093/9/4 2094/7/4 2095/3/4
f 2093/9/4 2096/5/4 2094/7/4
f 2097/5/4 2098/6/4 2099/7/4
f 2097/5/4 2100/8/4 2098/6/4
f 2101/5/4 2102/6/4 2103/7/4
f 2101/5/4 2104/8/4 2102/6/4
f 2105/5/4 2106/6/4 2107/7/4
f 2105/5/4 2108/8/4 2106/6/4
f 2109/5/4 2110/6/4 2111/7/4
f 2109/5/4 2112/8/4 2110/6/4
f 2113/5/4 2114/6/4 2115/7/4
f 2113/5/4 2116/8/4 2114/6/4
f 2117/5/4 2118/6/4 2119/7/4
f 2117/5/4 2120/8/4 2118/6/4
f 2121/5/4 2122/6/4 2123/7/4
f 2121/5/4 2124/8/4 2122/6/4
f 2125/5/4 2126/6/4 2127/7/4
f 2125/5/4 2128/8/4 2126/6/4
f 2129/5/4 2130/6/4 2131/7/4
f 2129/5/4 2132/8/4 2130/6/4
f 2133/5/4 2134/6/4 2135/7/4
f 2133/5/4 2136/8/4 2134/6/4
f 2137/5/4 2138/6/4 2139/7/4
f 2137/5/4 2140/8/4 2138/6/4
f 2141/5/4 2142/6/4 2143/7/4
f 2141/5/4 2144/8/4 2142/6/4
f 2145/5/4 2146/6/4 2147/7/4
f 2145/5/4 2148/8/4 2146/6/4
f 2149/5/4 2150/6/4 2151/7/4
f 2149/5/4 2152/8/4 2150/6/4
f 2153/5/4 2154/6/4 2155/7/4
f 2153/5/4 2156/8/4 2154/6/4
f 2157/5/4 2158/6/4 2159/7/4
f 2157/5/4 2160/8/4 2158/6/4
f 2161/5/6 2162/6/6 2163/7/6
f 2161/5/6 2164/8/6 2162/6/6
f 2165/5/6 2166/6/6 2167/7/6
f 2165/5/6 2168/8/6 2166/6/6
f 2169/5/6 2170/6/6 2171/7/6
f 2169/5/6 2172/8/6 2170/6/6
f 2173/5/6 2174/6/6 2175/7/6
f 2173/5/6 2176/8/6 2174/6/6
f 2177/5/6 2178/6/6 2179/7/6
f 2177/5/6 2180/8/6 2178/6/6
f 2181/5/6 2182/6/6 2183/7/6
f 2181/5/6 2184/8/6 2182/6/6
f 2185/5/6 2186/6/6 2187/7/6
f 2185/5/6 2188/8/6 2186/6/6
f 2189/5/6 2190/6/6 2191/7/6
f 2189/5/6 2192/8/6 2190/6/6
f 2193/5/6 2194/6/6 2195/7/6
f 2193/5/6 2196/8/6 2194/6/6
f 2197/5/6 2198/6/6 2199/7/6
f 2197/5/6 2200/8/6 2198/6/6
f 2201/5/6 2202/6/6 2203/7/6
f 2201/5/6 2204/8/6 2202/6/6
f 2205/5/6 2206/6/6 2207/7/6
f 2205/5/6 2208/8/6 2206/6/6
f 2209/5/6 2210/6/6 2211/7/6
f 2209/5/6 2212/8/6 2210/6/6
f 2213/5/6 2214/6/6 2215/7/6
f 2213/5/6 2216/8/6 2214/6/6
f 2217/5/6 2218/6/6 2219/7/6
f 2217/5/6 2220/8/6 2218/6/6
f 2221/5/6 2222/6/6 2223/7/6
f 2221/5/6 2224/8/6 2222/6/6
f 2225/9/3 2226/7/3 2227/3/3
f 2225/9/3 2228/5/3 2226/7/3
f 2229/9/3 2230/7/3 2231/3/3
f 2229/9/3 2232/5/3 2230/7/3
f 2233/9/3 2234/7/3 2235/3/3
f 2233/9/3 2236/5/3 2234/7/3
f 2237/9/3 2238/7/3 2239/3/3
f 2237/9/3 2240/5/3 2238/7/3
f 2241/9/1 2242/7/1 2243/3/1
f 2241/9/1 2244/5/1 2242/7/1
f 2245/9/1 2246/7/1 2247/3/1
f 2245/9/1 2248/5/1 2246/7/1
f 2249/9/1 2250/7/1 2251/3/1
f 2249/9/1 2252/5/1 2250/7/1
f 2253/9/1 2254/7/1 2255/3/1
f 2253/9/1 2256/5/1 2254/7/1
f 2257/9/2 2258/7/2 2259/3/2
f 2257/9/2 2260/5/2 2258/7/2
f 2261/9/2 2262/7/2 2263/3/2
f 2261/9/2 2264/5/2 2262/7/2
f 2265/9/2 2266/7/2 2267/3/2
f 2265/9/2 2268/5/2 2266/7/2
f 2269/9/2 2270/7/2 2271/3/2
f 2269/9/2 2272/5/2 2270/7/2
f 2273/9/5 2274/7/5 2275/3/5
f 2273/9/5 2276/5/5 2274/7/5
f 2277/9/5 2278/7/5 2279/3/5
f 2277/9/5 2280/5/5 2278/7/5
f 2281/9/5 2282/7/5 2283/3/5
f 2281/9/5 2284/5/5 2282/7/5
f 2285/9/5 2286/7/5 2287/3/5
f 2285/9/5 2288/5/5 2286/7/5
f 2289/9/5 2290/7/5 2291/3/5
f 2289/9/5 2292/5/5 2290/7/5
f 2293/9/5 2294/7/5 2295/3/5
f 2293/9/5 2296/5/5 2294/7/5
f 2297/9/5 2298/7/5 2299/3/5
f 2297/9/5 2300/5/5 2298/7/5
f 2301/9/5 2302/7/5 2303/3/5
f 2301/9/5 2304/5/5 2302/7/5
f 2305/9/5 2306/7/5 2307/3/5
f 2305/9/5 2308/5/5 2306/7/5
f 2309/9/5 2310/7/5 2311/3/5
f 2309/9/5 2312/5/5 2310/7/5
f 2313/9/5 2314/7/5 2315/3/5
f 2313/9/5 2316/5/5 2314/7/5
f 2317/9/5 2318/7/5 2319/3/5
f 2317/9/5 2320/5/5 2318/7/5
f 2321/9/5 2322/7/5 2323/3/5
f 2321/9/5 2324/5/5 2322/7/5
f 2325/9/5 2326/7/5 2327/3/5
f 2325/9/5 2328/5/5 2326/7/5
f 2329/9/5 2330/7/5 2331/3/5
f 2329/9/5 2332/5/5 2330/7/5
f 2333/9/5 2334/7/5 2335/3/5
f 2333/9/5 2336/5/5 2334/7/5
f 2337/9/5 2338/7/5 2339/3/5
f 2337/9/5 2340/5/5 2338/7/5
f 2341/9/5 2342/7/5 2343/3/5
f 2341/9/5 2344/5/5 2342/7/5
f 2345/9/5 2346/7/5 2347/3/5
f 2345/9/5 2348/5/5 2346/7/5
f 2349/9/5 2350/7/5 2351/3/5
f 2349/9/5 2352/5/5 2350/7/5
f 2353/5/2 2354/6/2 2355/7/2
f 2353/5/2 2356/8/2 2354/6/2
f 2357/5/2 2358/6/2 2359/7/2
f 2357/5/2 2360/8/2 2358/6/2
f 2361/5/2 2362/6/2 2363/7/2
f 2361/5/2 2364/8/2 2362/6/2
f 2365/5/2 2366/6/2 2367/7/2
f 2365/5/2 2368/8/2 2366/6/2
f 2369/5/4 2370/6/4 2371/7/4
f 2369/5/4 2372/8/4 2370/6/4
f 2373/5/4 2374/6/4 2375/7/4
f 2373/5/4 2376/8/4 2374/6/4
f 2377/5/4 2378/6/4 2379/7/4
f 2377/5/4 2380/8/4 2378/6/4
f 2381/5/4 2382/6/4 2383/7/4
f 2381/5/4 2384/8/4 2382/6/4
f 2385/5/4 2386/6/4 2387/7/4
f 2385/5/4 2388/8/4 2386/6/4
f 2389/5/4 2390/6/4 2391/7/4
f 2389/5/4 2392/8/4 2390/6/4
f 2393/5/4 2394/6/4 2395/7/4
f 2393/5/4 2396/8/4 2394/6/4
f 2397/5/4 2398/6/4 2399/7/4
f 2397/5/4 2400/8/4 2398/6/4
f 2401/5/3 2402/6/3 2403/7/3
f 2401/5/3 2404/8/3 2402/6/3
f 2405/5/3 2406/6/3 2407/7/3
f 2405/5/3 2408/8/3 2406/6/3
f 2409/5/6 2410/6/6 2411/7/6
f 2409/5/6 2412/8/6 2410/6/6
f 2413/5/6 2414/6/6 2415/7/6
f 2413/5/6 2416/8/6 2414/6/6
f 2417/5/4 2418/6/4 2419/7/4
f 2417/5/4 2420/8/4 2418/6/4
f 2421/5/4 2422/6/4 2423/7/4
f 2421/5/4 2424/8/4 2422/6/4
f 2425/5/4 2426/6/4 2427/7/4
f 2425/5/4 2428/8/4 2426/6/4
f 2429/5/4 2430/6/4 2431/7/4
f 2429/5/4 2432/8/4 2430/6/4
f 2433/5/4 2434/6/4 2435/7/4
f 2433/5/4 2436/8/4 2434/6/4
f 2437/5/4 2438/6/4 2439/7/4
f 2437/5/4 2440/8/4 2438/6/4
f 2441/5/4 2442/6/4 2443/7/4
f 2441/5/4 2444/8/4 2442/6/4
f 2445/5/4 2446/6/4 2447/7/4
f 2445/5/4 2448/8/4 2446/6/4
f 2449/5/4 2450/6/4 2451/7/4
f 2449/5/4 2452/8/4 2450/6/4
f 2453/5/4 2454/6/4 2455/7/4
f 2453/5/4 2456/8/4 2454/6/4
f 2457/5/4 2458/6/4 2459/7/4
f 2457/5/4 2460/8/4 2458/6/4
f 2461/5/4 2462/6/4 2463/7/4
f 2461/5/4 2464/8/4 2462/6/4
f 2465/5/4 2466/6/4 2467/7/4
f 2465/5/4 2468/8/4 2466/6/4
f 2469/5/4 2470/6/4 2471/7/4
f 2469/5/4 2472/8/4 2470/6/4
f 2473/5/4 2474/6/4 2475/7/4
f 2473/5/4 2476/8/4 2474/6/4
f 2477/5/4 2478/6/4 2479/7/4
f 2477/5/4 2480/8/4 2478/6/4
f 2481/9/4 2482/7/4 2483/3/4
f 2481/9/4 2484/5/4 2482/7/4
f 2485/9/4 2486/7/4 2487/3/4
f 2485/9/4 2488/5/4 2486/7/4
f 2489/9/4 2490/7/4 2491/3/4
f 2489/9/4 2492/5/4 2490/7/4
f 2493/9/4 2494/7/4 2495/3/4
f 2493/9/4 2496/5/4 2494/7/4
f 2497/9/4 2498/7/4 2499/3/4
f 2497/9/4 2500/5/4 2498/7/4
f 2501/9/4 2502/7/4 2503/3/4
f 2501/9/4 2504/5/4 2502/7/4
f 2505/9/4 2506/7/4 2507/3/4
f 2505/9/4 2508/5/4 2506/7/4
f 2509/9/4 2510/7/4 2511/3/4
f 2509/9/4 2512/5/4 2510/7/4
f 2513/9/4 2514/7/4 2515/3/4
f 2513/9/4 2516/5/4 2514/7/4
f 2517/9/4 2518/7/4 2519/3/4
f 2517/9/4 2520/5/4 2518/7/4
f 2521/9/4 2522/7/4 2523/3/4
f 2521/9/4 2524/5/4 2522/7/4
f 2525/9/4 2526/7/4 2527/3/4
f 2525/9/4 2528/5/4 2526/7/4
f 2529/9/4 2530/7/4 2531/3/4
f 2529/9/4 2532/5/4 2530/7/4
f 2533/9/4 2534/7/4 2535/3/4
f 2533/9/4 2536/5/4 2534/7/4
f 2537/9/4 2538/7/4 2539/3/4
f 2537/9/4 2540/5/4 2538/7/4
f 2541/9/4 2542/7/4 2543/3/4
f 2541/9/4 2544/5/4 2542/7/4
f 2545/5/4 2546/6/4 2547/7/4
f 2545/5/4 2548/8/4 2546/6/4
f 2549/5/4 2550/6/4 2551/7/4
f 2549/5/4 2552/8/4 2550/6/4
f 2553/5/4 2554/6/4 2555/7/4
f 2553/5/4 2556/8/4 2554/6/4
f 2557/5/4 2558/6/4 2559/7/4
f 2557/5/4 2560/8/4 2558/6/4
f 2561/5/4 2562/6/4 2563/7/4
f 2561/5/4 2564/8/4 2562/6/4
f 2565/5/4 2566/6/4 2567/7/4
f 2565/5/4 2568/8/4 2566/6/4
f 2569/5/4 2570/6/4 2571/7/4
f 2569/5/4 2572/8/4 2570/6/4
f 2573/5/4 2574/6/4 2575/7/4
f 2573/5/4 2576/8/4 2574/6/4
f 2577/5/4 2578/6/4 2579/7/4
f 2577/5/4 2580/8/4 2578/6/4
f 2581/5/4 2582/6/4 2583/7/4
f 2581/5/4 2584/8/4 2582/6/4
f 2585/5/4 2586/6/4 2587/7/4
f 2585/5/4 2588/8/4 2586/6/4
f 2589/5/4 2590/6/4 2591/7/4
f 2589/5/4 2592/8/4 2590/6/4
f 2593/5/4 2594/6/4 2595/7/4
f 2593/5/4 2596/8/4 2594/6/4
f 2597/5/4 2598/6/4 2599/7/4
f 2597/5/4 2600/8/4 2598/6/4
f 2601/5/4 2602/6/4 2603/7/4
f 2601/5/4 2604/8/4 2602/6/4
f 2605/5/4 2606/6/4 2607/7/4
f 2605/5/4 2608/8/4 2606/6/4
f 2609/9/14 2610/7/14 2611/3/14
f 2609/9/14 2612/5/14 2610/7/14
f 2613/9/14 2614/7/14 2615/3/14
f 2613/9/14 2616/5/14 2614/7/14
f 2617/9/14 2618/7/14 2619/3/14
f 2617/9/14 2620/5/14 2618/7/14
f 2621/9/14 2622/7/14 2623/3/14
f 2621/9/14 2624/5/14 2622/7/14
f 2625/9/14 2626/7/14 2627/3/14
f 2625/9/14 2628/5/14 2626/7/14
f 2629/9/14 2630/7/14 2631/3/14
f 2629/9/14 2632/5/14 2630/7/14
f 2633/9/14 2634/7/14 2635/3/14
f 2633/9/14 2636/5/14 2634/7/14
f 2637/9/14 2638/7/14 2639/3/14
f 2637/9/14 2640/5/14 2638/7/14
f 2641/9/14 2642/7/14 2643/3/14
f 2641/9/14 2644/5/14 2642/7/14
f 2645/9/14 2646/7/14 2647/3/14
f 2645/9/14 2648/5/14 2646/7/14
f 2649/9/14 2650/7/14 2651/3/14
f 2649/9/14 2652/5/14 2650/7/14
f 2653/9/14 2654/7/14 2655/3/14
f 2653/9/14 2656/5/14 2654/7/14
f 2657/9/5 2658/7/5 2659/3/5
f 2657/9/5 2660/5/5 2658/7/5
f 2661/9/5 2662/7/5 2663/3/5
f 2661/9/5 2664/5/5 2662/7/5
f 2665/9/5 2666/7/5 2667/3/5
f 2665/9/5 2668/5/5 2666/7/5
f 2669/9/5 2670/7/5 2671/3/5
f 2669/9/5 2672/5/5 2670/7/5
f 2673/9/15 2674/7/15 2675/3/15
f 2673/9/2 2676/5/2 2674/7/2
f 2677/9/16 2678/7/16 2679/3/16
f 2677/9/16 2680/5/16 2678/7/16
f 2681/9/16 2682/7/16 2683/3/16
f 2681/9/16 2684/5/16 2682/7/16
f 2685/9/16 2686/7/16 2687/3/16
f 2685/9/16 2688/5/16 2686/7/16
f 2689/9/16 2690/7/16 2691/3/16
f 2689/9/16 2692/5/16 2690/7/16
f 2693/9/16 2694/7/16 2695/3/16
f 2693/9/16 2696/5/16 2694/7/16
f 2697/9/16 2698/7/16 2699/3/16
f 2697/9/16 2700/5/16 2698/7/16
f 2701/9/16 2702/7/16 2703/3/16
f 2701/9/16 2704/5/16 2702/7/16
f 2705/9/16 2706/7/16 2707/3/16
f 2705/9/16 2708/5/16 2706/7/16
f 2709/9/16 2710/7/16 2711/3/16
f 2709/9/16 2712/5/16 2710/7/16
f 2713/9/16 2714/7/16 2715/3/16
f 2713/9/16 2716/5/16 2714/7/16
f 2717/9/16 2718/7/16 2719/3/16
f 2717/9/16 2720/5/16 2718/7/16
f 2721/9/1 2722/7/1 2723/3/1
f 2721/9/1 2724/5/1 2722/7/1
f 2725/9/1 2726/7/1 2727/3/1
f 2725/9/1 2728/5/1 2726/7/1
f 2729/9/1 2730/7/1 2731/3/1
f 2729/9/1 2732/5/1 2730/7/1
f 2733/9/1 2734/7/1 2735/3/1
f 2733/9/1 2736/5/1 2734/7/1
f 2737/5/6 2738/6/6 2739/7/6
f 2737/5/6 2740/8/6 2738/6/6
f 2741/5/6 2742/6/6 2743/7/6
f 2741/5/6 2744/8/6 2742/6/6
f 2745/5/6 2746/6/6 2747/7/6
f 2745/5/6 2748/8/6 2746/6/6
f 2749/5/6 2750/6/6 2751/7/6
f 2749/5/6 2752/8/6 2750/6/6
f 2753/5/6 2754/6/6 2755/7/6
f 2753/5/6 2756/8/6 2754/6/6
f 2757/5/6 2758/6/6 2759/7/6
f 2757/5/6 2760/8/6 2758/6/6
f 2761/5/6 2762/6/6 2763/7/6
f 2761/5/6 2764/8/6 2762/6/6
f 2765/5/6 2766/6/6 2767/7/6
f 2765/5/6 2768/8/6 2766/6/6
f 2769/5/6 2770/6/6 2771/7/6
f 2769/5/6 2772/8/6 2770/6/6
f 2773/5/6 2774/6/6 2775/7/6
f 2773/5/6 2776/8/6 2774/6/6
f 2777/5/6 2778/6/6 2779/7/6
f 2777/5/6 2780/8/6 2778/6/6
f 2781/5/6 2782/6/6 2783/7/6
f 2781/5/6 2784/8/6 2782/6/6
f 2785/5/6 2786/6/6 2787/7/6
f 2785/5/6 2788/8/6 2786/6/6
f 2789/5/6 2790/6/6 2791/7/6
f 2789/5/6 2792/8/6 2790/6/6
f 2793/5/6 2794/6/6 2795/7/6
f 2793/5/6 2796/8/6 2794/6/6
f 2797/5/6 2798/6/6 2799/7/6
f 2797/5/6 2800/8/6 2798/6/6
f 2801/9/6 2802/7/6 2803/3/6
f 2801/9/6 2804/5/6 2802/7/6
f 2805/9/6 2806/7/6 2807/3/6
f 2805/9/6 2808/5/6 2806/7/6
f 2809/9/6 2810/7/6 2811/3/6
f 2809/9/6 2812/5/6 2810/7/6
f 2813/9/6 2814/7/6 2815/3/6
f 2813/9/6 2816/5/6 2814/7/6
f 2817/9/6 2818/7/6 2819/3/6
f 2817/9/6 2820/5/6 2818/7/6
f 2821/9/6 2822/7/6 2823/3/6
f 2821/9/6 2824/5/6 2822/7/6
f 2825/9/6 2826/7/6 2827/3/6
f 2825/9/6 2828/5/6 2826/7/6
f 2829/9/6 2830/7/6 2831/3/6
f 2829/9/6 2832/5/6 2830/7/6
f 2833/9/6 2834/7/6 2835/3/6
f 2833/9/6 2836/5/6 2834/7/6
f 2837/9/6 2838/7/6 2839/3/6
f 2837/9/6 2840/5/6 2838/7/6
f 2841/9/6 2842/7/6 2843/3/6
f 2841/9/6 2844/5/6 2842/7/6
f 2845/9/6 2846/7/6 2847/3/6
f 2845/9/6 2848/5/6 2846/7/6
f 2849/9/6 2850/7/6 2851/3/6
f 2849/9/6 2852/5/6 2850/7/6
f 2853/9/6 2854/7/6 2855/3/6
f 2853/9/6 2856/5/6 2854/7/6
f 2857/9/6 2858/7/6 2859/3/6
f 2857/9/6 2860/5/6 2858/7/6
f 2861/9/6 2862/7/6 2863/3/6
f 2861/9/6 2864/5/6 2862/7/6
f 2865/5/6 2866/6/6 2867/7/6
f 2865/5/6 2868/8/6 2866/6/6
f 2869/5/6 2870/6/6 2871/7/6
f 2869/5/6 2872/8/6 2870/6/6
f 2873/5/6 2874/6/6 2875/7/6
f 2873/5/6 2876/8/6 2874/6/6
f 2877/5/6 2878/6/6 2879/7/6
f 2877/5/6 2880/8/6 2878/6/6
f 2881/5/6 2882/6/6 2883/7/6
f 2881/5/6 2884/8/6 2882/6/6
f 2885/5/6 2886/6/6 2887/7/6
f 2885/5/6 2888/8/6 2886/6/6
f 2889/5/6 2890/6/6 2891/7/6
f 2889/5/6 2892/8/6 2890/6/6
f 2893/5/6 2894/6/6 2895/7/6
f 2893/5/6 2896/8/6 2894/6/6
f 2897/5/6 2898/6/6 2899/7/6
f 2897/5/6 2900/8/6 2898/6/6
f 2901/5/6 2902/6/6 2903/7/6
f 2901/5/6 2904/8/6 2902/6/6
f 2905/5/6 2906/6/6 2907/7/6
f 2905/5/6 2908/8/6 2906/6/6
f 2909/5/6 2910/6/6 2911/7/6
f 2909/5/6 2912/8/6 2910/6/6
f 2913/5/6 2914/6/6 2915/7/6
f 2913/5/6 2916/8/6 2914/6/6
f 2917/5/6 2918/6/6 2919/7/6
f 2917/5/6 2920/8/6 2918/6/6
f 2921/5/6 2922/6/6 2923/7/6
f 2921/5/6 2924/8/6 2922/6/6
f 2925/5/6 2926/6/6 2927/7/6
f 2925/5/6 2928/8/6 2926/6/6
f 2929/5/4 2930/6/4 2931/7/4
f 2929/5/4 2932/8/4 2930/6/4
f 2933/5/4 2934/6/4 2935/7/4
f 2933/5/4 2936/8/4 2934/6/4
f 2937/5/4 2938/6/4 2939/7/4
f 2937/5/4 2940/8/4 2938/6/4
f 2941/5/4 2942/6/4 2943/7/4
f 2941/5/4 2944/8/4 2942/6/4
f 2945/5/4 2946/6/4 2947/7/4
f 2945/5/4 2948/8/4 2946/6/4
f 2949/5/4 2950/6/4 2951/7/4
f 2949/5/4 2952/8/4 2950/6/4
f 2953/5/4 2954/6/4 2955/7/4
f 2953/5/4 2956/8/4 2954/6/4
f 2957/5/4 2958/6/4 2959/7/4
f 2957/5/4 2960/8/4 2958/6/4
f 2961/5/4 2962/6/4 2963/7/4
f 2961/5/4 2964/8/4 2962/6/4
f 2965/5/4 2966/6/4 2967/7/4
f 2965/5/4 2968/8/4 2966/6/4
f 2969/5/4 2970/6/4 2971/7/4
f 2969/5/4 2972/8/4 2970/6/4
f 2973/5/4 2974/6/4 2975/7/4
f 2973/5/4 2976/8/4 2974/6/4
f 2977/5/4 2978/6/4 2979/7/4
f 2977/5/4 2980/8/4 2978/6/4
f 2981/5/4 2982/6/4 2983/7/4
f 2981/5/4 2984/8/4 2982/6/4
f 2985/5/4 2986/6/4 2987/7/4
f 2985/5/4 2988/8/4 2986/6/4
f 2989/5/4 2990/6/4 2991/7/4
f 2989/5/4 2992/8/4 2990/6/4
f 2993/9/1 2994/7/1 2995/3/1
f 2993/9/1 2996/5/1 2994/7/1
f 2997/9/1 2998/7/1 2999/3/1
f 2997/9/1 3000/5/1 2998/7/1
f 3001/9/1 3002/7/1 3003/3/1
f 3001/9/1 3004/5/1 3002/7/1
f 3005/9/1 3006/7/1 3007/3/1
f 3005/9/1 3008/5/1 3006/7/1
f 3009/9/3 3010/7/3 3011/3/3
f 3009/9/3 3012/5/3 3010/7/3
f 3013/9/3 3014/7/3 3015/3/3
f 3013/9/3 3016/5/3 3014/7/3
f 3017/9/3 3018/7/3 3019/3/3
f 3017/9/3 3020/5/3 3018/7/3
f 3021/9/3 3022/7/3 3023/3/3
f 3021/9/3 3024/5/3 3022/7/3
f 3025/9/5 3026/7/5 3027/3/5
f 3025/9/5 3028/5/5 3026/7/5
f 3029/9/5 3030/7/5 3031/3/5
f 3029/9/5 3032/5/5 3030/7/5
f 3033/9/5 3034/7/5 3035/3/5
f 3033/9/5 3036/5/5 3034/7/5
f 3037/9/5 3038/7/5 3039/3/5
f 3037/9/5 3040/5/5 3038/7/5
f 3041/9/2 3042/7/2 3043/3/2
f 3041/9/2 3044/5/2 3042/7/2
f 3045/9/2 3046/7/2 3047/3/2
f 3045/9/2 3048/5/2 3046/7/2
f 3049/9/2 3050/7/2 3051/3/2
f 3049/9/2 3052/5/2 3050/7/2
f 3053/9/2 3054/7/2 3055/3/2
f 3053/9/2 3056/5/2 3054/7/2
f 3057/5/6 3058/6/6 3059/7/6
f 3057/5/6 3060/8/6 3058/6/6
f 3061/5/6 3062/6/6 3063/7/6
f 3061/5/6 3064/8/6 3062/6/6
f 3065/5/6 3066/6/6 3067/7/6
f 3065/5/6 3068/8/6 3066/6/6
f 3069/5/6 3070/6/6 3071/7/6
f 3069/5/6 3072/8/6 3070/6/6
f 3073/5/6 3074/6/6 3075/7/6
f 3073/5/6 3076/8/6 3074/6/6
f 3077/5/6 3078/6/6 3079/7/6
f 3077/5/6 3080/8/6 3078/6/6
f 3081/5/6 3082/6/6 3083/7/6
f 3081/5/6 3084/8/6 3082/6/6
f 3085/5/6 3086/6/6 3087/7/6
f 3085/5/6 3088/8/6 3086/6/6
f 3089/5/6 3090/6/6 3091/7/6
f 3089/5/6 3092/8/6 3090/6/6
f 3093/5/6 3094/6/6 3095/7/6
f 3093/5/6 3096/8/6 3094/6/6
f 3097/5/6 3098/6/6 3099/7/6
f 3097/5/6 3100/8/6 3098/6/6
f 3101/5/6 3102/6/6 3103/7/6
f 3101/5/6 3104/8/6 3102/6/6
f 3105/5/6 3106/6/6 3107/7/6
f 3105/5/6 3108/8/6 3106/6/6
f 3109/5/6 3110/6/6 3111/7/6
f 3109/5/6 3112/8/6 3110/6/6
f 3113/5/6 3114/6/6 3115/7/6
f 3113/5/6 3116/8/6 3114/6/6
f 3117/5/6 3118/6/6 3119/7/6
f 3117/5/6 3120/8/6 3118/6/6
f 3121/1/6 3122/2/6 3123/3/6
f 3121/1/6 3124/4/6 3122/2/6
f 3125/1/1 3126/2/1 3127/3/1
f 3125/1/1 3128/4/1 3126/2/1
f 3129/1/1 3130/2/1 3131/3/1
f 3129/1/1 3132/4/1 3130/2/1
f 3133/1/1 3134/2/1 3135/3/1
f 3133/1/1 3136/4/1 3134/2/1
f 3137/1/1 3138/2/1 3139/3/1
f 3137/1/1 3140/4/1 3138/2/1
f 3141/1/1 3142/2/1 3143/3/1
f 3141/1/1 3144/4/1 3142/2/1
f 3145/1/1 3146/2/1 3147/3/1
f 3145/1/1 3148/4/1 3146/2/1
f 3149/1/1 3150/2/1 3151/3/1
f 3149/1/1 3152/4/1 3150/2/1
f 3153/1/1 3154/2/1 3155/3/1
f 3153/1/1 3156/4/1 3154/2/1
f 3157/1/1 3158/2/1 3159/3/1
f 3157/1/1 3160/4/1 3158/2/1
f 3161/1/1 3162/2/1 3163/3/1
f 3161/1/1 3164/4/1 3162/2/1
f 3165/1/1 3166/2/1 3167/3/1
f 3165/1/1 3168/4/1 3166/2/1
f 3169/1/1 3170/2/1 3171/3/1
f 3169/1/1 3172/4/1 3170/2/1
f 3173/1/1 3174/2/1 3175/3/1
f 3173/1/1 3176/4/1 3174/2/1
f 3177/1/1 3178/2/1 3179/3/1
f 3177/1/1 3180/4/1 3178/2/1
f 3181/1/1 3182/2/1 3183/3/1
f 3181/1/1 3184/4/1 3182/2/1
f 3185/1/1 3186/2/1 3187/3/1
f 3185/1/1 3188/4/1 3186/2/1
f 3189/1/3 3190/2/3 3191/3/3
f 3189/1/3 3192/4/3 3190/2/3
f 3193/1/3 3194/2/3 3195/3/3
f 3193/1/3 3196/4/3 3194/2/3
f 3197/1/3 3198/2/3 3199/3/3
f 3197/1/3 3200/4/3 3198/2/3
f 3201/1/3 3202/2/3 3203/3/3
f 3201/1/3 3204/4/3 3202/2/3
f 3205/1/6 3206/2/6 3207/3/6
f 3205/1/6 3208/4/6 3206/2/6
f 3209/1/6 3210/2/6 3211/3/6
f 3209/1/6 3212/4/6 3210/2/6
f 3213/1/6 3214/2/6 3215/3/6
f 3213/1/6 3216/4/6 3214/2/6
f 3217/1/6 3218/2/6 3219/3/6
f 3217/1/6 3220/4/6 3218/2/6
f 3221/1/4 3222/2/4 3223/3/4
f 3221/1/4 3224/4/4 3222/2/4
f 3225/1/4 3226/2/4 3227/3/4
f 3225/1/4 3228/4/4 3226/2/4
f 3229/1/4 3230/2/4 3231/3/4
f 3229/1/4 3232/4/4 3230/2/4
f 3233/1/4 3234/2/4 3235/3/4
f 3233/1/4 3236/4/4 3234/2/4
f 3237/1/2 3238/2/2 3239/3/2
f 3237/1/2 3240/4/2 3238/2/2
f 3241/1/2 3242/2/2 3243/3/2
f 3241/1/2 3244/4/2 3242/2/2
f 3245/1/2 3246/2/2 3247/3/2
f 3245/1/2 3248/4/2 3246/2/2
f 3249/1/2 3250/2/2 3251/3/2
f 3249/1/2 3252/4/2 3250/2/2
