mtllib segment4.mtl
o Default
v 0 0 0
v 0 0 -1
v 1 0 -1
v 1 0 0
v 0 0 -1
v 1 0 -2
v 0 0 -2
v 1 0 -1
v 0 0 -2
v 1 0 -3
v 0 0 -3
v 1 0 -2
v 0 0 -3
v 1 0 -4
v 0 0 -4
v 1 0 -3
v 1 0 0
v 2 0 -1
v 1 0 -1
v 2 0 0
v 2 0 0
v 3 0 -1
v 2 0 -1
v 3 0 0
v 3 0 0
v 4 0 -1
v 3 0 -1
v 4 0 0
v 3 0 -1
v 4 0 -2
v 3 0 -2
v 4 0 -1
v 3 0 -2
v 4 0 -3
v 3 0 -3
v 4 0 -2
v 3 0 -3
v 4 0 -4
v 3 0 -4
v 4 0 -3
v 2 0 -3
v 3 0 -4
v 2 0 -4
v 3 0 -3
v 1 0 -3
v 2 0 -4
v 1 0 -4
v 2 0 -3
v 1 0 -2
v 2 0 -3
v 1 0 -3
v 2 0 -2
v 1 0 -1
v 2 0 -2
v 1 0 -2
v 2 0 -1
v 2 0 -2
v 3 0 -3
v 2 0 -3
v 3 0 -2
v 2 0 -1
v 3 0 -2
v 2 0 -2
v 3 0 -1
v 0 0 0
v 1.1102230246251565e-16 1 -1
v -1.1102230246251565e-16 1 0
v 0 0 -1
v -1.1102230246251565e-16 1 0
v 1.1102230246251565e-16 2 -1
v -1.1102230246251565e-16 2 0
v 1.1102230246251565e-16 1 -1
v -1.1102230246251565e-16 2 0
v 1.1102230246251565e-16 3 -1
v -1.1102230246251565e-16 3 0
v 1.1102230246251565e-16 2 -1
v -1.1102230246251565e-16 3 0
v 1.1102230246251565e-16 4 -1
v -1.1102230246251565e-16 4 0
v 1.1102230246251565e-16 3 -1
v 1.1102230246251565e-16 3 -1
v 1.1102230246251565e-16 4 -2
v 1.1102230246251565e-16 4 -1
v 1.1102230246251565e-16 3 -2
v 1.1102230246251565e-16 3 -2
v 1.1102230246251565e-16 4 -3
v 1.1102230246251565e-16 4 -2
v 1.1102230246251565e-16 3 -3
v 1.1102230246251565e-16 3 -3
v 1.1102230246251565e-16 4 -4
v 1.1102230246251565e-16 4 -3
v 1.1102230246251565e-16 3 -4
v -1.1102230246251565e-16 2 -3
v 1.1102230246251565e-16 3 -4
v 1.1102230246251565e-16 3 -3
v 1.1102230246251565e-16 2 -4
v -1.1102230246251565e-16 1 -3
v 1.1102230246251565e-16 2 -4
v -1.1102230246251565e-16 2 -3
v 1.1102230246251565e-16 1 -4
v 0 0 -3
v 1.1102230246251565e-16 1 -4
v -1.1102230246251565e-16 1 -3
v 0 0 -4
v 0 0 -2
v -1.1102230246251565e-16 1 -3
v -1.1102230246251565e-16 1 -2
v 0 0 -3
v 1.1102230246251565e-16 1 -1
v 1.1102230246251565e-16 2 -2
v 1.1102230246251565e-16 2 -1
v -1.1102230246251565e-16 1 -2
v 1.1102230246251565e-16 2 -1
v 1.1102230246251565e-16 3 -2
v 1.1102230246251565e-16 3 -1
v 1.1102230246251565e-16 2 -2
v 0 0 -1
v -1.1102230246251565e-16 1 -2
v 1.1102230246251565e-16 1 -1
v 0 0 -2
v 1.1102230246251565e-16 2 -2
v 1.1102230246251565e-16 3 -3
v 1.1102230246251565e-16 3 -2
v -1.1102230246251565e-16 2 -3
v -1.1102230246251565e-16 1 -2
v -1.1102230246251565e-16 2 -3
v 1.1102230246251565e-16 2 -2
v -1.1102230246251565e-16 1 -3
v 3 4 -1
v 4 4 0
v 3 4 0
v 4 4 -1
v 2 4 -1
v 3 4 0
v 2 4 0
v 3 4 -1
v 1 4 -1
v 2 4 0
v 1 4 0
v 2 4 -1
v 1.1102230246251565e-16 4 -1
v 1 4 0
v -1.1102230246251565e-16 4 0
v 1 4 -1
v 1.1102230246251565e-16 4 -2
v 1 4 -1
v 1.1102230246251565e-16 4 -1
v 1 4 -2
v 1.1102230246251565e-16 4 -3
v 1 4 -2
v 1.1102230246251565e-16 4 -2
v 1 4 -3
v 1.1102230246251565e-16 4 -4
v 1 4 -3
v 1.1102230246251565e-16 4 -3
v 1 4 -4
v 1 4 -4
v 2 4 -3
v 1 4 -3
v 2 4 -4
v 2 4 -4
v 3 4 -3
v 2 4 -3
v 3 4 -4
v 3 4 -4
v 4 4 -3
v 3 4 -3
v 4 4 -4
v 3 4 -3
v 4 4 -2
v 3 4 -2
v 4 4 -3
v 2 4 -3
v 3 4 -2
v 2 4 -2
v 3 4 -3
v 1 4 -2
v 2 4 -1
v 1 4 -1
v 2 4 -2
v 2 4 -2
v 3 4 -1
v 2 4 -1
v 3 4 -2
v 3 4 -2
v 4 4 -1
v 3 4 -1
v 4 4 -2
v 1 4 -3
v 2 4 -2
v 1 4 -2
v 2 4 -3
v 4 3 -1
v 4 4 0
v 4 4 -1
v 4 3 0
v 4 2 -1
v 4 3 0
v 4 3 -1
v 4 2 0
v 4 1 -1
v 4 2 0
v 4 2 -1
v 4 1 0
v 4 0 -1
v 4 1 0
v 4 1 -1
v 4 0 0
v 4 0 -2
v 4 1 -1
v 4 1 -2
v 4 0 -1
v 4 0 -3
v 4 1 -2
v 4 1 -3
v 4 0 -2
v 4 0 -4
v 4 1 -3
v 4 1 -4
v 4 0 -3
v 4 1 -4
v 4 2 -3
v 4 2 -4
v 4 1 -3
v 4 2 -4
v 4 3 -3
v 4 3 -4
v 4 2 -3
v 4 3 -4
v 4 4 -3
v 4 4 -4
v 4 3 -3
v 4 3 -3
v 4 4 -2
v 4 4 -3
v 4 3 -2
v 4 3 -2
v 4 4 -1
v 4 4 -2
v 4 3 -1
v 4 2 -2
v 4 3 -1
v 4 3 -2
v 4 2 -1
v 4 2 -3
v 4 3 -2
v 4 3 -3
v 4 2 -2
v 4 1 -2
v 4 2 -1
v 4 2 -2
v 4 1 -1
v 4 1 -3
v 4 2 -2
v 4 2 -3
v 4 1 -2
v 4 4 -4
v 3 5 -5
v 4 5 -5
v 3 4 -4
v 3 4 -4
v 2 5 -5
v 3 5 -5
v 2 4 -4
v 2 4 -4
v 1 5 -5
v 2 5 -5
v 1 4 -4
v 1 4 -4
v 0 5 -5
v 1 5 -5
v 1.1102230246251565e-16 4 -4
v 1.1102230246251565e-16 3 -4
v -1 4 -5
v 1.1102230246251565e-16 4 -4
v -1 3 -5
v 1.1102230246251565e-16 2 -4
v -1 3 -5
v 1.1102230246251565e-16 3 -4
v -1 2 -5
v 1.1102230246251565e-16 1 -4
v -1 2 -5
v 1.1102230246251565e-16 2 -4
v -1 1 -5
v 0 0 -4
v -1 1 -5
v 1.1102230246251565e-16 1 -4
v -1 0 -5
v 1 -1 -5
v 0 0 -4
v 1 0 -4
v 0 -1 -5
v 2 -1 -5
v 1 0 -4
v 2 0 -4
v 1 -1 -5
v 3 -1 -5
v 2 0 -4
v 3 0 -4
v 2 -1 -5
v 4 -1 -5
v 3 0 -4
v 4 0 -4
v 3 -1 -5
v 0 7 -7
v -1 8 -8
v 0 8 -8
v -1 7 -7
v 1.1102230246251565e-16 4 -4
v -1 5 -5
v 0 5 -5
v -1 4 -5
v 5 -1 -5
v 4 0 -4
v 5 0 -5
v 4 -1 -5
v 5 0 -5
v 4 1 -4
v 5 1 -5
v 4 0 -4
v 5 1 -5
v 4 2 -4
v 5 2 -5
v 4 1 -4
v 5 2 -5
v 4 3 -4
v 5 3 -5
v 4 2 -4
v 5 3 -5
v 4 4 -4
v 5 4 -5
v 4 3 -4
v 1 7 -7
v 0 8 -8
v 1 8 -8
v 0 7 -7
v 6 4 -6
v 5 5 -5
v 6 5 -6
v 5 4 -5
v 6 3 -6
v 5 4 -5
v 6 4 -6
v 5 3 -5
v 6 2 -6
v 5 3 -5
v 6 3 -6
v 5 2 -5
v 6 1 -6
v 5 2 -5
v 6 2 -6
v 5 1 -5
v 6 0 -6
v 5 1 -5
v 6 1 -6
v 5 0 -5
v 6 -1 -6
v 5 0 -5
v 6 0 -6
v 5 -1 -5
v 6 -2 -6
v 5 -1 -5
v 6 -1 -6
v 5 -2 -6
v 5 -2 -6
v 4 -1 -5
v 5 -1 -5
v 4 -2 -6
v 4 -2 -6
v 3 -1 -5
v 4 -1 -5
v 3 -2 -6
v 3 -2 -6
v 2 -1 -5
v 3 -1 -5
v 2 -2 -6
v 2 -2 -6
v 1 -1 -5
v 2 -1 -5
v 1 -2 -6
v 1 -2 -6
v 0 -1 -5
v 1 -1 -5
v 0 -2 -6
v 0 -2 -6
v -1 -1 -5
v 0 -1 -5
v -1 -2 -6
v 2 7 -7
v 1 8 -8
v 2 8 -8
v 1 7 -7
v -1 -1 -5
v -2 0 -6
v -1 0 -5
v -2 -1 -6
v -1 0 -5
v -2 1 -6
v -1 1 -5
v -2 0 -6
v -1 1 -5
v -2 2 -6
v -1 2 -5
v -2 1 -6
v -1 2 -5
v -2 3 -6
v -1 3 -5
v -2 2 -6
v -1 3 -5
v -2 4 -6
v -1 4 -5
v -2 3 -6
v -1 4 -5
v -2 5 -6
v -1 5 -5
v -2 4 -6
v -1 5 -5
v -2 6 -6
v -1 6 -6
v -2 5 -6
v 0 5 -5
v -1 6 -6
v 0 6 -6
v -1 5 -5
v 1 5 -5
v 0 6 -6
v 1 6 -6
v 0 5 -5
v 3 5 -5
v 2 6 -6
v 3 6 -6
v 2 5 -5
v 4 5 -5
v 3 6 -6
v 4 6 -6
v 3 5 -5
v 5 5 -5
v 4 6 -6
v 5 6 -6
v 4 5 -5
v 3 7 -7
v 2 8 -8
v 3 8 -8
v 2 7 -7
v 2 5 -5
v 1 6 -6
v 2 6 -6
v 1 5 -5
v 6 6 -6
v 5 7 -7
v 6 7 -7
v 5 6 -6
v 5 6 -6
v 4 7 -7
v 5 7 -7
v 4 6 -6
v 3 6 -6
v 2 7 -7
v 3 7 -7
v 2 6 -6
v 2 6 -6
v 1 7 -7
v 2 7 -7
v 1 6 -6
v 1 6 -6
v 0 7 -7
v 1 7 -7
v 0 6 -6
v 0 6 -6
v -1 7 -7
v 0 7 -7
v -1 6 -6
v -1 6 -6
v -2 7 -7
v -1 7 -7
v -2 6 -6
v 4 6 -6
v 3 7 -7
v 4 7 -7
v 3 6 -6
v -2 6 -6
v -3 7 -7
v -2 7 -7
v -3 6 -7
v -2 5 -6
v -3 6 -7
v -2 6 -6
v -3 5 -7
v -2 4 -6
v -3 5 -7
v -2 5 -6
v -3 4 -7
v -2 3 -6
v -3 4 -7
v -2 4 -6
v -3 3 -7
v -2 2 -6
v -3 3 -7
v -2 3 -6
v -3 2 -7
v -2 1 -6
v -3 2 -7
v -2 2 -6
v -3 1 -7
v -2 0 -6
v -3 1 -7
v -2 1 -6
v -3 0 -7
v -2 -1 -6
v -3 0 -7
v -2 0 -6
v -3 -1 -7
v -2 -2 -6
v -3 -1 -7
v -2 -1 -6
v -3 -2 -7
v 5 7 -7
v 4 8 -8
v 5 8 -8
v 4 7 -7
v -1 -3 -7
v -2 -2 -6
v -1 -2 -6
v -2 -3 -7
v 0 -3 -7
v -1 -2 -6
v 0 -2 -6
v -1 -3 -7
v 1 -3 -7
v 0 -2 -6
v 1 -2 -6
v 0 -3 -7
v 2 -3 -7
v 1 -2 -6
v 2 -2 -6
v 1 -3 -7
v 3 -3 -7
v 2 -2 -6
v 3 -2 -6
v 2 -3 -7
v 4 -3 -7
v 3 -2 -6
v 4 -2 -6
v 3 -3 -7
v 5 -3 -7
v 4 -2 -6
v 5 -2 -6
v 4 -3 -7
v 6 -3 -7
v 5 -2 -6
v 6 -2 -6
v 5 -3 -7
v 7 -3 -7
v 6 -2 -6
v 7 -2 -7
v 6 -3 -7
v 7 -2 -7
v 6 -1 -6
v 7 -1 -7
v 6 -2 -6
v 7 -1 -7
v 6 0 -6
v 7 0 -7
v 6 -1 -6
v 7 0 -7
v 6 1 -6
v 7 1 -7
v 6 0 -6
v 7 1 -7
v 6 2 -6
v 7 2 -7
v 6 1 -6
v 7 2 -7
v 6 3 -6
v 7 3 -7
v 6 2 -6
v 7 3 -7
v 6 4 -6
v 7 4 -7
v 6 3 -6
v 7 4 -7
v 6 5 -6
v 7 5 -7
v 6 4 -6
v 7 5 -7
v 6 6 -6
v 7 6 -7
v 6 5 -6
v 6 7 -7
v 5 8 -8
v 6 8 -8
v 5 7 -7
v 8 6 -8
v 7 7 -7
v 8 7 -8
v 7 6 -7
v 7 7 -7
v 6 8 -8
v 7 8 -8
v 6 7 -7
v 8 5 -8
v 7 6 -7
v 8 6 -8
v 7 5 -7
v 8 4 -8
v 7 5 -7
v 8 5 -8
v 7 4 -7
v 8 3 -8
v 7 4 -7
v 8 4 -8
v 7 3 -7
v 8 2 -8
v 7 3 -7
v 8 3 -8
v 7 2 -7
v 8 1 -8
v 7 2 -7
v 8 2 -8
v 7 1 -7
v 8 0 -8
v 7 1 -7
v 8 1 -8
v 7 0 -7
v 8 -1 -8
v 7 0 -7
v 8 0 -8
v 7 -1 -7
v 8 -2 -8
v 7 -1 -7
v 8 -1 -8
v 7 -2 -7
v 8 -3 -8
v 7 -2 -7
v 8 -2 -8
v 7 -3 -7
v 8 -4 -8
v 7 -3 -7
v 8 -3 -8
v 7 -4 -8
v 7 -4 -8
v 6 -3 -7
v 7 -3 -7
v 6 -4 -8
v 6 -4 -8
v 5 -3 -7
v 6 -3 -7
v 5 -4 -8
v 5 -4 -8
v 4 -3 -7
v 5 -3 -7
v 4 -4 -8
v 4 -4 -8
v 3 -3 -7
v 4 -3 -7
v 3 -4 -8
v 3 -4 -8
v 2 -3 -7
v 3 -3 -7
v 2 -4 -8
v 2 -4 -8
v 1 -3 -7
v 2 -3 -7
v 1 -4 -8
v 1 -4 -8
v 0 -3 -7
v 1 -3 -7
v 0 -4 -8
v 0 -4 -8
v -1 -3 -7
v 0 -3 -7
v -1 -4 -8
v -1 -4 -8
v -2 -3 -7
v -1 -3 -7
v -2 -4 -8
v -2 -4 -8
v -3 -3 -7
v -2 -3 -7
v -3 -4 -8
v 4 7 -7
v 3 8 -8
v 4 8 -8
v 3 7 -7
v -3 -3 -7
v -4 -2 -8
v -3 -2 -7
v -4 -3 -8
v -3 -2 -7
v -4 -1 -8
v -3 -1 -7
v -4 -2 -8
v -3 -1 -7
v -4 0 -8
v -3 0 -7
v -4 -1 -8
v -3 0 -7
v -4 1 -8
v -3 1 -7
v -4 0 -8
v -3 1 -7
v -4 2 -8
v -3 2 -7
v -4 1 -8
v -3 2 -7
v -4 3 -8
v -3 3 -7
v -4 2 -8
v -3 3 -7
v -4 4 -8
v -3 4 -7
v -4 3 -8
v -3 4 -7
v -4 5 -8
v -3 5 -7
v -4 4 -8
v -3 5 -7
v -4 6 -8
v -3 6 -7
v -4 5 -8
v -3 6 -7
v -4 7 -8
v -3 7 -7
v -4 6 -8
v -3 7 -7
v -4 8 -8
v -3 8 -8
v -4 7 -8
v -2 7 -7
v -3 8 -8
v -2 8 -8
v -3 7 -7
v -1 7 -7
v -2 8 -8
v -1 8 -8
v -2 7 -7
v 0 -1 -5
v -1 -1 -5
v 0 0 -4
v -1 0 -5
v -1 -2 -6
v -2 -2 -6
v -1 -1 -5
v -2 -1 -6
v -2 -3 -7
v -3 -3 -7
v -2 -2 -6
v -3 -2 -7
v -3 -4 -8
v -4 -4 -8
v -3 -3 -7
v -4 -3 -8
v 5 4 -5
v 4 4 -4
v 5 5 -5
v 4 5 -5
v 6 5 -6
v 5 5 -5
v 6 6 -6
v 5 6 -6
v 7 6 -7
v 6 6 -6
v 7 7 -7
v 6 7 -7
v 8 7 -8
v 7 7 -7
v 8 8 -8
v 7 8 -8
v 8 -21 -8
v 7 -4 -8
v 8 -4 -8
v 7 -21 -8
v 7 -21 -8
v 6 -4 -8
v 7 -4 -8
v 6 -21 -8
v 6 -21 -8
v 5 -4 -8
v 6 -4 -8
v 5 -21 -8
v 5 -21 -8
v 4 -4 -8
v 5 -4 -8
v 4 -21 -8
v 4 -21 -8
v 3 -4 -8
v 4 -4 -8
v 3 -21 -8
v 3 -21 -8
v 2 -4 -8
v 3 -4 -8
v 2 -21 -8
v 2 -21 -8
v 1 -4 -8
v 2 -4 -8
v 1 -21 -8
v 1 -21 -8
v 0 -4 -8
v 1 -4 -8
v 0 -21 -8
v 0 -21 -8
v -1 -4 -8
v 0 -4 -8
v -1 -21 -8
v -1 -21 -8
v -2 -4 -8
v -1 -4 -8
v -2 -21 -8
v -2 -21 -8
v -3 -4 -8
v -2 -4 -8
v -3 -21 -8
v -3 -21 -8
v -4 -4 -8
v -3 -4 -8
v -4 -21 -8
v 25 -21 -8
v 8 -4 -8
v 25 -4 -8
v 8 -21 -8
v 25 -4 -8
v 8 -3 -8
v 25 -3 -8
v 8 -4 -8
v 25 -3 -8
v 8 -2 -8
v 25 -2 -8
v 8 -3 -8
v 25 -2 -8
v 8 -1 -8
v 25 -1 -8
v 8 -2 -8
v 25 -1 -8
v 8 0 -8
v 25 0 -8
v 8 -1 -8
v 25 0 -8
v 8 1 -8
v 25 1 -8
v 8 0 -8
v 25 1 -8
v 8 2 -8
v 25 2 -8
v 8 1 -8
v 25 2 -8
v 8 3 -8
v 25 3 -8
v 8 2 -8
v 25 3 -8
v 8 4 -8
v 25 4 -8
v 8 3 -8
v 25 4 -8
v 8 5 -8
v 25 5 -8
v 8 4 -8
v 25 5 -8
v 8 6 -8
v 25 6 -8
v 8 5 -8
v 25 6 -8
v 8 7 -8
v 25 7 -8
v 8 6 -8
v 25 7 -8
v 8 8 -8
v 25 8 -8
v 8 7 -8
v 25 8 -8
v 8 25 -8
v 25 25 -8
v 8 8 -8
v 8 8 -8
v 7 25 -8
v 8 25 -8
v 7 8 -8
v 7 8 -8
v 6 25 -8
v 7 25 -8
v 6 8 -8
v 6 8 -8
v 5 25 -8
v 6 25 -8
v 5 8 -8
v 5 8 -8
v 4 25 -8
v 5 25 -8
v 4 8 -8
v 4 8 -8
v 3 25 -8
v 4 25 -8
v 3 8 -8
v 3 8 -8
v 2 25 -8
v 3 25 -8
v 2 8 -8
v 2 8 -8
v 1 25 -8
v 2 25 -8
v 1 8 -8
v 1 8 -8
v 0 25 -8
v 1 25 -8
v 0 8 -8
v 0 8 -8
v -1 25 -8
v 0 25 -8
v -1 8 -8
v -1 8 -8
v -2 25 -8
v -1 25 -8
v -2 8 -8
v -2 8 -8
v -3 25 -8
v -2 25 -8
v -3 8 -8
v -3 8 -8
v -4 25 -8
v -3 25 -8
v -4 8 -8
v -4 8 -8
v -21 25 -8
v -4 25 -8
v -21 8 -8
v -4 7 -8
v -21 8 -8
v -4 8 -8
v -21 7 -8
v -4 6 -8
v -21 7 -8
v -4 7 -8
v -21 6 -8
v -4 5 -8
v -21 6 -8
v -4 6 -8
v -21 5 -8
v -4 4 -8
v -21 5 -8
v -4 5 -8
v -21 4 -8
v -4 3 -8
v -21 4 -8
v -4 4 -8
v -21 3 -8
v -4 2 -8
v -21 3 -8
v -4 3 -8
v -21 2 -8
v -4 1 -8
v -21 2 -8
v -4 2 -8
v -21 1 -8
v -4 0 -8
v -21 1 -8
v -4 1 -8
v -21 0 -8
v -4 -1 -8
v -21 0 -8
v -4 0 -8
v -21 -1 -8
v -4 -2 -8
v -21 -1 -8
v -4 -1 -8
v -21 -2 -8
v -4 -3 -8
v -21 -2 -8
v -4 -2 -8
v -21 -3 -8
v -4 -4 -8
v -21 -3 -8
v -4 -3 -8
v -21 -4 -8
v -4 -21 -8
v -21 -4 -8
v -4 -4 -8
v -21 -21 -8
v 7 -4 -8
v 8 -4 -9
v 7 -4 -9
v 8 -4 -8
v 6 -4 -8
v 7 -4 -9
v 6 -4 -9
v 7 -4 -8
v 5 -4 -8
v 6 -4 -9
v 5 -4 -9
v 6 -4 -8
v 4 -4 -8
v 5 -4 -9
v 4 -4 -9
v 5 -4 -8
v 3 -4 -8
v 4 -4 -9
v 3 -4 -9
v 4 -4 -8
v 2 -4 -8
v 3 -4 -9
v 2 -4 -9
v 3 -4 -8
v 1 -4 -8
v 2 -4 -9
v 1 -4 -9
v 2 -4 -8
v 0 -4 -8
v 1 -4 -9
v 0 -4 -9
v 1 -4 -8
v -1 -4 -8
v 0 -4 -9
v -1 -4 -9
v 0 -4 -8
v -2 -4 -8
v -1 -4 -9
v -2 -4 -9
v -1 -4 -8
v -3 -4 -8
v -2 -4 -9
v -3 -4 -9
v -2 -4 -8
v -4 -4 -8
v -3 -4 -9
v -4 -4 -9
v -3 -4 -8
v 8 -4 -9
v 8 -3 -8
v 8 -3 -9
v 8 -4 -8
v 8 -3 -9
v 8 -2 -8
v 8 -2 -9
v 8 -3 -8
v 8 -2 -9
v 8 -1 -8
v 8 -1 -9
v 8 -2 -8
v 8 -1 -9
v 8 0 -8
v 8 0 -9
v 8 -1 -8
v 8 0 -9
v 8 1 -8
v 8 1 -9
v 8 0 -8
v 8 1 -9
v 8 2 -8
v 8 2 -9
v 8 1 -8
v 8 2 -9
v 8 3 -8
v 8 3 -9
v 8 2 -8
v 8 3 -9
v 8 4 -8
v 8 4 -9
v 8 3 -8
v 8 4 -9
v 8 5 -8
v 8 5 -9
v 8 4 -8
v 8 5 -9
v 8 6 -8
v 8 6 -9
v 8 5 -8
v 8 6 -9
v 8 7 -8
v 8 7 -9
v 8 6 -8
v 8 7 -9
v 8 8 -8
v 8 8 -9
v 8 7 -8
v 8 7 -10
v 8 8 -9
v 8 8 -10
v 8 7 -9
v 8 7 -11
v 8 8 -10
v 8 8 -11
v 8 7 -10
v 8 7 -12
v 8 8 -11
v 8 8 -12
v 8 7 -11
v 8 7 -13
v 8 8 -12
v 8 8 -13
v 8 7 -12
v 8 7 -14
v 8 8 -13
v 8 8 -14
v 8 7 -13
v 8 7 -15
v 8 8 -14
v 8 8 -15
v 8 7 -14
v 8 7 -16
v 8 8 -15
v 8 8 -16
v 8 7 -15
v 8 6 -16
v 8 7 -15
v 8 7 -16
v 8 6 -15
v 8 5 -16
v 8 6 -15
v 8 6 -16
v 8 5 -15
v 8 4 -16
v 8 5 -15
v 8 5 -16
v 8 4 -15
v 8 3 -16
v 8 4 -15
v 8 4 -16
v 8 3 -15
v 8 2 -16
v 8 3 -15
v 8 3 -16
v 8 2 -15
v 8 1 -16
v 8 2 -15
v 8 2 -16
v 8 1 -15
v 8 0 -16
v 8 1 -15
v 8 1 -16
v 8 0 -15
v 8 -1 -16
v 8 0 -15
v 8 0 -16
v 8 -1 -15
v 8 -2 -16
v 8 -1 -15
v 8 -1 -16
v 8 -2 -15
v 8 -3 -16
v 8 -2 -15
v 8 -2 -16
v 8 -3 -15
v 8 -4 -16
v 8 -3 -15
v 8 -3 -16
v 8 -4 -15
v 8 -4 -15
v 8 -3 -14
v 8 -3 -15
v 8 -4 -14
v 8 -3 -14
v 8 -2 -13
v 8 -2 -14
v 8 -3 -13
v 8 -3 -12
v 8 -2 -11
v 8 -2 -12
v 8 -3 -11
v 8 -3 -11
v 8 -2 -10
v 8 -2 -11
v 8 -3 -10
v 8 -4 -14
v 8 -3 -13
v 8 -3 -14
v 8 -4 -13
v 8 -4 -13
v 8 -3 -12
v 8 -3 -13
v 8 -4 -12
v 8 -4 -12
v 8 -3 -11
v 8 -3 -12
v 8 -4 -11
v 8 -4 -11
v 8 -3 -10
v 8 -3 -11
v 8 -4 -10
v 8 -4 -10
v 8 -3 -9
v 8 -3 -10
v 8 -4 -9
v 8 -3 -10
v 8 -2 -9
v 8 -2 -10
v 8 -3 -9
v 8 -2 -10
v 8 -1 -9
v 8 -1 -10
v 8 -2 -9
v 8 -1 -10
v 8 0 -9
v 8 0 -10
v 8 -1 -9
v 8 -1 -11
v 8 0 -10
v 8 0 -11
v 8 -1 -10
v 8 0 -11
v 8 1 -10
v 8 1 -11
v 8 0 -10
v 8 1 -11
v 8 2 -10
v 8 2 -11
v 8 1 -10
v 8 1 -10
v 8 2 -9
v 8 2 -10
v 8 1 -9
v 8 0 -10
v 8 1 -9
v 8 1 -10
v 8 0 -9
v 8 2 -10
v 8 3 -9
v 8 3 -10
v 8 2 -9
v 8 3 -10
v 8 4 -9
v 8 4 -10
v 8 3 -9
v 8 4 -10
v 8 5 -9
v 8 5 -10
v 8 4 -9
v 8 5 -10
v 8 6 -9
v 8 6 -10
v 8 5 -9
v 8 6 -10
v 8 7 -9
v 8 7 -10
v 8 6 -9
v 8 6 -11
v 8 7 -10
v 8 7 -11
v 8 6 -10
v 8 5 -11
v 8 6 -10
v 8 6 -11
v 8 5 -10
v 8 3 -11
v 8 4 -10
v 8 4 -11
v 8 3 -10
v 8 -2 -11
v 8 -1 -10
v 8 -1 -11
v 8 -2 -10
v 8 4 -11
v 8 5 -10
v 8 5 -11
v 8 4 -10
v 8 2 -11
v 8 3 -10
v 8 3 -11
v 8 2 -10
v 8 5 -12
v 8 6 -11
v 8 6 -12
v 8 5 -11
v 8 6 -12
v 8 7 -11
v 8 7 -12
v 8 6 -11
v 8 3 -12
v 8 4 -11
v 8 4 -12
v 8 3 -11
v 8 2 -12
v 8 3 -11
v 8 3 -12
v 8 2 -11
v 8 1 -12
v 8 2 -11
v 8 2 -12
v 8 1 -11
v 8 0 -12
v 8 1 -11
v 8 1 -12
v 8 0 -11
v 8 -1 -12
v 8 0 -11
v 8 0 -12
v 8 -1 -11
v 8 -2 -12
v 8 -1 -11
v 8 -1 -12
v 8 -2 -11
v 8 4 -12
v 8 5 -11
v 8 5 -12
v 8 4 -11
v 8 2 -13
v 8 3 -12
v 8 3 -13
v 8 2 -12
v 8 0 -14
v 8 1 -13
v 8 1 -14
v 8 0 -13
v 8 -1 -14
v 8 0 -13
v 8 0 -14
v 8 -1 -13
v 8 -2 -14
v 8 -1 -13
v 8 -1 -14
v 8 -2 -13
v 8 -3 -13
v 8 -2 -12
v 8 -2 -13
v 8 -3 -12
v 8 -2 -13
v 8 -1 -12
v 8 -1 -13
v 8 -2 -12
v 8 -1 -13
v 8 0 -12
v 8 0 -13
v 8 -1 -12
v 8 1 -13
v 8 2 -12
v 8 2 -13
v 8 1 -12
v 8 3 -13
v 8 4 -12
v 8 4 -13
v 8 3 -12
v 8 4 -13
v 8 5 -12
v 8 5 -13
v 8 4 -12
v 8 5 -13
v 8 6 -12
v 8 6 -13
v 8 5 -12
v 8 2 -14
v 8 3 -13
v 8 3 -14
v 8 2 -13
v 8 1 -14
v 8 2 -13
v 8 2 -14
v 8 1 -13
v 8 0 -13
v 8 1 -12
v 8 1 -13
v 8 0 -12
v 8 -2 -15
v 8 -1 -14
v 8 -1 -15
v 8 -2 -14
v 8 -3 -15
v 8 -2 -14
v 8 -2 -15
v 8 -3 -14
v 8 -1 -15
v 8 0 -14
v 8 0 -15
v 8 -1 -14
v 8 1 -15
v 8 2 -14
v 8 2 -15
v 8 1 -14
v 8 2 -15
v 8 3 -14
v 8 3 -15
v 8 2 -14
v 8 3 -15
v 8 4 -14
v 8 4 -15
v 8 3 -14
v 8 4 -15
v 8 5 -14
v 8 5 -15
v 8 4 -14
v 8 5 -15
v 8 6 -14
v 8 6 -15
v 8 5 -14
v 8 0 -15
v 8 1 -14
v 8 1 -15
v 8 0 -14
v 8 6 -15
v 8 7 -14
v 8 7 -15
v 8 6 -14
v 8 6 -14
v 8 7 -13
v 8 7 -14
v 8 6 -13
v 8 6 -13
v 8 7 -12
v 8 7 -13
v 8 6 -12
v 8 5 -14
v 8 6 -13
v 8 6 -14
v 8 5 -13
v 8 4 -14
v 8 5 -13
v 8 5 -14
v 8 4 -13
v 8 3 -14
v 8 4 -13
v 8 4 -14
v 8 3 -13
v 7 8 -9
v 8 8 -8
v 7 8 -8
v 8 8 -9
v 6 8 -9
v 7 8 -8
v 6 8 -8
v 7 8 -9
v 5 8 -9
v 6 8 -8
v 5 8 -8
v 6 8 -9
v 4 8 -9
v 5 8 -8
v 4 8 -8
v 5 8 -9
v 3 8 -9
v 4 8 -8
v 3 8 -8
v 4 8 -9
v 2 8 -9
v 3 8 -8
v 2 8 -8
v 3 8 -9
v 1 8 -9
v 2 8 -8
v 1 8 -8
v 2 8 -9
v 0 8 -9
v 1 8 -8
v 0 8 -8
v 1 8 -9
v -1 8 -9
v 0 8 -8
v -1 8 -8
v 0 8 -9
v -2 8 -9
v -1 8 -8
v -2 8 -8
v -1 8 -9
v -3 8 -9
v -2 8 -8
v -3 8 -8
v -2 8 -9
v -4 8 -9
v -3 8 -8
v -4 8 -8
v -3 8 -9
v -4 8 -10
v -3 8 -9
v -4 8 -9
v -3 8 -10
v -4 8 -11
v -3 8 -10
v -4 8 -10
v -3 8 -11
v -4 8 -12
v -3 8 -11
v -4 8 -11
v -3 8 -12
v -4 8 -13
v -3 8 -12
v -4 8 -12
v -3 8 -13
v -4 8 -14
v -3 8 -13
v -4 8 -13
v -3 8 -14
v -3 8 -14
v -2 8 -13
v -3 8 -13
v -2 8 -14
v -3 8 -15
v -2 8 -14
v -3 8 -14
v -2 8 -15
v -4 8 -15
v -3 8 -14
v -4 8 -14
v -3 8 -15
v -2 8 -15
v -1 8 -14
v -2 8 -14
v -1 8 -15
v -1 8 -15
v 0 8 -14
v -1 8 -14
v 0 8 -15
v 0 8 -15
v 1 8 -14
v 0 8 -14
v 1 8 -15
v 1 8 -15
v 2 8 -14
v 1 8 -14
v 2 8 -15
v 2 8 -15
v 3 8 -14
v 2 8 -14
v 3 8 -15
v 3 8 -15
v 4 8 -14
v 3 8 -14
v 4 8 -15
v 4 8 -15
v 5 8 -14
v 4 8 -14
v 5 8 -15
v 5 8 -15
v 6 8 -14
v 5 8 -14
v 6 8 -15
v 5 8 -16
v 6 8 -15
v 5 8 -15
v 6 8 -16
v 6 8 -16
v 7 8 -15
v 6 8 -15
v 7 8 -16
v 7 8 -16
v 8 8 -15
v 7 8 -15
v 8 8 -16
v 4 8 -16
v 5 8 -15
v 4 8 -15
v 5 8 -16
v 3 8 -16
v 4 8 -15
v 3 8 -15
v 4 8 -16
v 2 8 -16
v 3 8 -15
v 2 8 -15
v 3 8 -16
v 1 8 -16
v 2 8 -15
v 1 8 -15
v 2 8 -16
v 0 8 -16
v 1 8 -15
v 0 8 -15
v 1 8 -16
v -1 8 -16
v 0 8 -15
v -1 8 -15
v 0 8 -16
v -2 8 -16
v -1 8 -15
v -2 8 -15
v -1 8 -16
v -3 8 -16
v -2 8 -15
v -3 8 -15
v -2 8 -16
v -4 8 -16
v -3 8 -15
v -4 8 -15
v -3 8 -16
v 7 8 -15
v 8 8 -14
v 7 8 -14
v 8 8 -15
v 7 8 -14
v 8 8 -13
v 7 8 -13
v 8 8 -14
v 7 8 -13
v 8 8 -12
v 7 8 -12
v 8 8 -13
v 7 8 -12
v 8 8 -11
v 7 8 -11
v 8 8 -12
v 7 8 -11
v 8 8 -10
v 7 8 -10
v 8 8 -11
v 7 8 -10
v 8 8 -9
v 7 8 -9
v 8 8 -10
v 6 8 -10
v 7 8 -9
v 6 8 -9
v 7 8 -10
v 5 8 -10
v 6 8 -9
v 5 8 -9
v 6 8 -10
v 4 8 -10
v 5 8 -9
v 4 8 -9
v 5 8 -10
v 3 8 -10
v 4 8 -9
v 3 8 -9
v 4 8 -10
v 2 8 -10
v 3 8 -9
v 2 8 -9
v 3 8 -10
v 1 8 -10
v 2 8 -9
v 1 8 -9
v 2 8 -10
v -3 8 -10
v -2 8 -9
v -3 8 -9
v -2 8 -10
v -3 8 -11
v -2 8 -10
v -3 8 -10
v -2 8 -11
v -2 8 -11
v -1 8 -10
v -2 8 -10
v -1 8 -11
v -1 8 -10
v 0 8 -9
v -1 8 -9
v 0 8 -10
v 0 8 -10
v 1 8 -9
v 0 8 -9
v 1 8 -10
v -2 8 -10
v -1 8 -9
v -2 8 -9
v -1 8 -10
v -2 8 -12
v -1 8 -11
v -2 8 -11
v -1 8 -12
v -2 8 -13
v -1 8 -12
v -2 8 -12
v -1 8 -13
v -2 8 -14
v -1 8 -13
v -2 8 -13
v -1 8 -14
v -3 8 -13
v -2 8 -12
v -3 8 -12
v -2 8 -13
v -3 8 -12
v -2 8 -11
v -3 8 -11
v -2 8 -12
v 6 8 -15
v 7 8 -14
v 6 8 -14
v 7 8 -15
v 6 8 -14
v 7 8 -13
v 6 8 -13
v 7 8 -14
v 6 8 -13
v 7 8 -12
v 6 8 -12
v 7 8 -13
v 6 8 -12
v 7 8 -11
v 6 8 -11
v 7 8 -12
v 6 8 -11
v 7 8 -10
v 6 8 -10
v 7 8 -11
v 5 8 -11
v 6 8 -10
v 5 8 -10
v 6 8 -11
v 4 8 -11
v 5 8 -10
v 4 8 -10
v 5 8 -11
v 3 8 -11
v 4 8 -10
v 3 8 -10
v 4 8 -11
v 2 8 -11
v 3 8 -10
v 2 8 -10
v 3 8 -11
v 0 8 -11
v 1 8 -10
v 0 8 -10
v 1 8 -11
v -1 8 -11
v 0 8 -10
v -1 8 -10
v 0 8 -11
v -1 8 -12
v 0 8 -11
v -1 8 -11
v 0 8 -12
v 1 8 -11
v 2 8 -10
v 1 8 -10
v 2 8 -11
v 1 8 -12
v 2 8 -11
v 1 8 -11
v 2 8 -12
v 0 8 -12
v 1 8 -11
v 0 8 -11
v 1 8 -12
v 0 8 -13
v 1 8 -12
v 0 8 -12
v 1 8 -13
v -1 8 -13
v 0 8 -12
v -1 8 -12
v 0 8 -13
v -1 8 -14
v 0 8 -13
v -1 8 -13
v 0 8 -14
v 0 8 -14
v 1 8 -13
v 0 8 -13
v 1 8 -14
v 3 8 -14
v 4 8 -13
v 3 8 -13
v 4 8 -14
v 3 8 -13
v 4 8 -12
v 3 8 -12
v 4 8 -13
v 4 8 -13
v 5 8 -12
v 4 8 -12
v 5 8 -13
v 5 8 -14
v 6 8 -13
v 5 8 -13
v 6 8 -14
v 5 8 -13
v 6 8 -12
v 5 8 -12
v 6 8 -13
v 5 8 -12
v 6 8 -11
v 5 8 -11
v 6 8 -12
v 4 8 -12
v 5 8 -11
v 4 8 -11
v 5 8 -12
v 4 8 -14
v 5 8 -13
v 4 8 -13
v 5 8 -14
v 2 8 -12
v 3 8 -11
v 2 8 -11
v 3 8 -12
v 2 8 -13
v 3 8 -12
v 2 8 -12
v 3 8 -13
v 3 8 -12
v 4 8 -11
v 3 8 -11
v 4 8 -12
v 1 8 -14
v 2 8 -13
v 1 8 -13
v 2 8 -14
v 2 8 -14
v 3 8 -13
v 2 8 -13
v 3 8 -14
v 1 8 -13
v 2 8 -12
v 1 8 -12
v 2 8 -13
v -4 -4 -8
v -4 -3 -9
v -4 -3 -8
v -4 -4 -9
v -4 -3 -8
v -4 -2 -9
v -4 -2 -8
v -4 -3 -9
v -4 -2 -8
v -4 -1 -9
v -4 -1 -8
v -4 -2 -9
v -4 -1 -8
v -4 0 -9
v -4 0 -8
v -4 -1 -9
v -4 0 -8
v -4 1 -9
v -4 1 -8
v -4 0 -9
v -4 1 -8
v -4 2 -9
v -4 2 -8
v -4 1 -9
v -4 2 -8
v -4 3 -9
v -4 3 -8
v -4 2 -9
v -4 3 -8
v -4 4 -9
v -4 4 -8
v -4 3 -9
v -4 4 -8
v -4 5 -9
v -4 5 -8
v -4 4 -9
v -4 5 -8
v -4 6 -9
v -4 6 -8
v -4 5 -9
v -4 6 -8
v -4 7 -9
v -4 7 -8
v -4 6 -9
v -4 7 -8
v -4 8 -9
v -4 8 -8
v -4 7 -9
v -4 7 -9
v -4 8 -10
v -4 8 -9
v -4 7 -10
v -4 7 -10
v -4 8 -11
v -4 8 -10
v -4 7 -11
v -4 7 -11
v -4 8 -12
v -4 8 -11
v -4 7 -12
v -4 7 -12
v -4 8 -13
v -4 8 -12
v -4 7 -13
v -4 7 -13
v -4 8 -14
v -4 8 -13
v -4 7 -14
v -4 7 -14
v -4 8 -15
v -4 8 -14
v -4 7 -15
v -4 7 -15
v -4 8 -16
v -4 8 -15
v -4 7 -16
v -4 6 -15
v -4 7 -16
v -4 7 -15
v -4 6 -16
v -4 5 -15
v -4 6 -16
v -4 6 -15
v -4 5 -16
v -4 4 -15
v -4 5 -16
v -4 5 -15
v -4 4 -16
v -4 3 -15
v -4 4 -16
v -4 4 -15
v -4 3 -16
v -4 2 -15
v -4 3 -16
v -4 3 -15
v -4 2 -16
v -4 -1 -15
v -4 0 -16
v -4 0 -15
v -4 -1 -16
v -4 0 -15
v -4 1 -16
v -4 1 -15
v -4 0 -16
v -4 -2 -15
v -4 -1 -16
v -4 -1 -15
v -4 -2 -16
v -4 -3 -15
v -4 -2 -16
v -4 -2 -15
v -4 -3 -16
v -4 -4 -15
v -4 -3 -16
v -4 -3 -15
v -4 -4 -16
v -4 1 -15
v -4 2 -16
v -4 2 -15
v -4 1 -16
v -4 -4 -14
v -4 -3 -15
v -4 -3 -14
v -4 -4 -15
v -4 -4 -13
v -4 -3 -14
v -4 -3 -13
v -4 -4 -14
v -4 -4 -11
v -4 -3 -12
v -4 -3 -11
v -4 -4 -12
v -4 -4 -10
v -4 -3 -11
v -4 -3 -10
v -4 -4 -11
v -4 -4 -9
v -4 -3 -10
v -4 -3 -9
v -4 -4 -10
v -4 -4 -12
v -4 -3 -13
v -4 -3 -12
v -4 -4 -13
v -4 -3 -9
v -4 -2 -10
v -4 -2 -9
v -4 -3 -10
v -4 -3 -10
v -4 -2 -11
v -4 -2 -10
v -4 -3 -11
v -4 -3 -12
v -4 -2 -13
v -4 -2 -12
v -4 -3 -13
v -4 -3 -13
v -4 -2 -14
v -4 -2 -13
v -4 -3 -14
v -4 -3 -14
v -4 -2 -15
v -4 -2 -14
v -4 -3 -15
v -4 -3 -11
v -4 -2 -12
v -4 -2 -11
v -4 -3 -12
v -4 -2 -12
v -4 -1 -13
v -4 -1 -12
v -4 -2 -13
v -4 -1 -13
v -4 0 -14
v -4 0 -13
v -4 -1 -14
v -4 0 -13
v -4 1 -14
v -4 1 -13
v -4 0 -14
v -4 1 -14
v -4 2 -15
v -4 2 -14
v -4 1 -15
v -4 2 -14
v -4 3 -15
v -4 3 -14
v -4 2 -15
v -4 4 -14
v -4 5 -15
v -4 5 -14
v -4 4 -15
v -4 5 -14
v -4 6 -15
v -4 6 -14
v -4 5 -15
v -4 6 -14
v -4 7 -15
v -4 7 -14
v -4 6 -15
v -4 0 -14
v -4 1 -15
v -4 1 -14
v -4 0 -15
v -4 -1 -14
v -4 0 -15
v -4 0 -14
v -4 -1 -15
v -4 -2 -14
v -4 -1 -15
v -4 -1 -14
v -4 -2 -15
v -4 3 -14
v -4 4 -15
v -4 4 -14
v -4 3 -15
v -4 -2 -13
v -4 -1 -14
v -4 -1 -13
v -4 -2 -14
v -4 -1 -12
v -4 0 -13
v -4 0 -12
v -4 -1 -13
v -4 -2 -11
v -4 -1 -12
v -4 -1 -11
v -4 -2 -12
v -4 -2 -10
v -4 -1 -11
v -4 -1 -10
v -4 -2 -11
v -4 -2 -9
v -4 -1 -10
v -4 -1 -9
v -4 -2 -10
v -4 -1 -9
v -4 0 -10
v -4 0 -9
v -4 -1 -10
v -4 0 -9
v -4 1 -10
v -4 1 -9
v -4 0 -10
v -4 1 -9
v -4 2 -10
v -4 2 -9
v -4 1 -10
v -4 3 -9
v -4 4 -10
v -4 4 -9
v -4 3 -10
v -4 4 -9
v -4 5 -10
v -4 5 -9
v -4 4 -10
v -4 5 -9
v -4 6 -10
v -4 6 -9
v -4 5 -10
v -4 2 -9
v -4 3 -10
v -4 3 -9
v -4 2 -10
v -4 6 -9
v -4 7 -10
v -4 7 -9
v -4 6 -10
v -4 3 -10
v -4 4 -11
v -4 4 -10
v -4 3 -11
v -4 0 -10
v -4 1 -11
v -4 1 -10
v -4 0 -11
v -4 -1 -11
v -4 0 -12
v -4 0 -11
v -4 -1 -12
v -4 6 -10
v -4 7 -11
v -4 7 -10
v -4 6 -11
v -4 5 -10
v -4 6 -11
v -4 6 -10
v -4 5 -11
v -4 2 -10
v -4 3 -11
v -4 3 -10
v -4 2 -11
v -4 -1 -10
v -4 0 -11
v -4 0 -10
v -4 -1 -11
v -4 4 -10
v -4 5 -11
v -4 5 -10
v -4 4 -11
v -4 5 -11
v -4 6 -12
v -4 6 -11
v -4 5 -12
v -4 2 -11
v -4 3 -12
v -4 3 -11
v -4 2 -12
v -4 1 -10
v -4 2 -11
v -4 2 -10
v -4 1 -11
v -4 3 -11
v -4 4 -12
v -4 4 -11
v -4 3 -12
v -4 5 -12
v -4 6 -13
v -4 6 -12
v -4 5 -13
v -4 4 -11
v -4 5 -12
v -4 5 -11
v -4 4 -12
v -4 6 -12
v -4 7 -13
v -4 7 -12
v -4 6 -13
v -4 0 -11
v -4 1 -12
v -4 1 -11
v -4 0 -12
v -4 1 -11
v -4 2 -12
v -4 2 -11
v -4 1 -12
v -4 6 -11
v -4 7 -12
v -4 7 -11
v -4 6 -12
v -4 2 -12
v -4 3 -13
v -4 3 -12
v -4 2 -13
v -4 3 -12
v -4 4 -13
v -4 4 -12
v -4 3 -13
v -4 4 -12
v -4 5 -13
v -4 5 -12
v -4 4 -13
v -4 1 -12
v -4 2 -13
v -4 2 -12
v -4 1 -13
v -4 0 -12
v -4 1 -13
v -4 1 -12
v -4 0 -13
v -4 3 -13
v -4 4 -14
v -4 4 -13
v -4 3 -14
v -4 1 -13
v -4 2 -14
v -4 2 -13
v -4 1 -14
v -4 2 -13
v -4 3 -14
v -4 3 -13
v -4 2 -14
v -4 4 -13
v -4 5 -14
v -4 5 -13
v -4 4 -14
v -4 6 -13
v -4 7 -14
v -4 7 -13
v -4 6 -14
v -4 5 -13
v -4 6 -14
v -4 6 -13
v -4 5 -14
v -4 -4 -15
v -3 -4 -16
v -4 -4 -16
v -3 -4 -15
v -3 -4 -15
v -2 -4 -16
v -3 -4 -16
v -2 -4 -15
v -2 -4 -15
v -1 -4 -16
v -2 -4 -16
v -1 -4 -15
v -1 -4 -15
v 0 -4 -16
v -1 -4 -16
v 0 -4 -15
v 0 -4 -15
v 1 -4 -16
v 0 -4 -16
v 1 -4 -15
v 1 -4 -15
v 2 -4 -16
v 1 -4 -16
v 2 -4 -15
v 2 -4 -15
v 3 -4 -16
v 2 -4 -16
v 3 -4 -15
v 3 -4 -15
v 4 -4 -16
v 3 -4 -16
v 4 -4 -15
v 4 -4 -15
v 5 -4 -16
v 4 -4 -16
v 5 -4 -15
v 5 -4 -15
v 6 -4 -16
v 5 -4 -16
v 6 -4 -15
v 6 -4 -15
v 7 -4 -16
v 6 -4 -16
v 7 -4 -15
v 7 -4 -15
v 8 -4 -16
v 7 -4 -16
v 8 -4 -15
v 7 -4 -14
v 8 -4 -15
v 7 -4 -15
v 8 -4 -14
v 7 -4 -13
v 8 -4 -14
v 7 -4 -14
v 8 -4 -13
v 7 -4 -12
v 8 -4 -13
v 7 -4 -13
v 8 -4 -12
v 7 -4 -11
v 8 -4 -12
v 7 -4 -12
v 8 -4 -11
v 7 -4 -10
v 8 -4 -11
v 7 -4 -11
v 8 -4 -10
v 7 -4 -9
v 8 -4 -10
v 7 -4 -10
v 8 -4 -9
v 6 -4 -9
v 7 -4 -10
v 6 -4 -10
v 7 -4 -9
v 5 -4 -9
v 6 -4 -10
v 5 -4 -10
v 6 -4 -9
v 4 -4 -9
v 5 -4 -10
v 4 -4 -10
v 5 -4 -9
v 3 -4 -9
v 4 -4 -10
v 3 -4 -10
v 4 -4 -9
v 1 -4 -9
v 2 -4 -10
v 1 -4 -10
v 2 -4 -9
v 0 -4 -9
v 1 -4 -10
v 0 -4 -10
v 1 -4 -9
v -1 -4 -9
v 0 -4 -10
v -1 -4 -10
v 0 -4 -9
v -2 -4 -9
v -1 -4 -10
v -2 -4 -10
v -1 -4 -9
v -3 -4 -9
v -2 -4 -10
v -3 -4 -10
v -2 -4 -9
v -4 -4 -9
v -3 -4 -10
v -4 -4 -10
v -3 -4 -9
v -4 -4 -10
v -3 -4 -11
v -4 -4 -11
v -3 -4 -10
v -4 -4 -11
v -3 -4 -12
v -4 -4 -12
v -3 -4 -11
v -4 -4 -12
v -3 -4 -13
v -4 -4 -13
v -3 -4 -12
v -4 -4 -13
v -3 -4 -14
v -4 -4 -14
v -3 -4 -13
v -4 -4 -14
v -3 -4 -15
v -4 -4 -15
v -3 -4 -14
v -3 -4 -14
v -2 -4 -15
v -3 -4 -15
v -2 -4 -14
v -2 -4 -14
v -1 -4 -15
v -2 -4 -15
v -1 -4 -14
v -1 -4 -14
v 0 -4 -15
v -1 -4 -15
v 0 -4 -14
v 1 -4 -14
v 2 -4 -15
v 1 -4 -15
v 2 -4 -14
v 2 -4 -14
v 3 -4 -15
v 2 -4 -15
v 3 -4 -14
v 3 -4 -14
v 4 -4 -15
v 3 -4 -15
v 4 -4 -14
v 4 -4 -14
v 5 -4 -15
v 4 -4 -15
v 5 -4 -14
v 5 -4 -14
v 6 -4 -15
v 5 -4 -15
v 6 -4 -14
v 6 -4 -14
v 7 -4 -15
v 6 -4 -15
v 7 -4 -14
v 0 -4 -14
v 1 -4 -15
v 0 -4 -15
v 1 -4 -14
v 1 -4 -13
v 2 -4 -14
v 1 -4 -14
v 2 -4 -13
v 3 -4 -12
v 4 -4 -13
v 3 -4 -13
v 4 -4 -12
v 4 -4 -11
v 5 -4 -12
v 4 -4 -12
v 5 -4 -11
v 3 -4 -10
v 4 -4 -11
v 3 -4 -11
v 4 -4 -10
v 2 -4 -9
v 3 -4 -10
v 2 -4 -10
v 3 -4 -9
v 5 -4 -10
v 6 -4 -11
v 5 -4 -11
v 6 -4 -10
v 6 -4 -10
v 7 -4 -11
v 6 -4 -11
v 7 -4 -10
v 6 -4 -11
v 7 -4 -12
v 6 -4 -12
v 7 -4 -11
v 6 -4 -12
v 7 -4 -13
v 6 -4 -13
v 7 -4 -12
v 6 -4 -13
v 7 -4 -14
v 6 -4 -14
v 7 -4 -13
v 5 -4 -13
v 6 -4 -14
v 5 -4 -14
v 6 -4 -13
v 5 -4 -11
v 6 -4 -12
v 5 -4 -12
v 6 -4 -11
v 4 -4 -10
v 5 -4 -11
v 4 -4 -11
v 5 -4 -10
v 3 -4 -11
v 4 -4 -12
v 3 -4 -12
v 4 -4 -11
v 4 -4 -12
v 5 -4 -13
v 4 -4 -13
v 5 -4 -12
v 4 -4 -13
v 5 -4 -14
v 4 -4 -14
v 5 -4 -13
v 3 -4 -13
v 4 -4 -14
v 3 -4 -14
v 4 -4 -13
v 2 -4 -13
v 3 -4 -14
v 2 -4 -14
v 3 -4 -13
v 5 -4 -12
v 6 -4 -13
v 5 -4 -13
v 6 -4 -12
v 1 -4 -12
v 2 -4 -13
v 1 -4 -13
v 2 -4 -12
v -1 -4 -13
v 0 -4 -14
v -1 -4 -14
v 0 -4 -13
v -2 -4 -13
v -1 -4 -14
v -2 -4 -14
v -1 -4 -13
v -3 -4 -13
v -2 -4 -14
v -3 -4 -14
v -2 -4 -13
v -2 -4 -12
v -1 -4 -13
v -2 -4 -13
v -1 -4 -12
v -3 -4 -11
v -2 -4 -12
v -3 -4 -12
v -2 -4 -11
v -3 -4 -10
v -2 -4 -11
v -3 -4 -11
v -2 -4 -10
v -2 -4 -10
v -1 -4 -11
v -2 -4 -11
v -1 -4 -10
v -2 -4 -11
v -1 -4 -12
v -2 -4 -12
v -1 -4 -11
v -1 -4 -10
v 0 -4 -11
v -1 -4 -11
v 0 -4 -10
v 0 -4 -10
v 1 -4 -11
v 0 -4 -11
v 1 -4 -10
v -1 -4 -11
v 0 -4 -12
v -1 -4 -12
v 0 -4 -11
v 0 -4 -11
v 1 -4 -12
v 0 -4 -12
v 1 -4 -11
v -3 -4 -12
v -2 -4 -13
v -3 -4 -13
v -2 -4 -12
v 1 -4 -10
v 2 -4 -11
v 1 -4 -11
v 2 -4 -10
v 0 -4 -12
v 1 -4 -13
v 0 -4 -13
v 1 -4 -12
v 0 -4 -13
v 1 -4 -14
v 0 -4 -14
v 1 -4 -13
v 1 -4 -11
v 2 -4 -12
v 1 -4 -12
v 2 -4 -11
v 2 -4 -10
v 3 -4 -11
v 2 -4 -11
v 3 -4 -10
v -1 -4 -12
v 0 -4 -13
v -1 -4 -13
v 0 -4 -12
v 2 -4 -11
v 3 -4 -12
v 2 -4 -12
v 3 -4 -11
v 2 -4 -12
v 3 -4 -13
v 2 -4 -13
v 3 -4 -12
v -4 -4 -16
v -5 -3 -16
v -4 -3 -16
v -5 -4 -16
v -4 -3 -16
v -5 -2 -16
v -4 -2 -16
v -5 -3 -16
v -4 -2 -16
v -5 -1 -16
v -4 -1 -16
v -5 -2 -16
v -4 -1 -16
v -5 0 -16
v -4 0 -16
v -5 -1 -16
v -4 0 -16
v -5 1 -16
v -4 1 -16
v -5 0 -16
v -4 1 -16
v -5 2 -16
v -4 2 -16
v -5 1 -16
v -4 2 -16
v -5 3 -16
v -4 3 -16
v -5 2 -16
v -4 3 -16
v -5 4 -16
v -4 4 -16
v -5 3 -16
v -4 4 -16
v -5 5 -16
v -4 5 -16
v -5 4 -16
v -4 5 -16
v -5 6 -16
v -4 6 -16
v -5 5 -16
v -4 6 -16
v -5 7 -16
v -4 7 -16
v -5 6 -16
v -4 7 -16
v -5 8 -16
v -4 8 -16
v -5 7 -16
v -4 8 -16
v -5 9 -16
v -4 9 -16
v -5 8 -16
v -4 -5 -16
v -5 -4 -16
v -4 -4 -16
v -5 -5 -16
v -3 -5 -16
v -4 -4 -16
v -3 -4 -16
v -4 -5 -16
v -2 -5 -16
v -3 -4 -16
v -2 -4 -16
v -3 -5 -16
v -1 -5 -16
v -2 -4 -16
v -1 -4 -16
v -2 -5 -16
v 0 -5 -16
v -1 -4 -16
v 0 -4 -16
v -1 -5 -16
v 1 -5 -16
v 0 -4 -16
v 1 -4 -16
v 0 -5 -16
v 2 -5 -16
v 1 -4 -16
v 2 -4 -16
v 1 -5 -16
v 3 -5 -16
v 2 -4 -16
v 3 -4 -16
v 2 -5 -16
v 4 -5 -16
v 3 -4 -16
v 4 -4 -16
v 3 -5 -16
v 5 -5 -16
v 4 -4 -16
v 5 -4 -16
v 4 -5 -16
v 6 -5 -16
v 5 -4 -16
v 6 -4 -16
v 5 -5 -16
v 7 -5 -16
v 6 -4 -16
v 7 -4 -16
v 6 -5 -16
v 8 -5 -16
v 7 -4 -16
v 8 -4 -16
v 7 -5 -16
v 9 -5 -16
v 8 -4 -16
v 9 -4 -16
v 8 -5 -16
v 9 -4 -16
v 8 -3 -16
v 9 -3 -16
v 8 -4 -16
v 9 -3 -16
v 8 -2 -16
v 9 -2 -16
v 8 -3 -16
v 9 -2 -16
v 8 -1 -16
v 9 -1 -16
v 8 -2 -16
v 9 -1 -16
v 8 0 -16
v 9 0 -16
v 8 -1 -16
v 9 0 -16
v 8 1 -16
v 9 1 -16
v 8 0 -16
v 9 1 -16
v 8 2 -16
v 9 2 -16
v 8 1 -16
v 9 2 -16
v 8 3 -16
v 9 3 -16
v 8 2 -16
v 9 3 -16
v 8 4 -16
v 9 4 -16
v 8 3 -16
v 9 4 -16
v 8 5 -16
v 9 5 -16
v 8 4 -16
v 9 5 -16
v 8 6 -16
v 9 6 -16
v 8 5 -16
v 9 6 -16
v 8 7 -16
v 9 7 -16
v 8 6 -16
v 9 7 -16
v 8 8 -16
v 9 8 -16
v 8 7 -16
v 9 8 -16
v 8 9 -16
v 9 9 -16
v 8 8 -16
v 8 8 -16
v 7 9 -16
v 8 9 -16
v 7 8 -16
v 7 8 -16
v 6 9 -16
v 7 9 -16
v 6 8 -16
v 6 8 -16
v 5 9 -16
v 6 9 -16
v 5 8 -16
v 5 8 -16
v 4 9 -16
v 5 9 -16
v 4 8 -16
v 4 8 -16
v 3 9 -16
v 4 9 -16
v 3 8 -16
v 3 8 -16
v 2 9 -16
v 3 9 -16
v 2 8 -16
v 2 8 -16
v 1 9 -16
v 2 9 -16
v 1 8 -16
v 1 8 -16
v 0 9 -16
v 1 9 -16
v 0 8 -16
v 0 8 -16
v -1 9 -16
v 0 9 -16
v -1 8 -16
v -1 8 -16
v -2 9 -16
v -1 9 -16
v -2 8 -16
v -2 8 -16
v -3 9 -16
v -2 9 -16
v -3 8 -16
v -3 8 -16
v -4 9 -16
v -3 9 -16
v -4 8 -16
v 3 4 -29
v 4 37 -29
v 3 37 -29
v 4 4 -29
v 2 4 -29
v 3 37 -29
v 2 37 -29
v 3 4 -29
v 1 4 -29
v 2 37 -29
v 1 37 -29
v 2 4 -29
v 0 4 -29
v 1 37 -29
v 0 37 -29
v 1 4 -29
v 4 4 -29
v 37 37 -29
v 4 37 -29
v 37 4 -29
v -33 4 -29
v 0 37 -29
v -33 37 -29
v 0 4 -29
v -33 3 -29
v 0 4 -29
v -33 4 -29
v 0 3 -29
v -33 2 -29
v 0 3 -29
v -33 3 -29
v 0 2 -29
v -33 1 -29
v 0 2 -29
v -33 2 -29
v 0 1 -29
v -33 0 -29
v 0 1 -29
v -33 1 -29
v 0 0 -29
v 4 3 -29
v 37 4 -29
v 4 4 -29
v 37 3 -29
v 4 1 -29
v 37 2 -29
v 4 2 -29
v 37 1 -29
v 4 0 -29
v 37 1 -29
v 4 1 -29
v 37 0 -29
v 4 2 -29
v 37 3 -29
v 4 3 -29
v 37 2 -29
v -33 -33 -29
v 0 0 -29
v -33 0 -29
v 0 -33 -29
v 0 -33 -29
v 1 0 -29
v 0 0 -29
v 1 -33 -29
v 1 -33 -29
v 2 0 -29
v 1 0 -29
v 2 -33 -29
v 2 -33 -29
v 3 0 -29
v 2 0 -29
v 3 -33 -29
v 3 -33 -29
v 4 0 -29
v 3 0 -29
v 4 -33 -29
v 4 -33 -29
v 37 0 -29
v 4 0 -29
v 37 -33 -29
v 3 4 -30
v 4 4 -29
v 3 4 -29
v 4 4 -30
v 3 4 -31
v 4 4 -30
v 3 4 -30
v 4 4 -31
v 3 4 -32
v 4 4 -31
v 3 4 -31
v 4 4 -32
v 3 4 -33
v 4 4 -32
v 3 4 -32
v 4 4 -33
v 3 4 -34
v 4 4 -33
v 3 4 -33
v 4 4 -34
v 3 4 -35
v 4 4 -34
v 3 4 -34
v 4 4 -35
v 3 4 -36
v 4 4 -35
v 3 4 -35
v 4 4 -36
v 3 4 -37
v 4 4 -36
v 3 4 -36
v 4 4 -37
v 2 4 -37
v 3 4 -36
v 2 4 -36
v 3 4 -37
v 1 4 -37
v 2 4 -36
v 1 4 -36
v 2 4 -37
v 0 4 -36
v 1 4 -35
v 0 4 -35
v 1 4 -36
v 0 4 -37
v 1 4 -36
v 0 4 -36
v 1 4 -37
v 0 4 -35
v 1 4 -34
v 0 4 -34
v 1 4 -35
v 0 4 -34
v 1 4 -33
v 0 4 -33
v 1 4 -34
v 0 4 -33
v 1 4 -32
v 0 4 -32
v 1 4 -33
v 0 4 -32
v 1 4 -31
v 0 4 -31
v 1 4 -32
v 0 4 -31
v 1 4 -30
v 0 4 -30
v 1 4 -31
v 0 4 -30
v 1 4 -29
v 0 4 -29
v 1 4 -30
v 1 4 -30
v 2 4 -29
v 1 4 -29
v 2 4 -30
v 2 4 -30
v 3 4 -29
v 2 4 -29
v 3 4 -30
v 2 4 -31
v 3 4 -30
v 2 4 -30
v 3 4 -31
v 2 4 -32
v 3 4 -31
v 2 4 -31
v 3 4 -32
v 2 4 -33
v 3 4 -32
v 2 4 -32
v 3 4 -33
v 1 4 -34
v 2 4 -33
v 1 4 -33
v 2 4 -34
v 1 4 -35
v 2 4 -34
v 1 4 -34
v 2 4 -35
v 1 4 -36
v 2 4 -35
v 1 4 -35
v 2 4 -36
v 2 4 -36
v 3 4 -35
v 2 4 -35
v 3 4 -36
v 2 4 -35
v 3 4 -34
v 2 4 -34
v 3 4 -35
v 2 4 -34
v 3 4 -33
v 2 4 -33
v 3 4 -34
v 1 4 -33
v 2 4 -32
v 1 4 -32
v 2 4 -33
v 1 4 -32
v 2 4 -31
v 1 4 -31
v 2 4 -32
v 1 4 -31
v 2 4 -30
v 1 4 -30
v 2 4 -31
v 4 3 -37
v 4 4 -36
v 4 4 -37
v 4 3 -36
v 4 1 -37
v 4 2 -36
v 4 2 -37
v 4 1 -36
v 4 2 -37
v 4 3 -36
v 4 3 -37
v 4 2 -36
v 4 0 -37
v 4 1 -36
v 4 1 -37
v 4 0 -36
v 4 0 -36
v 4 1 -35
v 4 1 -36
v 4 0 -35
v 4 0 -35
v 4 1 -34
v 4 1 -35
v 4 0 -34
v 4 0 -34
v 4 1 -33
v 4 1 -34
v 4 0 -33
v 4 0 -33
v 4 1 -32
v 4 1 -33
v 4 0 -32
v 4 0 -32
v 4 1 -31
v 4 1 -32
v 4 0 -31
v 4 0 -31
v 4 1 -30
v 4 1 -31
v 4 0 -30
v 4 0 -30
v 4 1 -29
v 4 1 -30
v 4 0 -29
v 4 1 -30
v 4 2 -29
v 4 2 -30
v 4 1 -29
v 4 2 -30
v 4 3 -29
v 4 3 -30
v 4 2 -29
v 4 3 -30
v 4 4 -29
v 4 4 -30
v 4 3 -29
v 4 3 -31
v 4 4 -30
v 4 4 -31
v 4 3 -30
v 4 2 -31
v 4 3 -30
v 4 3 -31
v 4 2 -30
v 4 1 -31
v 4 2 -30
v 4 2 -31
v 4 1 -30
v 4 1 -32
v 4 2 -31
v 4 2 -32
v 4 1 -31
v 4 2 -32
v 4 3 -31
v 4 3 -32
v 4 2 -31
v 4 3 -32
v 4 4 -31
v 4 4 -32
v 4 3 -31
v 4 1 -33
v 4 2 -32
v 4 2 -33
v 4 1 -32
v 4 2 -33
v 4 3 -32
v 4 3 -33
v 4 2 -32
v 4 3 -34
v 4 4 -33
v 4 4 -34
v 4 3 -33
v 4 3 -33
v 4 4 -32
v 4 4 -33
v 4 3 -32
v 4 2 -34
v 4 3 -33
v 4 3 -34
v 4 2 -33
v 4 1 -34
v 4 2 -33
v 4 2 -34
v 4 1 -33
v 4 2 -35
v 4 3 -34
v 4 3 -35
v 4 2 -34
v 4 3 -35
v 4 4 -34
v 4 4 -35
v 4 3 -34
v 4 1 -35
v 4 2 -34
v 4 2 -35
v 4 1 -34
v 4 2 -36
v 4 3 -35
v 4 3 -36
v 4 2 -35
v 4 3 -36
v 4 4 -35
v 4 4 -36
v 4 3 -35
v 4 1 -36
v 4 2 -35
v 4 2 -36
v 4 1 -35
v 3 0 -36
v 4 0 -37
v 3 0 -37
v 4 0 -36
v 2 0 -36
v 3 0 -37
v 2 0 -37
v 3 0 -36
v 1 0 -36
v 2 0 -37
v 1 0 -37
v 2 0 -36
v 0 0 -36
v 1 0 -37
v 0 0 -37
v 1 0 -36
v 0 0 -35
v 1 0 -36
v 0 0 -36
v 1 0 -35
v 0 0 -34
v 1 0 -35
v 0 0 -35
v 1 0 -34
v 0 0 -33
v 1 0 -34
v 0 0 -34
v 1 0 -33
v 0 0 -32
v 1 0 -33
v 0 0 -33
v 1 0 -32
v 0 0 -31
v 1 0 -32
v 0 0 -32
v 1 0 -31
v 0 0 -30
v 1 0 -31
v 0 0 -31
v 1 0 -30
v 0 0 -29
v 1 0 -30
v 0 0 -30
v 1 0 -29
v 1 0 -29
v 2 0 -30
v 1 0 -30
v 2 0 -29
v 2 0 -29
v 3 0 -30
v 2 0 -30
v 3 0 -29
v 3 0 -29
v 4 0 -30
v 3 0 -30
v 4 0 -29
v 3 0 -30
v 4 0 -31
v 3 0 -31
v 4 0 -30
v 3 0 -31
v 4 0 -32
v 3 0 -32
v 4 0 -31
v 3 0 -32
v 4 0 -33
v 3 0 -33
v 4 0 -32
v 3 0 -33
v 4 0 -34
v 3 0 -34
v 4 0 -33
v 3 0 -34
v 4 0 -35
v 3 0 -35
v 4 0 -34
v 3 0 -35
v 4 0 -36
v 3 0 -36
v 4 0 -35
v 2 0 -35
v 3 0 -36
v 2 0 -36
v 3 0 -35
v 1 0 -34
v 2 0 -35
v 1 0 -35
v 2 0 -34
v 1 0 -33
v 2 0 -34
v 1 0 -34
v 2 0 -33
v 1 0 -32
v 2 0 -33
v 1 0 -33
v 2 0 -32
v 1 0 -31
v 2 0 -32
v 1 0 -32
v 2 0 -31
v 1 0 -30
v 2 0 -31
v 1 0 -31
v 2 0 -30
v 2 0 -33
v 3 0 -34
v 2 0 -34
v 3 0 -33
v 2 0 -34
v 3 0 -35
v 2 0 -35
v 3 0 -34
v 1 0 -35
v 2 0 -36
v 1 0 -36
v 2 0 -35
v 2 0 -32
v 3 0 -33
v 2 0 -33
v 3 0 -32
v 2 0 -31
v 3 0 -32
v 2 0 -32
v 3 0 -31
v 2 0 -30
v 3 0 -31
v 2 0 -31
v 3 0 -30
v 0 3 -29
v 0 4 -30
v 0 4 -29
v 1.1102230246251565e-16 3 -30
v 1.1102230246251565e-16 3 -30
v 0 4 -31
v 0 4 -30
v 1.1102230246251565e-16 3 -31
v 1.1102230246251565e-16 3 -31
v 0 4 -32
v 0 4 -31
v 1.1102230246251565e-16 3 -32
v 1.1102230246251565e-16 3 -32
v 0 4 -33
v 0 4 -32
v 1.1102230246251565e-16 3 -33
v 1.1102230246251565e-16 3 -33
v 0 4 -34
v 0 4 -33
v 1.1102230246251565e-16 3 -34
v 1.1102230246251565e-16 3 -34
v 0 4 -35
v 0 4 -34
v 1.1102230246251565e-16 3 -35
v 1.1102230246251565e-16 3 -35
v 0 4 -36
v 0 4 -35
v 1.1102230246251565e-16 3 -36
v 1.1102230246251565e-16 3 -36
v 0 4 -37
v 0 4 -36
v 1.1102230246251565e-16 3 -37
v 0 0 -36
v 1.1102230246251565e-16 1 -37
v -1.1102230246251565e-16 1 -36
v 0 0 -37
v 0 0 -34
v 1.1102230246251565e-16 1 -35
v -1.1102230246251565e-16 1 -34
v 0 0 -35
v 0 0 -33
v -1.1102230246251565e-16 1 -34
v -1.1102230246251565e-16 1 -33
v 0 0 -34
v 0 0 -32
v -1.1102230246251565e-16 1 -33
v -1.1102230246251565e-16 1 -32
v 0 0 -33
v 0 0 -31
v -1.1102230246251565e-16 1 -32
v -1.1102230246251565e-16 1 -31
v 0 0 -32
v 0 0 -30
v -1.1102230246251565e-16 1 -31
v -1.1102230246251565e-16 1 -30
v 0 0 -31
v 0 0 -29
v -1.1102230246251565e-16 1 -30
v 0 1 -29
v 0 0 -30
v 0 0 -35
v -1.1102230246251565e-16 1 -36
v 1.1102230246251565e-16 1 -35
v 0 0 -36
v 0 1 -29
v 1.1102230246251565e-16 2 -30
v 0 2 -29
v -1.1102230246251565e-16 1 -30
v 0 2 -29
v 1.1102230246251565e-16 3 -30
v 0 3 -29
v 1.1102230246251565e-16 2 -30
v -1.1102230246251565e-16 2 -36
v 1.1102230246251565e-16 3 -37
v 1.1102230246251565e-16 3 -36
v 1.1102230246251565e-16 2 -37
v -1.1102230246251565e-16 1 -36
v 1.1102230246251565e-16 2 -37
v -1.1102230246251565e-16 2 -36
v 1.1102230246251565e-16 1 -37
v -1.1102230246251565e-16 2 -35
v 1.1102230246251565e-16 3 -36
v 1.1102230246251565e-16 3 -35
v -1.1102230246251565e-16 2 -36
v 1.1102230246251565e-16 1 -35
v -1.1102230246251565e-16 2 -36
v -1.1102230246251565e-16 2 -35
v -1.1102230246251565e-16 1 -36
v -1.1102230246251565e-16 1 -34
v -1.1102230246251565e-16 2 -35
v -1.1102230246251565e-16 2 -34
v 1.1102230246251565e-16 1 -35
v -1.1102230246251565e-16 1 -32
v 1.1102230246251565e-16 2 -33
v -1.1102230246251565e-16 2 -32
v -1.1102230246251565e-16 1 -33
v -1.1102230246251565e-16 1 -31
v -1.1102230246251565e-16 2 -32
v -1.1102230246251565e-16 2 -31
v -1.1102230246251565e-16 1 -32
v -1.1102230246251565e-16 1 -30
v -1.1102230246251565e-16 2 -31
v 1.1102230246251565e-16 2 -30
v -1.1102230246251565e-16 1 -31
v 1.1102230246251565e-16 2 -30
v 1.1102230246251565e-16 3 -31
v 1.1102230246251565e-16 3 -30
v -1.1102230246251565e-16 2 -31
v -1.1102230246251565e-16 2 -31
v 1.1102230246251565e-16 3 -32
v 1.1102230246251565e-16 3 -31
v -1.1102230246251565e-16 2 -32
v -1.1102230246251565e-16 2 -32
v 1.1102230246251565e-16 3 -33
v 1.1102230246251565e-16 3 -32
v 1.1102230246251565e-16 2 -33
v 1.1102230246251565e-16 2 -33
v 1.1102230246251565e-16 3 -34
v 1.1102230246251565e-16 3 -33
v -1.1102230246251565e-16 2 -34
v -1.1102230246251565e-16 2 -34
v 1.1102230246251565e-16 3 -35
v 1.1102230246251565e-16 3 -34
v -1.1102230246251565e-16 2 -35
v -1.1102230246251565e-16 1 -33
v -1.1102230246251565e-16 2 -34
v 1.1102230246251565e-16 2 -33
v -1.1102230246251565e-16 1 -34
v -5 -5 -16
v -5 -4 -15
v -5 -4 -16
v -5 -5 -15
v -5 -4 -16
v -5 -3 -15
v -5 -3 -16
v -5 -4 -15
v -5 -3 -16
v -5 -2 -15
v -5 -2 -16
v -5 -3 -15
v -5 -2 -16
v -5 -1 -15
v -5 -1 -16
v -5 -2 -15
v -5 -1 -16
v -5 0 -15
v -5 0 -16
v -5 -1 -15
v -5 0 -16
v -5 1 -15
v -5 1 -16
v -5 0 -15
v -5 1 -16
v -5 2 -15
v -5 2 -16
v -5 1 -15
v -5 2 -16
v -5 3 -15
v -5 3 -16
v -5 2 -15
v -5 4 -16
v -5 5 -15
v -5 5 -16
v -5 4 -15
v -5 5 -16
v -5 6 -15
v -5 6 -16
v -5 5 -15
v -5 6 -16
v -5 7 -15
v -5 7 -16
v -5 6 -15
v -5 7 -16
v -5 8 -15
v -5 8 -16
v -5 7 -15
v -5 8 -16
v -5 9 -15
v -5 9 -16
v -5 8 -15
v -5 3 -16
v -5 4 -15
v -5 4 -16
v -5 3 -15
v -5 8 -15
v -5 9 -14
v -5 9 -15
v -5 8 -14
v -5 8 -14
v -5 9 -13
v -5 9 -14
v -5 8 -13
v -5 8 -13
v -5 9 -12
v -5 9 -13
v -5 8 -12
v -5 8 -12
v -5 9 -11
v -5 9 -12
v -5 8 -11
v -5 8 -11
v -5 9 -10
v -5 9 -11
v -5 8 -10
v -5 8 -10
v -5 9 -9
v -5 9 -10
v -5 8 -9
v -5 8 -9
v -5 9 -8
v -5 9 -9
v -5 8 -8
v -5 -5 -15
v -5 -4 -14
v -5 -4 -15
v -5 -5 -14
v -5 -5 -14
v -5 -4 -13
v -5 -4 -14
v -5 -5 -13
v -5 -5 -13
v -5 -4 -12
v -5 -4 -13
v -5 -5 -12
v -5 -5 -12
v -5 -4 -11
v -5 -4 -12
v -5 -5 -11
v -5 -5 -11
v -5 -4 -10
v -5 -4 -11
v -5 -5 -10
v -5 -5 -10
v -5 -4 -9
v -5 -4 -10
v -5 -5 -9
v -5 -5 -9
v -5 -4 -8
v -5 -4 -9
v -5 -5 -8
v -5 -4 -9
v -5 -3 -8
v -5 -3 -9
v -5 -4 -8
v -5 -3 -9
v -5 -2 -8
v -5 -2 -9
v -5 -3 -8
v -5 -2 -9
v -5 -1 -8
v -5 -1 -9
v -5 -2 -8
v -5 -1 -9
v -5 0 -8
v -5 0 -9
v -5 -1 -8
v -5 0 -9
v -5 1 -8
v -5 1 -9
v -5 0 -8
v -5 1 -9
v -5 2 -8
v -5 2 -9
v -5 1 -8
v -5 2 -9
v -5 3 -8
v -5 3 -9
v -5 2 -8
v -5 3 -9
v -5 4 -8
v -5 4 -9
v -5 3 -8
v -5 4 -9
v -5 5 -8
v -5 5 -9
v -5 4 -8
v -5 5 -9
v -5 6 -8
v -5 6 -9
v -5 5 -8
v -5 6 -9
v -5 7 -8
v -5 7 -9
v -5 6 -8
v -5 7 -9
v -5 8 -8
v -5 8 -9
v -5 7 -8
v -5 -4 -10
v -5 -3 -9
v -5 -3 -10
v -5 -4 -9
v -5 -4 -11
v -5 -3 -10
v -5 -3 -11
v -5 -4 -10
v -5 -4 -12
v -5 -3 -11
v -5 -3 -12
v -5 -4 -11
v -5 -4 -13
v -5 -3 -12
v -5 -3 -13
v -5 -4 -12
v -5 -4 -14
v -5 -3 -13
v -5 -3 -14
v -5 -4 -13
v -5 -4 -15
v -5 -3 -14
v -5 -3 -15
v -5 -4 -14
v -5 -3 -15
v -5 -2 -14
v -5 -2 -15
v -5 -3 -14
v -5 -3 -14
v -5 -2 -13
v -5 -2 -14
v -5 -3 -13
v -5 -3 -13
v -5 -2 -12
v -5 -2 -13
v -5 -3 -12
v -5 -3 -12
v -5 -2 -11
v -5 -2 -12
v -5 -3 -11
v -5 -3 -11
v -5 -2 -10
v -5 -2 -11
v -5 -3 -10
v -5 -3 -10
v -5 -2 -9
v -5 -2 -10
v -5 -3 -9
v -5 -2 -10
v -5 -1 -9
v -5 -1 -10
v -5 -2 -9
v -5 -2 -11
v -5 -1 -10
v -5 -1 -11
v -5 -2 -10
v -5 -2 -12
v -5 -1 -11
v -5 -1 -12
v -5 -2 -11
v -5 -2 -13
v -5 -1 -12
v -5 -1 -13
v -5 -2 -12
v -5 -2 -14
v -5 -1 -13
v -5 -1 -14
v -5 -2 -13
v -5 -2 -15
v -5 -1 -14
v -5 -1 -15
v -5 -2 -14
v -5 -1 -15
v -5 0 -14
v -5 0 -15
v -5 -1 -14
v -5 -1 -14
v -5 0 -13
v -5 0 -14
v -5 -1 -13
v -5 0 -13
v -5 1 -12
v -5 1 -13
v -5 0 -12
v -5 0 -12
v -5 1 -11
v -5 1 -12
v -5 0 -11
v -5 -1 -11
v -5 0 -10
v -5 0 -11
v -5 -1 -10
v -5 -1 -10
v -5 0 -9
v -5 0 -10
v -5 -1 -9
v -5 -1 -12
v -5 0 -11
v -5 0 -12
v -5 -1 -11
v -5 -1 -13
v -5 0 -12
v -5 0 -13
v -5 -1 -12
v -5 0 -10
v -5 1 -9
v -5 1 -10
v -5 0 -9
v -5 0 -11
v -5 1 -10
v -5 1 -11
v -5 0 -10
v -5 0 -14
v -5 1 -13
v -5 1 -14
v -5 0 -13
v -5 0 -15
v -5 1 -14
v -5 1 -15
v -5 0 -14
v -5 1 -15
v -5 2 -14
v -5 2 -15
v -5 1 -14
v -5 1 -14
v -5 2 -13
v -5 2 -14
v -5 1 -13
v -5 1 -12
v -5 2 -11
v -5 2 -12
v -5 1 -11
v -5 1 -11
v -5 2 -10
v -5 2 -11
v -5 1 -10
v -5 1 -10
v -5 2 -9
v -5 2 -10
v -5 1 -9
v -5 1 -13
v -5 2 -12
v -5 2 -13
v -5 1 -12
v -5 7 -14
v -5 8 -13
v -5 8 -14
v -5 7 -13
v -5 6 -10
v -5 7 -9
v -5 7 -10
v -5 6 -9
v -5 3 -10
v -5 4 -9
v -5 4 -10
v -5 3 -9
v -5 3 -11
v -5 4 -10
v -5 4 -11
v -5 3 -10
v -5 3 -12
v -5 4 -11
v -5 4 -12
v -5 3 -11
v -5 3 -13
v -5 4 -12
v -5 4 -13
v -5 3 -12
v -5 3 -14
v -5 4 -13
v -5 4 -14
v -5 3 -13
v -5 2 -14
v -5 3 -13
v -5 3 -14
v -5 2 -13
v -5 2 -15
v -5 3 -14
v -5 3 -15
v -5 2 -14
v -5 2 -13
v -5 3 -12
v -5 3 -13
v -5 2 -12
v -5 2 -12
v -5 3 -11
v -5 3 -12
v -5 2 -11
v -5 2 -11
v -5 3 -10
v -5 3 -11
v -5 2 -10
v -5 2 -10
v -5 3 -9
v -5 3 -10
v -5 2 -9
v -5 3 -15
v -5 4 -14
v -5 4 -15
v -5 3 -14
v -5 4 -10
v -5 5 -9
v -5 5 -10
v -5 4 -9
v -5 4 -11
v -5 5 -10
v -5 5 -11
v -5 4 -10
v -5 4 -12
v -5 5 -11
v -5 5 -12
v -5 4 -11
v -5 4 -13
v -5 5 -12
v -5 5 -13
v -5 4 -12
v -5 4 -14
v -5 5 -13
v -5 5 -14
v -5 4 -13
v -5 4 -15
v -5 5 -14
v -5 5 -15
v -5 4 -14
v -5 5 -14
v -5 6 -13
v -5 6 -14
v -5 5 -13
v -5 5 -12
v -5 6 -11
v -5 6 -12
v -5 5 -11
v -5 5 -11
v -5 6 -10
v -5 6 -11
v -5 5 -10
v -5 5 -10
v -5 6 -9
v -5 6 -10
v -5 5 -9
v -5 5 -13
v -5 6 -12
v -5 6 -13
v -5 5 -12
v -5 5 -15
v -5 6 -14
v -5 6 -15
v -5 5 -14
v -5 7 -10
v -5 8 -9
v -5 8 -10
v -5 7 -9
v -5 7 -11
v -5 8 -10
v -5 8 -11
v -5 7 -10
v -5 7 -12
v -5 8 -11
v -5 8 -12
v -5 7 -11
v -5 7 -13
v -5 8 -12
v -5 8 -13
v -5 7 -12
v -5 6 -13
v -5 7 -12
v -5 7 -13
v -5 6 -12
v -5 6 -14
v -5 7 -13
v -5 7 -14
v -5 6 -13
v -5 6 -15
v -5 7 -14
v -5 7 -15
v -5 6 -14
v -5 7 -15
v -5 8 -14
v -5 8 -15
v -5 7 -14
v -5 6 -11
v -5 7 -10
v -5 7 -11
v -5 6 -10
v -5 6 -12
v -5 7 -11
v -5 7 -12
v -5 6 -11
v 8 9 -15
v 9 9 -16
v 8 9 -16
v 9 9 -15
v 8 9 -13
v 9 9 -14
v 8 9 -14
v 9 9 -13
v 8 9 -12
v 9 9 -13
v 8 9 -13
v 9 9 -12
v 8 9 -11
v 9 9 -12
v 8 9 -12
v 9 9 -11
v 8 9 -10
v 9 9 -11
v 8 9 -11
v 9 9 -10
v 8 9 -9
v 9 9 -10
v 8 9 -10
v 9 9 -9
v 8 9 -14
v 9 9 -15
v 8 9 -15
v 9 9 -14
v 8 9 -8
v 9 9 -9
v 8 9 -9
v 9 9 -8
v 7 9 -8
v 8 9 -9
v 7 9 -9
v 8 9 -8
v 6 9 -8
v 7 9 -9
v 6 9 -9
v 7 9 -8
v 5 9 -8
v 6 9 -9
v 5 9 -9
v 6 9 -8
v 4 9 -8
v 5 9 -9
v 4 9 -9
v 5 9 -8
v 3 9 -8
v 4 9 -9
v 3 9 -9
v 4 9 -8
v 2 9 -8
v 3 9 -9
v 2 9 -9
v 3 9 -8
v 1 9 -8
v 2 9 -9
v 1 9 -9
v 2 9 -8
v 0 9 -8
v 1 9 -9
v 0 9 -9
v 1 9 -8
v -1 9 -8
v 0 9 -9
v -1 9 -9
v 0 9 -8
v -2 9 -8
v -1 9 -9
v -2 9 -9
v -1 9 -8
v -3 9 -8
v -2 9 -9
v -3 9 -9
v -2 9 -8
v -4 9 -8
v -3 9 -9
v -4 9 -9
v -3 9 -8
v -5 9 -8
v -4 9 -9
v -5 9 -9
v -4 9 -8
v -5 9 -9
v -4 9 -10
v -5 9 -10
v -4 9 -9
v -5 9 -10
v -4 9 -11
v -5 9 -11
v -4 9 -10
v -5 9 -11
v -4 9 -12
v -5 9 -12
v -4 9 -11
v -5 9 -12
v -4 9 -13
v -5 9 -13
v -4 9 -12
v -5 9 -13
v -4 9 -14
v -5 9 -14
v -4 9 -13
v -5 9 -14
v -4 9 -15
v -5 9 -15
v -4 9 -14
v -5 9 -15
v -4 9 -16
v -5 9 -16
v -4 9 -15
v -4 9 -15
v -3 9 -16
v -4 9 -16
v -3 9 -15
v -3 9 -15
v -2 9 -16
v -3 9 -16
v -2 9 -15
v -2 9 -15
v -1 9 -16
v -2 9 -16
v -1 9 -15
v -1 9 -15
v 0 9 -16
v -1 9 -16
v 0 9 -15
v 0 9 -15
v 1 9 -16
v 0 9 -16
v 1 9 -15
v 1 9 -15
v 2 9 -16
v 1 9 -16
v 2 9 -15
v 2 9 -15
v 3 9 -16
v 2 9 -16
v 3 9 -15
v 3 9 -15
v 4 9 -16
v 3 9 -16
v 4 9 -15
v 4 9 -15
v 5 9 -16
v 4 9 -16
v 5 9 -15
v 5 9 -15
v 6 9 -16
v 5 9 -16
v 6 9 -15
v 6 9 -15
v 7 9 -16
v 6 9 -16
v 7 9 -15
v 7 9 -15
v 8 9 -16
v 7 9 -16
v 8 9 -15
v 7 9 -14
v 8 9 -15
v 7 9 -15
v 8 9 -14
v 6 9 -14
v 7 9 -15
v 6 9 -15
v 7 9 -14
v 5 9 -14
v 6 9 -15
v 5 9 -15
v 6 9 -14
v 4 9 -14
v 5 9 -15
v 4 9 -15
v 5 9 -14
v 3 9 -14
v 4 9 -15
v 3 9 -15
v 4 9 -14
v 2 9 -14
v 3 9 -15
v 2 9 -15
v 3 9 -14
v 1 9 -14
v 2 9 -15
v 1 9 -15
v 2 9 -14
v 0 9 -14
v 1 9 -15
v 0 9 -15
v 1 9 -14
v -1 9 -14
v 0 9 -15
v -1 9 -15
v 0 9 -14
v -2 9 -14
v -1 9 -15
v -2 9 -15
v -1 9 -14
v -3 9 -14
v -2 9 -15
v -3 9 -15
v -2 9 -14
v -4 9 -14
v -3 9 -15
v -4 9 -15
v -3 9 -14
v -4 9 -13
v -3 9 -14
v -4 9 -14
v -3 9 -13
v -4 9 -12
v -3 9 -13
v -4 9 -13
v -3 9 -12
v -4 9 -11
v -3 9 -12
v -4 9 -12
v -3 9 -11
v -4 9 -10
v -3 9 -11
v -4 9 -11
v -3 9 -10
v -4 9 -9
v -3 9 -10
v -4 9 -10
v -3 9 -9
v -3 9 -9
v -2 9 -10
v -3 9 -10
v -2 9 -9
v -2 9 -9
v -1 9 -10
v -2 9 -10
v -1 9 -9
v -1 9 -9
v 0 9 -10
v -1 9 -10
v 0 9 -9
v 0 9 -9
v 1 9 -10
v 0 9 -10
v 1 9 -9
v 1 9 -9
v 2 9 -10
v 1 9 -10
v 2 9 -9
v 2 9 -9
v 3 9 -10
v 2 9 -10
v 3 9 -9
v 3 9 -9
v 4 9 -10
v 3 9 -10
v 4 9 -9
v 4 9 -9
v 5 9 -10
v 4 9 -10
v 5 9 -9
v 5 9 -9
v 6 9 -10
v 5 9 -10
v 6 9 -9
v 6 9 -9
v 7 9 -10
v 6 9 -10
v 7 9 -9
v 7 9 -9
v 8 9 -10
v 7 9 -10
v 8 9 -9
v 7 9 -10
v 8 9 -11
v 7 9 -11
v 8 9 -10
v 7 9 -11
v 8 9 -12
v 7 9 -12
v 8 9 -11
v 7 9 -12
v 8 9 -13
v 7 9 -13
v 8 9 -12
v 7 9 -13
v 8 9 -14
v 7 9 -14
v 8 9 -13
v 6 9 -13
v 7 9 -14
v 6 9 -14
v 7 9 -13
v 5 9 -12
v 6 9 -13
v 5 9 -13
v 6 9 -12
v 4 9 -12
v 5 9 -13
v 4 9 -13
v 5 9 -12
v 3 9 -12
v 4 9 -13
v 3 9 -13
v 4 9 -12
v 3 9 -11
v 4 9 -12
v 3 9 -12
v 4 9 -11
v 5 9 -11
v 6 9 -12
v 5 9 -12
v 6 9 -11
v 2 9 -11
v 3 9 -12
v 2 9 -12
v 3 9 -11
v 3 9 -10
v 4 9 -11
v 3 9 -11
v 4 9 -10
v 4 9 -11
v 5 9 -12
v 4 9 -12
v 5 9 -11
v 2 9 -10
v 3 9 -11
v 2 9 -11
v 3 9 -10
v 4 9 -10
v 5 9 -11
v 4 9 -11
v 5 9 -10
v 6 9 -12
v 7 9 -13
v 6 9 -13
v 7 9 -12
v 4 9 -13
v 5 9 -14
v 4 9 -14
v 5 9 -13
v 5 9 -10
v 6 9 -11
v 5 9 -11
v 6 9 -10
v 6 9 -11
v 7 9 -12
v 6 9 -12
v 7 9 -11
v 5 9 -13
v 6 9 -14
v 5 9 -14
v 6 9 -13
v 2 9 -12
v 3 9 -13
v 2 9 -13
v 3 9 -12
v 6 9 -10
v 7 9 -11
v 6 9 -11
v 7 9 -10
v -1 9 -12
v 0 9 -13
v -1 9 -13
v 0 9 -12
v -2 9 -12
v -1 9 -13
v -2 9 -13
v -1 9 -12
v 0 9 -11
v 1 9 -12
v 0 9 -12
v 1 9 -11
v -1 9 -11
v 0 9 -12
v -1 9 -12
v 0 9 -11
v -1 9 -10
v 0 9 -11
v -1 9 -11
v 0 9 -10
v 1 9 -10
v 2 9 -11
v 1 9 -11
v 2 9 -10
v 1 9 -11
v 2 9 -12
v 1 9 -12
v 2 9 -11
v 0 9 -10
v 1 9 -11
v 0 9 -11
v 1 9 -10
v -2 9 -10
v -1 9 -11
v -2 9 -11
v -1 9 -10
v -3 9 -11
v -2 9 -12
v -3 9 -12
v -2 9 -11
v 0 9 -12
v 1 9 -13
v 0 9 -13
v 1 9 -12
v -2 9 -13
v -1 9 -14
v -2 9 -14
v -1 9 -13
v 1 9 -12
v 2 9 -13
v 1 9 -13
v 2 9 -12
v -3 9 -10
v -2 9 -11
v -3 9 -11
v -2 9 -10
v -1 9 -13
v 0 9 -14
v -1 9 -14
v 0 9 -13
v 2 9 -13
v 3 9 -14
v 2 9 -14
v 3 9 -13
v 3 9 -13
v 4 9 -14
v 3 9 -14
v 4 9 -13
v -3 9 -13
v -2 9 -14
v -3 9 -14
v -2 9 -13
v 0 9 -13
v 1 9 -14
v 0 9 -14
v 1 9 -13
v -2 9 -11
v -1 9 -12
v -2 9 -12
v -1 9 -11
v -3 9 -12
v -2 9 -13
v -3 9 -13
v -2 9 -12
v 1 9 -13
v 2 9 -14
v 1 9 -14
v 2 9 -13
v 9 -5 -15
v 9 -4 -16
v 9 -4 -15
v 9 -5 -16
v 9 -4 -15
v 9 -3 -16
v 9 -3 -15
v 9 -4 -16
v 9 -3 -15
v 9 -2 -16
v 9 -2 -15
v 9 -3 -16
v 9 -2 -15
v 9 -1 -16
v 9 -1 -15
v 9 -2 -16
v 9 -1 -15
v 9 0 -16
v 9 0 -15
v 9 -1 -16
v 9 0 -15
v 9 1 -16
v 9 1 -15
v 9 0 -16
v 9 1 -15
v 9 2 -16
v 9 2 -15
v 9 1 -16
v 9 2 -15
v 9 3 -16
v 9 3 -15
v 9 2 -16
v 9 3 -15
v 9 4 -16
v 9 4 -15
v 9 3 -16
v 9 4 -15
v 9 5 -16
v 9 5 -15
v 9 4 -16
v 9 5 -15
v 9 6 -16
v 9 6 -15
v 9 5 -16
v 9 6 -15
v 9 7 -16
v 9 7 -15
v 9 6 -16
v 9 7 -15
v 9 8 -16
v 9 8 -15
v 9 7 -16
v 9 8 -15
v 9 9 -16
v 9 9 -15
v 9 8 -16
v 9 8 -14
v 9 9 -15
v 9 9 -14
v 9 8 -15
v 9 8 -13
v 9 9 -14
v 9 9 -13
v 9 8 -14
v 9 8 -12
v 9 9 -13
v 9 9 -12
v 9 8 -13
v 9 8 -11
v 9 9 -12
v 9 9 -11
v 9 8 -12
v 9 8 -10
v 9 9 -11
v 9 9 -10
v 9 8 -11
v 9 8 -9
v 9 9 -10
v 9 9 -9
v 9 8 -10
v 9 8 -8
v 9 9 -9
v 9 9 -8
v 9 8 -9
v 9 7 -8
v 9 8 -9
v 9 8 -8
v 9 7 -9
v 9 6 -8
v 9 7 -9
v 9 7 -8
v 9 6 -9
v 9 5 -8
v 9 6 -9
v 9 6 -8
v 9 5 -9
v 9 4 -8
v 9 5 -9
v 9 5 -8
v 9 4 -9
v 9 3 -8
v 9 4 -9
v 9 4 -8
v 9 3 -9
v 9 2 -8
v 9 3 -9
v 9 3 -8
v 9 2 -9
v 9 1 -8
v 9 2 -9
v 9 2 -8
v 9 1 -9
v 9 0 -8
v 9 1 -9
v 9 1 -8
v 9 0 -9
v 9 -1 -8
v 9 0 -9
v 9 0 -8
v 9 -1 -9
v 9 -2 -8
v 9 -1 -9
v 9 -1 -8
v 9 -2 -9
v 9 -3 -8
v 9 -2 -9
v 9 -2 -8
v 9 -3 -9
v 9 -4 -8
v 9 -3 -9
v 9 -3 -8
v 9 -4 -9
v 9 -5 -8
v 9 -4 -9
v 9 -4 -8
v 9 -5 -9
v 9 -5 -9
v 9 -4 -10
v 9 -4 -9
v 9 -5 -10
v 9 -5 -10
v 9 -4 -11
v 9 -4 -10
v 9 -5 -11
v 9 -5 -11
v 9 -4 -12
v 9 -4 -11
v 9 -5 -12
v 9 -5 -12
v 9 -4 -13
v 9 -4 -12
v 9 -5 -13
v 9 -5 -13
v 9 -4 -14
v 9 -4 -13
v 9 -5 -14
v 9 -5 -14
v 9 -4 -15
v 9 -4 -14
v 9 -5 -15
v 9 -4 -14
v 9 -3 -15
v 9 -3 -14
v 9 -4 -15
v 9 -4 -13
v 9 -3 -14
v 9 -3 -13
v 9 -4 -14
v 9 -4 -12
v 9 -3 -13
v 9 -3 -12
v 9 -4 -13
v 9 -4 -11
v 9 -3 -12
v 9 -3 -11
v 9 -4 -12
v 9 -4 -10
v 9 -3 -11
v 9 -3 -10
v 9 -4 -11
v 9 -4 -9
v 9 -3 -10
v 9 -3 -9
v 9 -4 -10
v 9 -3 -9
v 9 -2 -10
v 9 -2 -9
v 9 -3 -10
v 9 -3 -10
v 9 -2 -11
v 9 -2 -10
v 9 -3 -11
v 9 -3 -11
v 9 -2 -12
v 9 -2 -11
v 9 -3 -12
v 9 -3 -12
v 9 -2 -13
v 9 -2 -12
v 9 -3 -13
v 9 -3 -13
v 9 -2 -14
v 9 -2 -13
v 9 -3 -14
v 9 -3 -14
v 9 -2 -15
v 9 -2 -14
v 9 -3 -15
v 9 -2 -14
v 9 -1 -15
v 9 -1 -14
v 9 -2 -15
v 9 -2 -13
v 9 -1 -14
v 9 -1 -13
v 9 -2 -14
v 9 -2 -12
v 9 -1 -13
v 9 -1 -12
v 9 -2 -13
v 9 -2 -11
v 9 -1 -12
v 9 -1 -11
v 9 -2 -12
v 9 -2 -10
v 9 -1 -11
v 9 -1 -10
v 9 -2 -11
v 9 -2 -9
v 9 -1 -10
v 9 -1 -9
v 9 -2 -10
v 9 -1 -9
v 9 0 -10
v 9 0 -9
v 9 -1 -10
v 9 -1 -10
v 9 0 -11
v 9 0 -10
v 9 -1 -11
v 9 -1 -11
v 9 0 -12
v 9 0 -11
v 9 -1 -12
v 9 -1 -12
v 9 0 -13
v 9 0 -12
v 9 -1 -13
v 9 -1 -13
v 9 0 -14
v 9 0 -13
v 9 -1 -14
v 9 -1 -14
v 9 0 -15
v 9 0 -14
v 9 -1 -15
v 9 0 -14
v 9 1 -15
v 9 1 -14
v 9 0 -15
v 9 0 -13
v 9 1 -14
v 9 1 -13
v 9 0 -14
v 9 0 -12
v 9 1 -13
v 9 1 -12
v 9 0 -13
v 9 0 -11
v 9 1 -12
v 9 1 -11
v 9 0 -12
v 9 0 -10
v 9 1 -11
v 9 1 -10
v 9 0 -11
v 9 0 -9
v 9 1 -10
v 9 1 -9
v 9 0 -10
v 9 1 -9
v 9 2 -10
v 9 2 -9
v 9 1 -10
v 9 1 -10
v 9 2 -11
v 9 2 -10
v 9 1 -11
v 9 1 -11
v 9 2 -12
v 9 2 -11
v 9 1 -12
v 9 1 -12
v 9 2 -13
v 9 2 -12
v 9 1 -13
v 9 1 -13
v 9 2 -14
v 9 2 -13
v 9 1 -14
v 9 1 -14
v 9 2 -15
v 9 2 -14
v 9 1 -15
v 9 2 -14
v 9 3 -15
v 9 3 -14
v 9 2 -15
v 9 2 -13
v 9 3 -14
v 9 3 -13
v 9 2 -14
v 9 2 -12
v 9 3 -13
v 9 3 -12
v 9 2 -13
v 9 2 -11
v 9 3 -12
v 9 3 -11
v 9 2 -12
v 9 2 -10
v 9 3 -11
v 9 3 -10
v 9 2 -11
v 9 2 -9
v 9 3 -10
v 9 3 -9
v 9 2 -10
v 9 3 -9
v 9 4 -10
v 9 4 -9
v 9 3 -10
v 9 3 -10
v 9 4 -11
v 9 4 -10
v 9 3 -11
v 9 3 -11
v 9 4 -12
v 9 4 -11
v 9 3 -12
v 9 3 -12
v 9 4 -13
v 9 4 -12
v 9 3 -13
v 9 3 -13
v 9 4 -14
v 9 4 -13
v 9 3 -14
v 9 3 -14
v 9 4 -15
v 9 4 -14
v 9 3 -15
v 9 4 -14
v 9 5 -15
v 9 5 -14
v 9 4 -15
v 9 4 -13
v 9 5 -14
v 9 5 -13
v 9 4 -14
v 9 4 -12
v 9 5 -13
v 9 5 -12
v 9 4 -13
v 9 4 -11
v 9 5 -12
v 9 5 -11
v 9 4 -12
v 9 4 -10
v 9 5 -11
v 9 5 -10
v 9 4 -11
v 9 4 -9
v 9 5 -10
v 9 5 -9
v 9 4 -10
v 9 5 -9
v 9 6 -10
v 9 6 -9
v 9 5 -10
v 9 5 -10
v 9 6 -11
v 9 6 -10
v 9 5 -11
v 9 5 -11
v 9 6 -12
v 9 6 -11
v 9 5 -12
v 9 5 -12
v 9 6 -13
v 9 6 -12
v 9 5 -13
v 9 5 -13
v 9 6 -14
v 9 6 -13
v 9 5 -14
v 9 5 -14
v 9 6 -15
v 9 6 -14
v 9 5 -15
v 9 6 -14
v 9 7 -15
v 9 7 -14
v 9 6 -15
v 9 6 -13
v 9 7 -14
v 9 7 -13
v 9 6 -14
v 9 6 -12
v 9 7 -13
v 9 7 -12
v 9 6 -13
v 9 6 -11
v 9 7 -12
v 9 7 -11
v 9 6 -12
v 9 6 -10
v 9 7 -11
v 9 7 -10
v 9 6 -11
v 9 6 -9
v 9 7 -10
v 9 7 -9
v 9 6 -10
v 9 7 -9
v 9 8 -10
v 9 8 -9
v 9 7 -10
v 9 7 -10
v 9 8 -11
v 9 8 -10
v 9 7 -11
v 9 7 -11
v 9 8 -12
v 9 8 -11
v 9 7 -12
v 9 7 -12
v 9 8 -13
v 9 8 -12
v 9 7 -13
v 9 7 -13
v 9 8 -14
v 9 8 -13
v 9 7 -14
v 9 7 -14
v 9 8 -15
v 9 8 -14
v 9 7 -15
v 8 -5 -16
v 9 -5 -15
v 8 -5 -15
v 9 -5 -16
v 7 -5 -16
v 8 -5 -15
v 7 -5 -15
v 8 -5 -16
v 6 -5 -16
v 7 -5 -15
v 6 -5 -15
v 7 -5 -16
v 5 -5 -16
v 6 -5 -15
v 5 -5 -15
v 6 -5 -16
v 4 -5 -16
v 5 -5 -15
v 4 -5 -15
v 5 -5 -16
v 3 -5 -16
v 4 -5 -15
v 3 -5 -15
v 4 -5 -16
v 2 -5 -16
v 3 -5 -15
v 2 -5 -15
v 3 -5 -16
v 1 -5 -16
v 2 -5 -15
v 1 -5 -15
v 2 -5 -16
v 0 -5 -16
v 1 -5 -15
v 0 -5 -15
v 1 -5 -16
v -1 -5 -16
v 0 -5 -15
v -1 -5 -15
v 0 -5 -16
v -2 -5 -16
v -1 -5 -15
v -2 -5 -15
v -1 -5 -16
v -3 -5 -16
v -2 -5 -15
v -3 -5 -15
v -2 -5 -16
v -4 -5 -16
v -3 -5 -15
v -4 -5 -15
v -3 -5 -16
v -5 -5 -16
v -4 -5 -15
v -5 -5 -15
v -4 -5 -16
v -5 -5 -15
v -4 -5 -14
v -5 -5 -14
v -4 -5 -15
v -5 -5 -14
v -4 -5 -13
v -5 -5 -13
v -4 -5 -14
v -5 -5 -13
v -4 -5 -12
v -5 -5 -12
v -4 -5 -13
v -5 -5 -12
v -4 -5 -11
v -5 -5 -11
v -4 -5 -12
v -5 -5 -11
v -4 -5 -10
v -5 -5 -10
v -4 -5 -11
v -5 -5 -10
v -4 -5 -9
v -5 -5 -9
v -4 -5 -10
v -5 -5 -9
v -4 -5 -8
v -5 -5 -8
v -4 -5 -9
v 8 -5 -15
v 9 -5 -14
v 8 -5 -14
v 9 -5 -15
v 8 -5 -14
v 9 -5 -13
v 8 -5 -13
v 9 -5 -14
v 8 -5 -13
v 9 -5 -12
v 8 -5 -12
v 9 -5 -13
v 8 -5 -12
v 9 -5 -11
v 8 -5 -11
v 9 -5 -12
v 8 -5 -11
v 9 -5 -10
v 8 -5 -10
v 9 -5 -11
v 8 -5 -10
v 9 -5 -9
v 8 -5 -9
v 9 -5 -10
v 8 -5 -9
v 9 -5 -8
v 8 -5 -8
v 9 -5 -9
v 7 -5 -9
v 8 -5 -8
v 7 -5 -8
v 8 -5 -9
v 6 -5 -9
v 7 -5 -8
v 6 -5 -8
v 7 -5 -9
v 5 -5 -9
v 6 -5 -8
v 5 -5 -8
v 6 -5 -9
v 4 -5 -9
v 5 -5 -8
v 4 -5 -8
v 5 -5 -9
v 3 -5 -9
v 4 -5 -8
v 3 -5 -8
v 4 -5 -9
v 2 -5 -9
v 3 -5 -8
v 2 -5 -8
v 3 -5 -9
v 1 -5 -9
v 2 -5 -8
v 1 -5 -8
v 2 -5 -9
v 0 -5 -9
v 1 -5 -8
v 0 -5 -8
v 1 -5 -9
v -1 -5 -9
v 0 -5 -8
v -1 -5 -8
v 0 -5 -9
v -2 -5 -9
v -1 -5 -8
v -2 -5 -8
v -1 -5 -9
v -3 -5 -9
v -2 -5 -8
v -3 -5 -8
v -2 -5 -9
v -4 -5 -9
v -3 -5 -8
v -4 -5 -8
v -3 -5 -9
v -4 -5 -10
v -3 -5 -9
v -4 -5 -9
v -3 -5 -10
v -4 -5 -11
v -3 -5 -10
v -4 -5 -10
v -3 -5 -11
v -4 -5 -12
v -3 -5 -11
v -4 -5 -11
v -3 -5 -12
v -4 -5 -13
v -3 -5 -12
v -4 -5 -12
v -3 -5 -13
v -4 -5 -14
v -3 -5 -13
v -4 -5 -13
v -3 -5 -14
v -4 -5 -15
v -3 -5 -14
v -4 -5 -14
v -3 -5 -15
v -3 -5 -15
v -2 -5 -14
v -3 -5 -14
v -2 -5 -15
v -2 -5 -15
v -1 -5 -14
v -2 -5 -14
v -1 -5 -15
v -1 -5 -15
v 0 -5 -14
v -1 -5 -14
v 0 -5 -15
v 0 -5 -15
v 1 -5 -14
v 0 -5 -14
v 1 -5 -15
v 1 -5 -15
v 2 -5 -14
v 1 -5 -14
v 2 -5 -15
v 2 -5 -15
v 3 -5 -14
v 2 -5 -14
v 3 -5 -15
v 3 -5 -15
v 4 -5 -14
v 3 -5 -14
v 4 -5 -15
v 4 -5 -15
v 5 -5 -14
v 4 -5 -14
v 5 -5 -15
v 5 -5 -15
v 6 -5 -14
v 5 -5 -14
v 6 -5 -15
v 6 -5 -15
v 7 -5 -14
v 6 -5 -14
v 7 -5 -15
v 7 -5 -15
v 8 -5 -14
v 7 -5 -14
v 8 -5 -15
v 7 -5 -14
v 8 -5 -13
v 7 -5 -13
v 8 -5 -14
v 7 -5 -13
v 8 -5 -12
v 7 -5 -12
v 8 -5 -13
v 7 -5 -12
v 8 -5 -11
v 7 -5 -11
v 8 -5 -12
v 7 -5 -11
v 8 -5 -10
v 7 -5 -10
v 8 -5 -11
v 7 -5 -10
v 8 -5 -9
v 7 -5 -9
v 8 -5 -10
v 6 -5 -10
v 7 -5 -9
v 6 -5 -9
v 7 -5 -10
v 5 -5 -10
v 6 -5 -9
v 5 -5 -9
v 6 -5 -10
v 4 -5 -10
v 5 -5 -9
v 4 -5 -9
v 5 -5 -10
v 3 -5 -10
v 4 -5 -9
v 3 -5 -9
v 4 -5 -10
v 2 -5 -10
v 3 -5 -9
v 2 -5 -9
v 3 -5 -10
v 1 -5 -10
v 2 -5 -9
v 1 -5 -9
v 2 -5 -10
v 0 -5 -10
v 1 -5 -9
v 0 -5 -9
v 1 -5 -10
v -1 -5 -10
v 0 -5 -9
v -1 -5 -9
v 0 -5 -10
v -2 -5 -10
v -1 -5 -9
v -2 -5 -9
v -1 -5 -10
v -3 -5 -10
v -2 -5 -9
v -3 -5 -9
v -2 -5 -10
v -3 -5 -11
v -2 -5 -10
v -3 -5 -10
v -2 -5 -11
v -3 -5 -12
v -2 -5 -11
v -3 -5 -11
v -2 -5 -12
v -3 -5 -13
v -2 -5 -12
v -3 -5 -12
v -2 -5 -13
v -3 -5 -14
v -2 -5 -13
v -3 -5 -13
v -2 -5 -14
v -2 -5 -14
v -1 -5 -13
v -2 -5 -13
v -1 -5 -14
v -1 -5 -14
v 0 -5 -13
v -1 -5 -13
v 0 -5 -14
v 0 -5 -14
v 1 -5 -13
v 0 -5 -13
v 1 -5 -14
v 1 -5 -14
v 2 -5 -13
v 1 -5 -13
v 2 -5 -14
v 2 -5 -14
v 3 -5 -13
v 2 -5 -13
v 3 -5 -14
v 3 -5 -14
v 4 -5 -13
v 3 -5 -13
v 4 -5 -14
v 4 -5 -14
v 5 -5 -13
v 4 -5 -13
v 5 -5 -14
v 4 -5 -13
v 5 -5 -12
v 4 -5 -12
v 5 -5 -13
v 4 -5 -12
v 5 -5 -11
v 4 -5 -11
v 5 -5 -12
v 4 -5 -11
v 5 -5 -10
v 4 -5 -10
v 5 -5 -11
v 3 -5 -11
v 4 -5 -10
v 3 -5 -10
v 4 -5 -11
v 2 -5 -11
v 3 -5 -10
v 2 -5 -10
v 3 -5 -11
v 1 -5 -11
v 2 -5 -10
v 1 -5 -10
v 2 -5 -11
v 0 -5 -11
v 1 -5 -10
v 0 -5 -10
v 1 -5 -11
v -1 -5 -11
v 0 -5 -10
v -1 -5 -10
v 0 -5 -11
v -1 -5 -12
v 0 -5 -11
v -1 -5 -11
v 0 -5 -12
v 0 -5 -12
v 1 -5 -11
v 0 -5 -11
v 1 -5 -12
v 0 -5 -13
v 1 -5 -12
v 0 -5 -12
v 1 -5 -13
v 1 -5 -13
v 2 -5 -12
v 1 -5 -12
v 2 -5 -13
v 2 -5 -13
v 3 -5 -12
v 2 -5 -12
v 3 -5 -13
v 3 -5 -13
v 4 -5 -12
v 3 -5 -12
v 4 -5 -13
v 3 -5 -12
v 4 -5 -11
v 3 -5 -11
v 4 -5 -12
v 2 -5 -12
v 3 -5 -11
v 2 -5 -11
v 3 -5 -12
v 1 -5 -12
v 2 -5 -11
v 1 -5 -11
v 2 -5 -12
v -1 -5 -13
v 0 -5 -12
v -1 -5 -12
v 0 -5 -13
v 6 -5 -13
v 7 -5 -12
v 6 -5 -12
v 7 -5 -13
v 6 -5 -14
v 7 -5 -13
v 6 -5 -13
v 7 -5 -14
v 5 -5 -14
v 6 -5 -13
v 5 -5 -13
v 6 -5 -14
v 6 -5 -12
v 7 -5 -11
v 6 -5 -11
v 7 -5 -12
v 6 -5 -11
v 7 -5 -10
v 6 -5 -10
v 7 -5 -11
v 5 -5 -12
v 6 -5 -11
v 5 -5 -11
v 6 -5 -12
v 5 -5 -11
v 6 -5 -10
v 5 -5 -10
v 6 -5 -11
v 5 -5 -13
v 6 -5 -12
v 5 -5 -12
v 6 -5 -13
v -2 -5 -13
v -1 -5 -12
v -2 -5 -12
v -1 -5 -13
v -2 -5 -12
v -1 -5 -11
v -2 -5 -11
v -1 -5 -12
v -2 -5 -11
v -1 -5 -10
v -2 -5 -10
v -1 -5 -11
vt 0 0.75
vt 0.25 1
vt 0 1
vt 0.25 0.75
vt 0.5 1
vt 0.5 0.75
vn 0 1 0
vn 1 0 0
vn 0 -1 0
vn -1 0 0
vn 0 -0.70710678 -0.70710678
vn 0.70710678 0 -0.70710678
vn 0 0.70710678 -0.70710678
vn -0.70710678 0 -0.70710678
vn 0 0 -1
vn 0 0 1
g Scene
usemtl 0
f 1/1/1 3/2/1 2/3/1
f 1/1/1 4/4/1 3/2/1
f 5/1/1 6/2/1 7/3/1
f 5/1/1 8/4/1 6/2/1
f 9/1/1 10/2/1 11/3/1
f 9/1/1 12/4/1 10/2/1
f 13/1/1 14/2/1 15/3/1
f 13/1/1 16/4/1 14/2/1
f 17/1/1 18/2/1 19/3/1
f 17/1/1 20/4/1 18/2/1
f 21/1/1 22/2/1 23/3/1
f 21/1/1 24/4/1 22/2/1
f 25/1/1 26/2/1 27/3/1
f 25/1/1 28/4/1 26/2/1
f 29/1/1 30/2/1 31/3/1
f 29/1/1 32/4/1 30/2/1
f 33/1/1 34/2/1 35/3/1
f 33/1/1 36/4/1 34/2/1
f 37/1/1 38/2/1 39/3/1
f 37/1/1 40/4/1 38/2/1
f 41/1/1 42/2/1 43/3/1
f 41/1/1 44/4/1 42/2/1
f 45/1/1 46/2/1 47/3/1
f 45/1/1 48/4/1 46/2/1
f 49/1/1 50/2/1 51/3/1
f 49/1/1 52/4/1 50/2/1
f 53/1/1 54/2/1 55/3/1
f 53/1/1 56/4/1 54/2/1
f 57/1/1 58/2/1 59/3/1
f 57/1/1 60/4/1 58/2/1
f 61/1/1 62/2/1 63/3/1
f 61/1/1 64/4/1 62/2/1
f 65/1/2 66/2/2 67/3/2
f 65/1/2 68/4/2 66/2/2
f 69/1/2 70/2/2 71/3/2
f 69/1/2 72/4/2 70/2/2
f 73/1/2 74/2/2 75/3/2
f 73/1/2 76/4/2 74/2/2
f 77/1/2 78/2/2 79/3/2
f 77/1/2 80/4/2 78/2/2
f 81/1/2 82/2/2 83/3/2
f 81/1/2 84/4/2 82/2/2
f 85/1/2 86/2/2 87/3/2
f 85/1/2 88/4/2 86/2/2
f 89/1/2 90/2/2 91/3/2
f 89/1/2 92/4/2 90/2/2
f 93/1/2 94/2/2 95/3/2
f 93/1/2 96/4/2 94/2/2
f 97/1/2 98/2/2 99/3/2
f 97/1/2 100/4/2 98/2/2
f 101/1/2 102/2/2 103/3/2
f 101/1/2 104/4/2 102/2/2
f 105/1/2 106/2/2 107/3/2
f 105/1/2 108/4/2 106/2/2
f 109/1/2 110/2/2 111/3/2
f 109/1/2 112/4/2 110/2/2
f 113/1/2 114/2/2 115/3/2
f 113/1/2 116/4/2 114/2/2
f 117/1/2 118/2/2 119/3/2
f 117/1/2 120/4/2 118/2/2
f 121/1/2 122/2/2 123/3/2
f 121/1/2 124/4/2 122/2/2
f 125/1/2 126/2/2 127/3/2
f 125/1/2 128/4/2 126/2/2
f 129/1/3 130/2/3 131/3/3
f 129/1/3 132/4/3 130/2/3
f 133/1/3 134/2/3 135/3/3
f 133/1/3 136/4/3 134/2/3
f 137/1/3 138/2/3 139/3/3
f 137/1/3 140/4/3 138/2/3
f 141/1/3 142/2/3 143/3/3
f 141/1/3 144/4/3 142/2/3
f 145/1/3 146/2/3 147/3/3
f 145/1/3 148/4/3 146/2/3
f 149/1/3 150/2/3 151/3/3
f 149/1/3 152/4/3 150/2/3
f 153/1/3 154/2/3 155/3/3
f 153/1/3 156/4/3 154/2/3
f 157/1/3 158/2/3 159/3/3
f 157/1/3 160/4/3 158/2/3
f 161/1/3 162/2/3 163/3/3
f 161/1/3 164/4/3 162/2/3
f 165/1/3 166/2/3 167/3/3
f 165/1/3 168/4/3 166/2/3
f 169/1/3 170/2/3 171/3/3
f 169/1/3 172/4/3 170/2/3
f 173/1/3 174/2/3 175/3/3
f 173/1/3 176/4/3 174/2/3
f 177/1/3 178/2/3 179/3/3
f 177/1/3 180/4/3 178/2/3
f 181/1/3 182/2/3 183/3/3
f 181/1/3 184/4/3 182/2/3
f 185/1/3 186/2/3 187/3/3
f 185/1/3 188/4/3 186/2/3
f 189/1/3 190/2/3 191/3/3
f 189/1/3 192/4/3 190/2/3
f 193/1/4 194/2/4 195/3/4
f 193/1/4 196/4/4 194/2/4
f 197/1/4 198/2/4 199/3/4
f 197/1/4 200/4/4 198/2/4
f 201/1/4 202/2/4 203/3/4
f 201/1/4 204/4/4 202/2/4
f 205/1/4 206/2/4 207/3/4
f 205/1/4 208/4/4 206/2/4
f 209/1/4 210/2/4 211/3/4
f 209/1/4 212/4/4 210/2/4
f 213/1/4 214/2/4 215/3/4
f 213/1/4 216/4/4 214/2/4
f 217/1/4 218/2/4 219/3/4
f 217/1/4 220/4/4 218/2/4
f 221/1/4 222/2/4 223/3/4
f 221/1/4 224/4/4 222/2/4
f 225/1/4 226/2/4 227/3/4
f 225/1/4 228/4/4 226/2/4
f 229/1/4 230/2/4 231/3/4
f 229/1/4 232/4/4 230/2/4
f 233/1/4 234/2/4 235/3/4
f 233/1/4 236/4/4 234/2/4
f 237/1/4 238/2/4 239/3/4
f 237/1/4 240/4/4 238/2/4
f 241/1/4 242/2/4 243/3/4
f 241/1/4 244/4/4 242/2/4
f 245/1/4 246/2/4 247/3/4
f 245/1/4 248/4/4 246/2/4
f 249/1/4 250/2/4 251/3/4
f 249/1/4 252/4/4 250/2/4
f 253/1/4 254/2/4 255/3/4
f 253/1/4 256/4/4 254/2/4
f 257/1/5 258/2/5 259/3/5
f 257/1/5 260/4/5 258/2/5
f 261/1/5 262/2/5 263/3/5
f 261/1/5 264/4/5 262/2/5
f 265/1/5 266/2/5 267/3/5
f 265/1/5 268/4/5 266/2/5
f 269/1/5 270/2/5 271/3/5
f 269/1/5 272/4/5 270/2/5
f 273/1/6 274/2/6 275/3/6
f 273/1/6 276/4/6 274/2/6
f 277/1/6 278/2/6 279/3/6
f 277/1/6 280/4/6 278/2/6
f 281/1/6 282/2/6 283/3/6
f 281/1/6 284/4/6 282/2/6
f 285/1/6 286/2/6 287/3/6
f 285/1/6 288/4/6 286/2/6
f 289/1/7 290/2/7 291/3/7
f 289/1/7 292/4/7 290/2/7
f 293/1/7 294/2/7 295/3/7
f 293/1/7 296/4/7 294/2/7
f 297/1/7 298/2/7 299/3/7
f 297/1/7 300/4/7 298/2/7
f 301/1/7 302/2/7 303/3/7
f 301/1/7 304/4/7 302/2/7
f 305/1/5 306/2/5 307/3/5
f 305/1/5 308/4/5 306/2/5
f 309/1/5 310/2/5 311/3/5
f 309/1/6 312/4/6 310/2/6
f 313/1/8 314/2/8 315/3/8
f 313/1/7 316/4/7 314/2/7
f 317/1/8 318/2/8 319/3/8
f 317/1/8 320/4/8 318/2/8
f 321/1/8 322/2/8 323/3/8
f 321/1/8 324/4/8 322/2/8
f 325/1/8 326/2/8 327/3/8
f 325/1/8 328/4/8 326/2/8
f 329/1/8 330/2/8 331/3/8
f 329/1/8 332/4/8 330/2/8
f 333/1/5 334/2/5 335/3/5
f 333/1/5 336/4/5 334/2/5
f 337/1/8 338/2/8 339/3/8
f 337/1/8 340/4/8 338/2/8
f 341/1/8 342/2/8 343/3/8
f 341/1/8 344/4/8 342/2/8
f 345/1/8 346/2/8 347/3/8
f 345/1/8 348/4/8 346/2/8
f 349/1/8 350/2/8 351/3/8
f 349/1/8 352/4/8 350/2/8
f 353/1/8 354/2/8 355/3/8
f 353/1/8 356/4/8 354/2/8
f 357/1/8 358/2/8 359/3/8
f 357/1/8 360/4/8 358/2/8
f 361/1/8 362/2/8 363/3/8
f 361/1/7 364/4/7 362/2/7
f 365/1/7 366/2/7 367/3/7
f 365/1/7 368/4/7 366/2/7
f 369/1/7 370/2/7 371/3/7
f 369/1/7 372/4/7 370/2/7
f 373/1/7 374/2/7 375/3/7
f 373/1/7 376/4/7 374/2/7
f 377/1/7 378/2/7 379/3/7
f 377/1/7 380/4/7 378/2/7
f 381/1/7 382/2/7 383/3/7
f 381/1/7 384/4/7 382/2/7
f 385/1/7 386/2/7 387/3/7
f 385/1/7 388/4/7 386/2/7
f 389/1/5 390/2/5 391/3/5
f 389/1/5 392/4/5 390/2/5
f 393/1/6 394/2/6 395/3/6
f 393/1/6 396/4/6 394/2/6
f 397/1/6 398/2/6 399/3/6
f 397/1/6 400/4/6 398/2/6
f 401/1/6 402/2/6 403/3/6
f 401/1/6 404/4/6 402/2/6
f 405/1/6 406/2/6 407/3/6
f 405/1/6 408/4/6 406/2/6
f 409/1/6 410/2/6 411/3/6
f 409/1/6 412/4/6 410/2/6
f 413/1/6 414/2/6 415/3/6
f 413/1/6 416/4/6 414/2/6
f 417/1/5 418/2/5 419/3/5
f 417/1/6 420/4/6 418/2/6
f 421/1/5 422/2/5 423/3/5
f 421/1/5 424/4/5 422/2/5
f 425/1/5 426/2/5 427/3/5
f 425/1/5 428/4/5 426/2/5
f 429/1/5 430/2/5 431/3/5
f 429/1/5 432/4/5 430/2/5
f 433/1/5 434/2/5 435/3/5
f 433/1/5 436/4/5 434/2/5
f 437/1/5 438/2/5 439/3/5
f 437/1/5 440/4/5 438/2/5
f 441/1/5 442/2/5 443/3/5
f 441/1/5 444/4/5 442/2/5
f 445/1/5 446/2/5 447/3/5
f 445/1/5 448/4/5 446/2/5
f 449/1/5 450/2/5 451/3/5
f 449/1/5 452/4/5 450/2/5
f 453/1/5 454/2/5 455/3/5
f 453/1/5 456/4/5 454/2/5
f 457/1/5 458/2/5 459/3/5
f 457/1/5 460/4/5 458/2/5
f 461/1/5 462/2/5 463/3/5
f 461/1/5 464/4/5 462/2/5
f 465/1/5 466/2/5 467/3/5
f 465/1/5 468/4/5 466/2/5
f 469/1/5 470/2/5 471/3/5
f 469/1/5 472/4/5 470/2/5
f 473/1/5 474/2/5 475/3/5
f 473/1/5 476/4/5 474/2/5
f 477/1/5 478/2/5 479/3/5
f 477/1/5 480/4/5 478/2/5
f 481/1/5 482/2/5 483/3/5
f 481/1/6 484/4/6 482/2/6
f 485/1/6 486/2/6 487/3/6
f 485/1/6 488/4/6 486/2/6
f 489/1/6 490/2/6 491/3/6
f 489/1/6 492/4/6 490/2/6
f 493/1/6 494/2/6 495/3/6
f 493/1/6 496/4/6 494/2/6
f 497/1/6 498/2/6 499/3/6
f 497/1/6 500/4/6 498/2/6
f 501/1/6 502/2/6 503/3/6
f 501/1/6 504/4/6 502/2/6
f 505/1/6 506/2/6 507/3/6
f 505/1/6 508/4/6 506/2/6
f 509/1/6 510/2/6 511/3/6
f 509/1/6 512/4/6 510/2/6
f 513/1/6 514/2/6 515/3/6
f 513/1/6 516/4/6 514/2/6
f 517/1/5 518/2/5 519/3/5
f 517/1/5 520/4/5 518/2/5
f 521/1/7 522/2/7 523/3/7
f 521/1/7 524/4/7 522/2/7
f 525/1/7 526/2/7 527/3/7
f 525/1/7 528/4/7 526/2/7
f 529/1/7 530/2/7 531/3/7
f 529/1/7 532/4/7 530/2/7
f 533/1/7 534/2/7 535/3/7
f 533/1/7 536/4/7 534/2/7
f 537/1/7 538/2/7 539/3/7
f 537/1/7 540/4/7 538/2/7
f 541/1/7 542/2/7 543/3/7
f 541/1/7 544/4/7 542/2/7
f 545/1/7 546/2/7 547/3/7
f 545/1/7 548/4/7 546/2/7
f 549/1/7 550/2/7 551/3/7
f 549/1/7 552/4/7 550/2/7
f 553/1/8 554/2/8 555/3/8
f 553/1/7 556/4/7 554/2/7
f 557/1/8 558/2/8 559/3/8
f 557/1/8 560/4/8 558/2/8
f 561/1/8 562/2/8 563/3/8
f 561/1/8 564/4/8 562/2/8
f 565/1/8 566/2/8 567/3/8
f 565/1/8 568/4/8 566/2/8
f 569/1/8 570/2/8 571/3/8
f 569/1/8 572/4/8 570/2/8
f 573/1/8 574/2/8 575/3/8
f 573/1/8 576/4/8 574/2/8
f 577/1/8 578/2/8 579/3/8
f 577/1/8 580/4/8 578/2/8
f 581/1/8 582/2/8 583/3/8
f 581/1/8 584/4/8 582/2/8
f 585/1/8 586/2/8 587/3/8
f 585/1/8 588/4/8 586/2/8
f 589/1/5 590/2/5 591/3/5
f 589/1/5 592/4/5 590/2/5
f 593/1/8 594/2/8 595/3/8
f 593/1/8 596/4/8 594/2/8
f 597/1/5 598/2/5 599/3/5
f 597/1/5 600/4/5 598/2/5
f 601/1/8 602/2/8 603/3/8
f 601/1/8 604/4/8 602/2/8
f 605/1/8 606/2/8 607/3/8
f 605/1/8 608/4/8 606/2/8
f 609/1/8 610/2/8 611/3/8
f 609/1/8 612/4/8 610/2/8
f 613/1/8 614/2/8 615/3/8
f 613/1/8 616/4/8 614/2/8
f 617/1/8 618/2/8 619/3/8
f 617/1/8 620/4/8 618/2/8
f 621/1/8 622/2/8 623/3/8
f 621/1/8 624/4/8 622/2/8
f 625/1/8 626/2/8 627/3/8
f 625/1/8 628/4/8 626/2/8
f 629/1/8 630/2/8 631/3/8
f 629/1/8 632/4/8 630/2/8
f 633/1/8 634/2/8 635/3/8
f 633/1/8 636/4/8 634/2/8
f 637/1/8 638/2/8 639/3/8
f 637/1/7 640/4/7 638/2/7
f 641/1/7 642/2/7 643/3/7
f 641/1/7 644/4/7 642/2/7
f 645/1/7 646/2/7 647/3/7
f 645/1/7 648/4/7 646/2/7
f 649/1/7 650/2/7 651/3/7
f 649/1/7 652/4/7 650/2/7
f 653/1/7 654/2/7 655/3/7
f 653/1/7 656/4/7 654/2/7
f 657/1/7 658/2/7 659/3/7
f 657/1/7 660/4/7 658/2/7
f 661/1/7 662/2/7 663/3/7
f 661/1/7 664/4/7 662/2/7
f 665/1/7 666/2/7 667/3/7
f 665/1/7 668/4/7 666/2/7
f 669/1/7 670/2/7 671/3/7
f 669/1/7 672/4/7 670/2/7
f 673/1/7 674/2/7 675/3/7
f 673/1/7 676/4/7 674/2/7
f 677/1/7 678/2/7 679/3/7
f 677/1/7 680/4/7 678/2/7
f 681/1/5 682/2/5 683/3/5
f 681/1/5 684/4/5 682/2/5
f 685/1/6 686/2/6 687/3/6
f 685/1/6 688/4/6 686/2/6
f 689/1/6 690/2/6 691/3/6
f 689/1/6 692/4/6 690/2/6
f 693/1/6 694/2/6 695/3/6
f 693/1/6 696/4/6 694/2/6
f 697/1/6 698/2/6 699/3/6
f 697/1/6 700/4/6 698/2/6
f 701/1/6 702/2/6 703/3/6
f 701/1/6 704/4/6 702/2/6
f 705/1/6 706/2/6 707/3/6
f 705/1/6 708/4/6 706/2/6
f 709/1/6 710/2/6 711/3/6
f 709/1/6 712/4/6 710/2/6
f 713/1/6 714/2/6 715/3/6
f 713/1/6 716/4/6 714/2/6
f 717/1/6 718/2/6 719/3/6
f 717/1/6 720/4/6 718/2/6
f 721/1/6 722/2/6 723/3/6
f 721/1/6 724/4/6 722/2/6
f 725/1/5 726/2/5 727/3/5
f 725/1/6 728/4/6 726/2/6
f 729/1/5 730/2/5 731/3/5
f 729/1/5 732/4/5 730/2/5
f 733/1/5 734/2/5 735/3/5
f 733/1/5 736/4/5 734/2/5
f 737/3/7 738/2/7 739/1/7
f 738/2/6 740/4/6 739/1/6
f 741/3/7 742/2/7 743/1/7
f 742/2/6 744/4/6 743/1/6
f 745/3/7 746/2/7 747/1/7
f 746/2/6 748/4/6 747/1/6
f 749/3/7 750/2/7 751/1/7
f 750/2/6 752/4/6 751/1/6
f 753/3/8 754/2/8 755/1/8
f 754/2/5 756/4/5 755/1/5
f 757/3/8 758/2/8 759/1/8
f 758/2/5 760/4/5 759/1/5
f 761/3/8 762/2/8 763/1/8
f 762/2/5 764/4/5 763/1/5
f 765/3/8 766/2/8 767/1/8
f 766/2/5 768/4/5 767/1/5
f 769/1/9 770/2/9 771/3/9
f 769/1/9 772/4/9 770/2/9
f 773/1/9 774/2/9 775/3/9
f 773/1/9 776/4/9 774/2/9
f 777/1/9 778/2/9 779/3/9
f 777/1/9 780/4/9 778/2/9
f 781/1/9 782/2/9 783/3/9
f 781/1/9 784/4/9 782/2/9
f 785/1/9 786/2/9 787/3/9
f 785/1/9 788/4/9 786/2/9
f 789/1/9 790/2/9 791/3/9
f 789/1/9 792/4/9 790/2/9
f 793/1/9 794/2/9 795/3/9
f 793/1/9 796/4/9 794/2/9
f 797/1/9 798/2/9 799/3/9
f 797/1/9 800/4/9 798/2/9
f 801/1/9 802/2/9 803/3/9
f 801/1/9 804/4/9 802/2/9
f 805/1/9 806/2/9 807/3/9
f 805/1/9 808/4/9 806/2/9
f 809/1/9 810/2/9 811/3/9
f 809/1/9 812/4/9 810/2/9
f 813/1/9 814/2/9 815/3/9
f 813/1/9 816/4/9 814/2/9
f 817/1/9 818/2/9 819/3/9
f 817/1/9 820/4/9 818/2/9
f 821/1/9 822/2/9 823/3/9
f 821/1/9 824/4/9 822/2/9
f 825/1/9 826/2/9 827/3/9
f 825/1/9 828/4/9 826/2/9
f 829/1/9 830/2/9 831/3/9
f 829/1/9 832/4/9 830/2/9
f 833/1/9 834/2/9 835/3/9
f 833/1/9 836/4/9 834/2/9
f 837/1/9 838/2/9 839/3/9
f 837/1/9 840/4/9 838/2/9
f 841/1/9 842/2/9 843/3/9
f 841/1/9 844/4/9 842/2/9
f 845/1/9 846/2/9 847/3/9
f 845/1/9 848/4/9 846/2/9
f 849/1/9 850/2/9 851/3/9
f 849/1/9 852/4/9 850/2/9
f 853/1/9 854/2/9 855/3/9
f 853/1/9 856/4/9 854/2/9
f 857/1/9 858/2/9 859/3/9
f 857/1/9 860/4/9 858/2/9
f 861/1/9 862/2/9 863/3/9
f 861/1/9 864/4/9 862/2/9
f 865/1/9 866/2/9 867/3/9
f 865/1/9 868/4/9 866/2/9
f 869/1/9 870/2/9 871/3/9
f 869/1/9 872/4/9 870/2/9
f 873/1/9 874/2/9 875/3/9
f 873/1/9 876/4/9 874/2/9
f 877/1/9 878/2/9 879/3/9
f 877/1/9 880/4/9 878/2/9
f 881/1/9 882/2/9 883/3/9
f 881/1/9 884/4/9 882/2/9
f 885/1/9 886/2/9 887/3/9
f 885/1/9 888/4/9 886/2/9
f 889/1/9 890/2/9 891/3/9
f 889/1/9 892/4/9 890/2/9
f 893/1/9 894/2/9 895/3/9
f 893/1/9 896/4/9 894/2/9
f 897/1/9 898/2/9 899/3/9
f 897/1/9 900/4/9 898/2/9
f 901/1/9 902/2/9 903/3/9
f 901/1/9 904/4/9 902/2/9
f 905/1/9 906/2/9 907/3/9
f 905/1/9 908/4/9 906/2/9
f 909/1/9 910/2/9 911/3/9
f 909/1/9 912/4/9 910/2/9
f 913/1/9 914/2/9 915/3/9
f 913/1/9 916/4/9 914/2/9
f 917/1/9 918/2/9 919/3/9
f 917/1/9 920/4/9 918/2/9
f 921/1/9 922/2/9 923/3/9
f 921/1/9 924/4/9 922/2/9
f 925/1/9 926/2/9 927/3/9
f 925/1/9 928/4/9 926/2/9
f 929/1/9 930/2/9 931/3/9
f 929/1/9 932/4/9 930/2/9
f 933/1/9 934/2/9 935/3/9
f 933/1/9 936/4/9 934/2/9
f 937/1/9 938/2/9 939/3/9
f 937/1/9 940/4/9 938/2/9
f 941/1/9 942/2/9 943/3/9
f 941/1/9 944/4/9 942/2/9
f 945/1/9 946/2/9 947/3/9
f 945/1/9 948/4/9 946/2/9
f 949/1/9 950/2/9 951/3/9
f 949/1/9 952/4/9 950/2/9
f 953/1/9 954/2/9 955/3/9
f 953/1/9 956/4/9 954/2/9
f 957/1/9 958/2/9 959/3/9
f 957/1/9 960/4/9 958/2/9
f 961/1/9 962/2/9 963/3/9
f 961/1/9 964/4/9 962/2/9
f 965/1/9 966/2/9 967/3/9
f 965/1/9 968/4/9 966/2/9
f 969/1/9 970/2/9 971/3/9
f 969/1/9 972/4/9 970/2/9
f 973/1/9 974/2/9 975/3/9
f 973/1/9 976/4/9 974/2/9
f 977/1/1 978/2/1 979/3/1
f 977/1/1 980/4/1 978/2/1
f 981/1/1 982/2/1 983/3/1
f 981/1/1 984/4/1 982/2/1
f 985/1/1 986/2/1 987/3/1
f 985/1/1 988/4/1 986/2/1
f 989/1/1 990/2/1 991/3/1
f 989/1/1 992/4/1 990/2/1
f 993/1/1 994/2/1 995/3/1
f 993/1/1 996/4/1 994/2/1
f 997/1/1 998/2/1 999/3/1
f 997/1/1 1000/4/1 998/2/1
f 1001/1/1 1002/2/1 1003/3/1
f 1001/1/1 1004/4/1 1002/2/1
f 1005/1/1 1006/2/1 1007/3/1
f 1005/1/1 1008/4/1 1006/2/1
f 1009/1/1 1010/2/1 1011/3/1
f 1009/1/1 1012/4/1 1010/2/1
f 1013/1/1 1014/2/1 1015/3/1
f 1013/1/1 1016/4/1 1014/2/1
f 1017/1/1 1018/2/1 1019/3/1
f 1017/1/1 1020/4/1 1018/2/1
f 1021/1/1 1022/2/1 1023/3/1
f 1021/1/1 1024/4/1 1022/2/1
f 1025/1/4 1026/2/4 1027/3/4
f 1025/1/4 1028/4/4 1026/2/4
f 1029/1/4 1030/2/4 1031/3/4
f 1029/1/4 1032/4/4 1030/2/4
f 1033/1/4 1034/2/4 1035/3/4
f 1033/1/4 1036/4/4 1034/2/4
f 1037/1/4 1038/2/4 1039/3/4
f 1037/1/4 1040/4/4 1038/2/4
f 1041/1/4 1042/2/4 1043/3/4
f 1041/1/4 1044/4/4 1042/2/4
f 1045/1/4 1046/2/4 1047/3/4
f 1045/1/4 1048/4/4 1046/2/4
f 1049/1/4 1050/2/4 1051/3/4
f 1049/1/4 1052/4/4 1050/2/4
f 1053/1/4 1054/2/4 1055/3/4
f 1053/1/4 1056/4/4 1054/2/4
f 1057/1/4 1058/2/4 1059/3/4
f 1057/1/4 1060/4/4 1058/2/4
f 1061/1/4 1062/2/4 1063/3/4
f 1061/1/4 1064/4/4 1062/2/4
f 1065/1/4 1066/2/4 1067/3/4
f 1065/1/4 1068/4/4 1066/2/4
f 1069/1/4 1070/2/4 1071/3/4
f 1069/1/4 1072/4/4 1070/2/4
f 1073/1/4 1074/2/4 1075/3/4
f 1073/1/4 1076/4/4 1074/2/4
f 1077/1/4 1078/2/4 1079/3/4
f 1077/1/4 1080/4/4 1078/2/4
f 1081/1/4 1082/2/4 1083/3/4
f 1081/1/4 1084/4/4 1082/2/4
f 1085/1/4 1086/2/4 1087/3/4
f 1085/1/4 1088/4/4 1086/2/4
f 1089/1/4 1090/2/4 1091/3/4
f 1089/1/4 1092/4/4 1090/2/4
f 1093/1/4 1094/2/4 1095/3/4
f 1093/1/4 1096/4/4 1094/2/4
f 1097/1/4 1098/2/4 1099/3/4
f 1097/1/4 1100/4/4 1098/2/4
f 1101/1/4 1102/2/4 1103/3/4
f 1101/1/4 1104/4/4 1102/2/4
f 1105/1/4 1106/2/4 1107/3/4
f 1105/1/4 1108/4/4 1106/2/4
f 1109/1/4 1110/2/4 1111/3/4
f 1109/1/4 1112/4/4 1110/2/4
f 1113/1/4 1114/2/4 1115/3/4
f 1113/1/4 1116/4/4 1114/2/4
f 1117/1/4 1118/2/4 1119/3/4
f 1117/1/4 1120/4/4 1118/2/4
f 1121/1/4 1122/2/4 1123/3/4
f 1121/1/4 1124/4/4 1122/2/4
f 1125/1/4 1126/2/4 1127/3/4
f 1125/1/4 1128/4/4 1126/2/4
f 1129/1/4 1130/2/4 1131/3/4
f 1129/1/4 1132/4/4 1130/2/4
f 1133/1/4 1134/2/4 1135/3/4
f 1133/1/4 1136/4/4 1134/2/4
f 1137/1/4 1138/2/4 1139/3/4
f 1137/1/4 1140/4/4 1138/2/4
f 1141/1/4 1142/2/4 1143/3/4
f 1141/1/4 1144/4/4 1142/2/4
f 1145/1/4 1146/2/4 1147/3/4
f 1145/1/4 1148/4/4 1146/2/4
f 1149/1/4 1150/2/4 1151/3/4
f 1149/1/4 1152/4/4 1150/2/4
f 1153/1/4 1154/2/4 1155/3/4
f 1153/1/4 1156/4/4 1154/2/4
f 1157/1/4 1158/2/4 1159/3/4
f 1157/1/4 1160/4/4 1158/2/4
f 1161/1/4 1162/2/4 1163/3/4
f 1161/1/4 1164/4/4 1162/2/4
f 1165/1/4 1166/2/4 1167/3/4
f 1165/1/4 1168/4/4 1166/2/4
f 1169/1/4 1170/2/4 1171/3/4
f 1169/1/4 1172/4/4 1170/2/4
f 1173/1/4 1174/2/4 1175/3/4
f 1173/1/4 1176/4/4 1174/2/4
f 1177/1/4 1178/2/4 1179/3/4
f 1177/1/4 1180/4/4 1178/2/4
f 1181/1/4 1182/2/4 1183/3/4
f 1181/1/4 1184/4/4 1182/2/4
f 1185/1/4 1186/2/4 1187/3/4
f 1185/1/4 1188/4/4 1186/2/4
f 1189/1/4 1190/2/4 1191/3/4
f 1189/1/4 1192/4/4 1190/2/4
f 1193/1/4 1194/2/4 1195/3/4
f 1193/1/4 1196/4/4 1194/2/4
f 1197/1/4 1198/2/4 1199/3/4
f 1197/1/4 1200/4/4 1198/2/4
f 1201/1/4 1202/2/4 1203/3/4
f 1201/1/4 1204/4/4 1202/2/4
f 1205/1/4 1206/2/4 1207/3/4
f 1205/1/4 1208/4/4 1206/2/4
f 1209/1/4 1210/2/4 1211/3/4
f 1209/1/4 1212/4/4 1210/2/4
f 1213/1/4 1214/2/4 1215/3/4
f 1213/1/4 1216/4/4 1214/2/4
f 1217/1/4 1218/2/4 1219/3/4
f 1217/1/4 1220/4/4 1218/2/4
f 1221/1/4 1222/2/4 1223/3/4
f 1221/1/4 1224/4/4 1222/2/4
f 1225/1/4 1226/2/4 1227/3/4
f 1225/1/4 1228/4/4 1226/2/4
f 1229/1/4 1230/2/4 1231/3/4
f 1229/1/4 1232/4/4 1230/2/4
f 1233/1/4 1234/2/4 1235/3/4
f 1233/1/4 1236/4/4 1234/2/4
f 1237/1/4 1238/2/4 1239/3/4
f 1237/1/4 1240/4/4 1238/2/4
f 1241/1/4 1242/2/4 1243/3/4
f 1241/1/4 1244/4/4 1242/2/4
f 1245/1/4 1246/2/4 1247/3/4
f 1245/1/4 1248/4/4 1246/2/4
f 1249/1/4 1250/2/4 1251/3/4
f 1249/1/4 1252/4/4 1250/2/4
f 1253/1/4 1254/2/4 1255/3/4
f 1253/1/4 1256/4/4 1254/2/4
f 1257/1/4 1258/2/4 1259/3/4
f 1257/1/4 1260/4/4 1258/2/4
f 1261/1/4 1262/2/4 1263/3/4
f 1261/1/4 1264/4/4 1262/2/4
f 1265/1/4 1266/2/4 1267/3/4
f 1265/1/4 1268/4/4 1266/2/4
f 1269/1/4 1270/2/4 1271/3/4
f 1269/1/4 1272/4/4 1270/2/4
f 1273/1/4 1274/2/4 1275/3/4
f 1273/1/4 1276/4/4 1274/2/4
f 1277/1/4 1278/2/4 1279/3/4
f 1277/1/4 1280/4/4 1278/2/4
f 1281/1/4 1282/2/4 1283/3/4
f 1281/1/4 1284/4/4 1282/2/4
f 1285/1/4 1286/2/4 1287/3/4
f 1285/1/4 1288/4/4 1286/2/4
f 1289/1/4 1290/2/4 1291/3/4
f 1289/1/4 1292/4/4 1290/2/4
f 1293/1/4 1294/2/4 1295/3/4
f 1293/1/4 1296/4/4 1294/2/4
f 1297/1/4 1298/2/4 1299/3/4
f 1297/1/4 1300/4/4 1298/2/4
f 1301/1/4 1302/2/4 1303/3/4
f 1301/1/4 1304/4/4 1302/2/4
f 1305/1/4 1306/2/4 1307/3/4
f 1305/1/4 1308/4/4 1306/2/4
f 1309/1/4 1310/2/4 1311/3/4
f 1309/1/4 1312/4/4 1310/2/4
f 1313/1/4 1314/2/4 1315/3/4
f 1313/1/4 1316/4/4 1314/2/4
f 1317/1/4 1318/2/4 1319/3/4
f 1317/1/4 1320/4/4 1318/2/4
f 1321/1/4 1322/2/4 1323/3/4
f 1321/1/4 1324/4/4 1322/2/4
f 1325/1/4 1326/2/4 1327/3/4
f 1325/1/4 1328/4/4 1326/2/4
f 1329/1/4 1330/2/4 1331/3/4
f 1329/1/4 1332/4/4 1330/2/4
f 1333/1/4 1334/2/4 1335/3/4
f 1333/1/4 1336/4/4 1334/2/4
f 1337/1/4 1338/2/4 1339/3/4
f 1337/1/4 1340/4/4 1338/2/4
f 1341/1/4 1342/2/4 1343/3/4
f 1341/1/4 1344/4/4 1342/2/4
f 1345/1/4 1346/2/4 1347/3/4
f 1345/1/4 1348/4/4 1346/2/4
f 1349/1/4 1350/2/4 1351/3/4
f 1349/1/4 1352/4/4 1350/2/4
f 1353/1/4 1354/2/4 1355/3/4
f 1353/1/4 1356/4/4 1354/2/4
f 1357/1/4 1358/2/4 1359/3/4
f 1357/1/4 1360/4/4 1358/2/4
f 1361/1/4 1362/2/4 1363/3/4
f 1361/1/4 1364/4/4 1362/2/4
f 1365/1/4 1366/2/4 1367/3/4
f 1365/1/4 1368/4/4 1366/2/4
f 1369/1/4 1370/2/4 1371/3/4
f 1369/1/4 1372/4/4 1370/2/4
f 1373/1/4 1374/2/4 1375/3/4
f 1373/1/4 1376/4/4 1374/2/4
f 1377/1/4 1378/2/4 1379/3/4
f 1377/1/4 1380/4/4 1378/2/4
f 1381/1/4 1382/2/4 1383/3/4
f 1381/1/4 1384/4/4 1382/2/4
f 1385/1/4 1386/2/4 1387/3/4
f 1385/1/4 1388/4/4 1386/2/4
f 1389/1/4 1390/2/4 1391/3/4
f 1389/1/4 1392/4/4 1390/2/4
f 1393/1/4 1394/2/4 1395/3/4
f 1393/1/4 1396/4/4 1394/2/4
f 1397/1/4 1398/2/4 1399/3/4
f 1397/1/4 1400/4/4 1398/2/4
f 1401/1/4 1402/2/4 1403/3/4
f 1401/1/4 1404/4/4 1402/2/4
f 1405/1/4 1406/2/4 1407/3/4
f 1405/1/4 1408/4/4 1406/2/4
f 1409/1/3 1410/2/3 1411/3/3
f 1409/1/3 1412/4/3 1410/2/3
f 1413/1/3 1414/2/3 1415/3/3
f 1413/1/3 1416/4/3 1414/2/3
f 1417/1/3 1418/2/3 1419/3/3
f 1417/1/3 1420/4/3 1418/2/3
f 1421/1/3 1422/2/3 1423/3/3
f 1421/1/3 1424/4/3 1422/2/3
f 1425/1/3 1426/2/3 1427/3/3
f 1425/1/3 1428/4/3 1426/2/3
f 1429/1/3 1430/2/3 1431/3/3
f 1429/1/3 1432/4/3 1430/2/3
f 1433/1/3 1434/2/3 1435/3/3
f 1433/1/3 1436/4/3 1434/2/3
f 1437/1/3 1438/2/3 1439/3/3
f 1437/1/3 1440/4/3 1438/2/3
f 1441/1/3 1442/2/3 1443/3/3
f 1441/1/3 1444/4/3 1442/2/3
f 1445/1/3 1446/2/3 1447/3/3
f 1445/1/3 1448/4/3 1446/2/3
f 1449/1/3 1450/2/3 1451/3/3
f 1449/1/3 1452/4/3 1450/2/3
f 1453/1/3 1454/2/3 1455/3/3
f 1453/1/3 1456/4/3 1454/2/3
f 1457/1/3 1458/2/3 1459/3/3
f 1457/1/3 1460/4/3 1458/2/3
f 1461/1/3 1462/2/3 1463/3/3
f 1461/1/3 1464/4/3 1462/2/3
f 1465/1/3 1466/2/3 1467/3/3
f 1465/1/3 1468/4/3 1466/2/3
f 1469/1/3 1470/2/3 1471/3/3
f 1469/1/3 1472/4/3 1470/2/3
f 1473/1/3 1474/2/3 1475/3/3
f 1473/1/3 1476/4/3 1474/2/3
f 1477/1/3 1478/2/3 1479/3/3
f 1477/1/3 1480/4/3 1478/2/3
f 1481/1/3 1482/2/3 1483/3/3
f 1481/1/3 1484/4/3 1482/2/3
f 1485/1/3 1486/2/3 1487/3/3
f 1485/1/3 1488/4/3 1486/2/3
f 1489/1/3 1490/2/3 1491/3/3
f 1489/1/3 1492/4/3 1490/2/3
f 1493/1/3 1494/2/3 1495/3/3
f 1493/1/3 1496/4/3 1494/2/3
f 1497/1/3 1498/2/3 1499/3/3
f 1497/1/3 1500/4/3 1498/2/3
f 1501/1/3 1502/2/3 1503/3/3
f 1501/1/3 1504/4/3 1502/2/3
f 1505/1/3 1506/2/3 1507/3/3
f 1505/1/3 1508/4/3 1506/2/3
f 1509/1/3 1510/2/3 1511/3/3
f 1509/1/3 1512/4/3 1510/2/3
f 1513/1/3 1514/2/3 1515/3/3
f 1513/1/3 1516/4/3 1514/2/3
f 1517/1/3 1518/2/3 1519/3/3
f 1517/1/3 1520/4/3 1518/2/3
f 1521/1/3 1522/2/3 1523/3/3
f 1521/1/3 1524/4/3 1522/2/3
f 1525/1/3 1526/2/3 1527/3/3
f 1525/1/3 1528/4/3 1526/2/3
f 1529/1/3 1530/2/3 1531/3/3
f 1529/1/3 1532/4/3 1530/2/3
f 1533/1/3 1534/2/3 1535/3/3
f 1533/1/3 1536/4/3 1534/2/3
f 1537/1/3 1538/2/3 1539/3/3
f 1537/1/3 1540/4/3 1538/2/3
f 1541/1/3 1542/2/3 1543/3/3
f 1541/1/3 1544/4/3 1542/2/3
f 1545/1/3 1546/2/3 1547/3/3
f 1545/1/3 1548/4/3 1546/2/3
f 1549/1/3 1550/2/3 1551/3/3
f 1549/1/3 1552/4/3 1550/2/3
f 1553/1/3 1554/2/3 1555/3/3
f 1553/1/3 1556/4/3 1554/2/3
f 1557/1/3 1558/2/3 1559/3/3
f 1557/1/3 1560/4/3 1558/2/3
f 1561/1/3 1562/2/3 1563/3/3
f 1561/1/3 1564/4/3 1562/2/3
f 1565/1/3 1566/2/3 1567/3/3
f 1565/1/3 1568/4/3 1566/2/3
f 1569/1/3 1570/2/3 1571/3/3
f 1569/1/3 1572/4/3 1570/2/3
f 1573/1/3 1574/2/3 1575/3/3
f 1573/1/3 1576/4/3 1574/2/3
f 1577/1/3 1578/2/3 1579/3/3
f 1577/1/3 1580/4/3 1578/2/3
f 1581/1/3 1582/2/3 1583/3/3
f 1581/1/3 1584/4/3 1582/2/3
f 1585/1/3 1586/2/3 1587/3/3
f 1585/1/3 1588/4/3 1586/2/3
f 1589/1/3 1590/2/3 1591/3/3
f 1589/1/3 1592/4/3 1590/2/3
f 1593/1/3 1594/2/3 1595/3/3
f 1593/1/3 1596/4/3 1594/2/3
f 1597/1/3 1598/2/3 1599/3/3
f 1597/1/3 1600/4/3 1598/2/3
f 1601/1/3 1602/2/3 1603/3/3
f 1601/1/3 1604/4/3 1602/2/3
f 1605/1/3 1606/2/3 1607/3/3
f 1605/1/3 1608/4/3 1606/2/3
f 1609/1/3 1610/2/3 1611/3/3
f 1609/1/3 1612/4/3 1610/2/3
f 1613/1/3 1614/2/3 1615/3/3
f 1613/1/3 1616/4/3 1614/2/3
f 1617/1/3 1618/2/3 1619/3/3
f 1617/1/3 1620/4/3 1618/2/3
f 1621/1/3 1622/2/3 1623/3/3
f 1621/1/3 1624/4/3 1622/2/3
f 1625/1/3 1626/2/3 1627/3/3
f 1625/1/3 1628/4/3 1626/2/3
f 1629/1/3 1630/2/3 1631/3/3
f 1629/1/3 1632/4/3 1630/2/3
f 1633/1/3 1634/2/3 1635/3/3
f 1633/1/3 1636/4/3 1634/2/3
f 1637/1/3 1638/2/3 1639/3/3
f 1637/1/3 1640/4/3 1638/2/3
f 1641/1/3 1642/2/3 1643/3/3
f 1641/1/3 1644/4/3 1642/2/3
f 1645/1/3 1646/2/3 1647/3/3
f 1645/1/3 1648/4/3 1646/2/3
f 1649/1/3 1650/2/3 1651/3/3
f 1649/1/3 1652/4/3 1650/2/3
f 1653/1/3 1654/2/3 1655/3/3
f 1653/1/3 1656/4/3 1654/2/3
f 1657/1/3 1658/2/3 1659/3/3
f 1657/1/3 1660/4/3 1658/2/3
f 1661/1/3 1662/2/3 1663/3/3
f 1661/1/3 1664/4/3 1662/2/3
f 1665/1/3 1666/2/3 1667/3/3
f 1665/1/3 1668/4/3 1666/2/3
f 1669/1/3 1670/2/3 1671/3/3
f 1669/1/3 1672/4/3 1670/2/3
f 1673/1/3 1674/2/3 1675/3/3
f 1673/1/3 1676/4/3 1674/2/3
f 1677/1/3 1678/2/3 1679/3/3
f 1677/1/3 1680/4/3 1678/2/3
f 1681/1/3 1682/2/3 1683/3/3
f 1681/1/3 1684/4/3 1682/2/3
f 1685/1/3 1686/2/3 1687/3/3
f 1685/1/3 1688/4/3 1686/2/3
f 1689/1/3 1690/2/3 1691/3/3
f 1689/1/3 1692/4/3 1690/2/3
f 1693/1/3 1694/2/3 1695/3/3
f 1693/1/3 1696/4/3 1694/2/3
f 1697/1/3 1698/2/3 1699/3/3
f 1697/1/3 1700/4/3 1698/2/3
f 1701/1/3 1702/2/3 1703/3/3
f 1701/1/3 1704/4/3 1702/2/3
f 1705/1/3 1706/2/3 1707/3/3
f 1705/1/3 1708/4/3 1706/2/3
f 1709/1/3 1710/2/3 1711/3/3
f 1709/1/3 1712/4/3 1710/2/3
f 1713/1/3 1714/2/3 1715/3/3
f 1713/1/3 1716/4/3 1714/2/3
f 1717/1/3 1718/2/3 1719/3/3
f 1717/1/3 1720/4/3 1718/2/3
f 1721/1/3 1722/2/3 1723/3/3
f 1721/1/3 1724/4/3 1722/2/3
f 1725/1/3 1726/2/3 1727/3/3
f 1725/1/3 1728/4/3 1726/2/3
f 1729/1/3 1730/2/3 1731/3/3
f 1729/1/3 1732/4/3 1730/2/3
f 1733/1/3 1734/2/3 1735/3/3
f 1733/1/3 1736/4/3 1734/2/3
f 1737/1/3 1738/2/3 1739/3/3
f 1737/1/3 1740/4/3 1738/2/3
f 1741/1/3 1742/2/3 1743/3/3
f 1741/1/3 1744/4/3 1742/2/3
f 1745/1/3 1746/2/3 1747/3/3
f 1745/1/3 1748/4/3 1746/2/3
f 1749/1/3 1750/2/3 1751/3/3
f 1749/1/3 1752/4/3 1750/2/3
f 1753/1/3 1754/2/3 1755/3/3
f 1753/1/3 1756/4/3 1754/2/3
f 1757/1/3 1758/2/3 1759/3/3
f 1757/1/3 1760/4/3 1758/2/3
f 1761/1/3 1762/2/3 1763/3/3
f 1761/1/3 1764/4/3 1762/2/3
f 1765/1/3 1766/2/3 1767/3/3
f 1765/1/3 1768/4/3 1766/2/3
f 1769/1/3 1770/2/3 1771/3/3
f 1769/1/3 1772/4/3 1770/2/3
f 1773/1/3 1774/2/3 1775/3/3
f 1773/1/3 1776/4/3 1774/2/3
f 1777/1/3 1778/2/3 1779/3/3
f 1777/1/3 1780/4/3 1778/2/3
f 1781/1/3 1782/2/3 1783/3/3
f 1781/1/3 1784/4/3 1782/2/3
f 1785/1/3 1786/2/3 1787/3/3
f 1785/1/3 1788/4/3 1786/2/3
f 1789/1/3 1790/2/3 1791/3/3
f 1789/1/3 1792/4/3 1790/2/3
f 1793/1/2 1794/2/2 1795/3/2
f 1793/1/2 1796/4/2 1794/2/2
f 1797/1/2 1798/2/2 1799/3/2
f 1797/1/2 1800/4/2 1798/2/2
f 1801/1/2 1802/2/2 1803/3/2
f 1801/1/2 1804/4/2 1802/2/2
f 1805/1/2 1806/2/2 1807/3/2
f 1805/1/2 1808/4/2 1806/2/2
f 1809/1/2 1810/2/2 1811/3/2
f 1809/1/2 1812/4/2 1810/2/2
f 1813/1/2 1814/2/2 1815/3/2
f 1813/1/2 1816/4/2 1814/2/2
f 1817/1/2 1818/2/2 1819/3/2
f 1817/1/2 1820/4/2 1818/2/2
f 1821/1/2 1822/2/2 1823/3/2
f 1821/1/2 1824/4/2 1822/2/2
f 1825/1/2 1826/2/2 1827/3/2
f 1825/1/2 1828/4/2 1826/2/2
f 1829/1/2 1830/2/2 1831/3/2
f 1829/1/2 1832/4/2 1830/2/2
f 1833/1/2 1834/2/2 1835/3/2
f 1833/1/2 1836/4/2 1834/2/2
f 1837/1/2 1838/2/2 1839/3/2
f 1837/1/2 1840/4/2 1838/2/2
f 1841/1/2 1842/2/2 1843/3/2
f 1841/1/2 1844/4/2 1842/2/2
f 1845/1/2 1846/2/2 1847/3/2
f 1845/1/2 1848/4/2 1846/2/2
f 1849/1/2 1850/2/2 1851/3/2
f 1849/1/2 1852/4/2 1850/2/2
f 1853/1/2 1854/2/2 1855/3/2
f 1853/1/2 1856/4/2 1854/2/2
f 1857/1/2 1858/2/2 1859/3/2
f 1857/1/2 1860/4/2 1858/2/2
f 1861/1/2 1862/2/2 1863/3/2
f 1861/1/2 1864/4/2 1862/2/2
f 1865/1/2 1866/2/2 1867/3/2
f 1865/1/2 1868/4/2 1866/2/2
f 1869/1/2 1870/2/2 1871/3/2
f 1869/1/2 1872/4/2 1870/2/2
f 1873/1/2 1874/2/2 1875/3/2
f 1873/1/2 1876/4/2 1874/2/2
f 1877/1/2 1878/2/2 1879/3/2
f 1877/1/2 1880/4/2 1878/2/2
f 1881/1/2 1882/2/2 1883/3/2
f 1881/1/2 1884/4/2 1882/2/2
f 1885/1/2 1886/2/2 1887/3/2
f 1885/1/2 1888/4/2 1886/2/2
f 1889/1/2 1890/2/2 1891/3/2
f 1889/1/2 1892/4/2 1890/2/2
f 1893/1/2 1894/2/2 1895/3/2
f 1893/1/2 1896/4/2 1894/2/2
f 1897/1/2 1898/2/2 1899/3/2
f 1897/1/2 1900/4/2 1898/2/2
f 1901/1/2 1902/2/2 1903/3/2
f 1901/1/2 1904/4/2 1902/2/2
f 1905/1/2 1906/2/2 1907/3/2
f 1905/1/2 1908/4/2 1906/2/2
f 1909/1/2 1910/2/2 1911/3/2
f 1909/1/2 1912/4/2 1910/2/2
f 1913/1/2 1914/2/2 1915/3/2
f 1913/1/2 1916/4/2 1914/2/2
f 1917/1/2 1918/2/2 1919/3/2
f 1917/1/2 1920/4/2 1918/2/2
f 1921/1/2 1922/2/2 1923/3/2
f 1921/1/2 1924/4/2 1922/2/2
f 1925/1/2 1926/2/2 1927/3/2
f 1925/1/2 1928/4/2 1926/2/2
f 1929/1/2 1930/2/2 1931/3/2
f 1929/1/2 1932/4/2 1930/2/2
f 1933/1/2 1934/2/2 1935/3/2
f 1933/1/2 1936/4/2 1934/2/2
f 1937/1/2 1938/2/2 1939/3/2
f 1937/1/2 1940/4/2 1938/2/2
f 1941/1/2 1942/2/2 1943/3/2
f 1941/1/2 1944/4/2 1942/2/2
f 1945/1/2 1946/2/2 1947/3/2
f 1945/1/2 1948/4/2 1946/2/2
f 1949/1/2 1950/2/2 1951/3/2
f 1949/1/2 1952/4/2 1950/2/2
f 1953/1/2 1954/2/2 1955/3/2
f 1953/1/2 1956/4/2 1954/2/2
f 1957/1/2 1958/2/2 1959/3/2
f 1957/1/2 1960/4/2 1958/2/2
f 1961/1/2 1962/2/2 1963/3/2
f 1961/1/2 1964/4/2 1962/2/2
f 1965/1/2 1966/2/2 1967/3/2
f 1965/1/2 1968/4/2 1966/2/2
f 1969/1/2 1970/2/2 1971/3/2
f 1969/1/2 1972/4/2 1970/2/2
f 1973/1/2 1974/2/2 1975/3/2
f 1973/1/2 1976/4/2 1974/2/2
f 1977/1/2 1978/2/2 1979/3/2
f 1977/1/2 1980/4/2 1978/2/2
f 1981/1/2 1982/2/2 1983/3/2
f 1981/1/2 1984/4/2 1982/2/2
f 1985/1/2 1986/2/2 1987/3/2
f 1985/1/2 1988/4/2 1986/2/2
f 1989/1/2 1990/2/2 1991/3/2
f 1989/1/2 1992/4/2 1990/2/2
f 1993/1/2 1994/2/2 1995/3/2
f 1993/1/2 1996/4/2 1994/2/2
f 1997/1/2 1998/2/2 1999/3/2
f 1997/1/2 2000/4/2 1998/2/2
f 2001/1/2 2002/2/2 2003/3/2
f 2001/1/2 2004/4/2 2002/2/2
f 2005/1/2 2006/2/2 2007/3/2
f 2005/1/2 2008/4/2 2006/2/2
f 2009/1/2 2010/2/2 2011/3/2
f 2009/1/2 2012/4/2 2010/2/2
f 2013/1/2 2014/2/2 2015/3/2
f 2013/1/2 2016/4/2 2014/2/2
f 2017/1/2 2018/2/2 2019/3/2
f 2017/1/2 2020/4/2 2018/2/2
f 2021/1/2 2022/2/2 2023/3/2
f 2021/1/2 2024/4/2 2022/2/2
f 2025/1/2 2026/2/2 2027/3/2
f 2025/1/2 2028/4/2 2026/2/2
f 2029/1/2 2030/2/2 2031/3/2
f 2029/1/2 2032/4/2 2030/2/2
f 2033/1/2 2034/2/2 2035/3/2
f 2033/1/2 2036/4/2 2034/2/2
f 2037/1/2 2038/2/2 2039/3/2
f 2037/1/2 2040/4/2 2038/2/2
f 2041/1/2 2042/2/2 2043/3/2
f 2041/1/2 2044/4/2 2042/2/2
f 2045/1/2 2046/2/2 2047/3/2
f 2045/1/2 2048/4/2 2046/2/2
f 2049/1/2 2050/2/2 2051/3/2
f 2049/1/2 2052/4/2 2050/2/2
f 2053/1/2 2054/2/2 2055/3/2
f 2053/1/2 2056/4/2 2054/2/2
f 2057/1/2 2058/2/2 2059/3/2
f 2057/1/2 2060/4/2 2058/2/2
f 2061/1/2 2062/2/2 2063/3/2
f 2061/1/2 2064/4/2 2062/2/2
f 2065/1/2 2066/2/2 2067/3/2
f 2065/1/2 2068/4/2 2066/2/2
f 2069/1/2 2070/2/2 2071/3/2
f 2069/1/2 2072/4/2 2070/2/2
f 2073/1/2 2074/2/2 2075/3/2
f 2073/1/2 2076/4/2 2074/2/2
f 2077/1/2 2078/2/2 2079/3/2
f 2077/1/2 2080/4/2 2078/2/2
f 2081/1/2 2082/2/2 2083/3/2
f 2081/1/2 2084/4/2 2082/2/2
f 2085/1/2 2086/2/2 2087/3/2
f 2085/1/2 2088/4/2 2086/2/2
f 2089/1/2 2090/2/2 2091/3/2
f 2089/1/2 2092/4/2 2090/2/2
f 2093/1/2 2094/2/2 2095/3/2
f 2093/1/2 2096/4/2 2094/2/2
f 2097/1/2 2098/2/2 2099/3/2
f 2097/1/2 2100/4/2 2098/2/2
f 2101/1/2 2102/2/2 2103/3/2
f 2101/1/2 2104/4/2 2102/2/2
f 2105/1/2 2106/2/2 2107/3/2
f 2105/1/2 2108/4/2 2106/2/2
f 2109/1/2 2110/2/2 2111/3/2
f 2109/1/2 2112/4/2 2110/2/2
f 2113/1/2 2114/2/2 2115/3/2
f 2113/1/2 2116/4/2 2114/2/2
f 2117/1/2 2118/2/2 2119/3/2
f 2117/1/2 2120/4/2 2118/2/2
f 2121/1/2 2122/2/2 2123/3/2
f 2121/1/2 2124/4/2 2122/2/2
f 2125/1/2 2126/2/2 2127/3/2
f 2125/1/2 2128/4/2 2126/2/2
f 2129/1/2 2130/2/2 2131/3/2
f 2129/1/2 2132/4/2 2130/2/2
f 2133/1/2 2134/2/2 2135/3/2
f 2133/1/2 2136/4/2 2134/2/2
f 2137/1/2 2138/2/2 2139/3/2
f 2137/1/2 2140/4/2 2138/2/2
f 2141/1/2 2142/2/2 2143/3/2
f 2141/1/2 2144/4/2 2142/2/2
f 2145/1/2 2146/2/2 2147/3/2
f 2145/1/2 2148/4/2 2146/2/2
f 2149/1/2 2150/2/2 2151/3/2
f 2149/1/2 2152/4/2 2150/2/2
f 2153/1/2 2154/2/2 2155/3/2
f 2153/1/2 2156/4/2 2154/2/2
f 2157/1/2 2158/2/2 2159/3/2
f 2157/1/2 2160/4/2 2158/2/2
f 2161/1/2 2162/2/2 2163/3/2
f 2161/1/2 2164/4/2 2162/2/2
f 2165/1/2 2166/2/2 2167/3/2
f 2165/1/2 2168/4/2 2166/2/2
f 2169/1/2 2170/2/2 2171/3/2
f 2169/1/2 2172/4/2 2170/2/2
f 2173/1/2 2174/2/2 2175/3/2
f 2173/1/2 2176/4/2 2174/2/2
f 2177/1/1 2178/2/1 2179/3/1
f 2177/1/1 2180/4/1 2178/2/1
f 2181/1/1 2182/2/1 2183/3/1
f 2181/1/1 2184/4/1 2182/2/1
f 2185/1/1 2186/2/1 2187/3/1
f 2185/1/1 2188/4/1 2186/2/1
f 2189/1/1 2190/2/1 2191/3/1
f 2189/1/1 2192/4/1 2190/2/1
f 2193/1/1 2194/2/1 2195/3/1
f 2193/1/1 2196/4/1 2194/2/1
f 2197/1/1 2198/2/1 2199/3/1
f 2197/1/1 2200/4/1 2198/2/1
f 2201/1/1 2202/2/1 2203/3/1
f 2201/1/1 2204/4/1 2202/2/1
f 2205/1/1 2206/2/1 2207/3/1
f 2205/1/1 2208/4/1 2206/2/1
f 2209/1/1 2210/2/1 2211/3/1
f 2209/1/1 2212/4/1 2210/2/1
f 2213/1/1 2214/2/1 2215/3/1
f 2213/1/1 2216/4/1 2214/2/1
f 2217/1/1 2218/2/1 2219/3/1
f 2217/1/1 2220/4/1 2218/2/1
f 2221/1/1 2222/2/1 2223/3/1
f 2221/1/1 2224/4/1 2222/2/1
f 2225/1/1 2226/2/1 2227/3/1
f 2225/1/1 2228/4/1 2226/2/1
f 2229/1/1 2230/2/1 2231/3/1
f 2229/1/1 2232/4/1 2230/2/1
f 2233/1/1 2234/2/1 2235/3/1
f 2233/1/1 2236/4/1 2234/2/1
f 2237/1/1 2238/2/1 2239/3/1
f 2237/1/1 2240/4/1 2238/2/1
f 2241/1/1 2242/2/1 2243/3/1
f 2241/1/1 2244/4/1 2242/2/1
f 2245/1/1 2246/2/1 2247/3/1
f 2245/1/1 2248/4/1 2246/2/1
f 2249/1/1 2250/2/1 2251/3/1
f 2249/1/1 2252/4/1 2250/2/1
f 2253/1/1 2254/2/1 2255/3/1
f 2253/1/1 2256/4/1 2254/2/1
f 2257/1/1 2258/2/1 2259/3/1
f 2257/1/1 2260/4/1 2258/2/1
f 2261/1/1 2262/2/1 2263/3/1
f 2261/1/1 2264/4/1 2262/2/1
f 2265/1/1 2266/2/1 2267/3/1
f 2265/1/1 2268/4/1 2266/2/1
f 2269/1/1 2270/2/1 2271/3/1
f 2269/1/1 2272/4/1 2270/2/1
f 2273/1/1 2274/2/1 2275/3/1
f 2273/1/1 2276/4/1 2274/2/1
f 2277/1/1 2278/2/1 2279/3/1
f 2277/1/1 2280/4/1 2278/2/1
f 2281/1/1 2282/2/1 2283/3/1
f 2281/1/1 2284/4/1 2282/2/1
f 2285/1/1 2286/2/1 2287/3/1
f 2285/1/1 2288/4/1 2286/2/1
f 2289/1/1 2290/2/1 2291/3/1
f 2289/1/1 2292/4/1 2290/2/1
f 2293/1/1 2294/2/1 2295/3/1
f 2293/1/1 2296/4/1 2294/2/1
f 2297/1/1 2298/2/1 2299/3/1
f 2297/1/1 2300/4/1 2298/2/1
f 2301/1/1 2302/2/1 2303/3/1
f 2301/1/1 2304/4/1 2302/2/1
f 2305/1/1 2306/2/1 2307/3/1
f 2305/1/1 2308/4/1 2306/2/1
f 2309/1/1 2310/2/1 2311/3/1
f 2309/1/1 2312/4/1 2310/2/1
f 2313/1/1 2314/2/1 2315/3/1
f 2313/1/1 2316/4/1 2314/2/1
f 2317/1/1 2318/2/1 2319/3/1
f 2317/1/1 2320/4/1 2318/2/1
f 2321/1/1 2322/2/1 2323/3/1
f 2321/1/1 2324/4/1 2322/2/1
f 2325/1/1 2326/2/1 2327/3/1
f 2325/1/1 2328/4/1 2326/2/1
f 2329/1/1 2330/2/1 2331/3/1
f 2329/1/1 2332/4/1 2330/2/1
f 2333/1/1 2334/2/1 2335/3/1
f 2333/1/1 2336/4/1 2334/2/1
f 2337/1/1 2338/2/1 2339/3/1
f 2337/1/1 2340/4/1 2338/2/1
f 2341/1/1 2342/2/1 2343/3/1
f 2341/1/1 2344/4/1 2342/2/1
f 2345/1/1 2346/2/1 2347/3/1
f 2345/1/1 2348/4/1 2346/2/1
f 2349/1/1 2350/2/1 2351/3/1
f 2349/1/1 2352/4/1 2350/2/1
f 2353/1/1 2354/2/1 2355/3/1
f 2353/1/1 2356/4/1 2354/2/1
f 2357/1/1 2358/2/1 2359/3/1
f 2357/1/1 2360/4/1 2358/2/1
f 2361/1/1 2362/2/1 2363/3/1
f 2361/1/1 2364/4/1 2362/2/1
f 2365/1/1 2366/2/1 2367/3/1
f 2365/1/1 2368/4/1 2366/2/1
f 2369/1/1 2370/2/1 2371/3/1
f 2369/1/1 2372/4/1 2370/2/1
f 2373/1/1 2374/2/1 2375/3/1
f 2373/1/1 2376/4/1 2374/2/1
f 2377/1/1 2378/2/1 2379/3/1
f 2377/1/1 2380/4/1 2378/2/1
f 2381/1/1 2382/2/1 2383/3/1
f 2381/1/1 2384/4/1 2382/2/1
f 2385/1/1 2386/2/1 2387/3/1
f 2385/1/1 2388/4/1 2386/2/1
f 2389/1/1 2390/2/1 2391/3/1
f 2389/1/1 2392/4/1 2390/2/1
f 2393/1/1 2394/2/1 2395/3/1
f 2393/1/1 2396/4/1 2394/2/1
f 2397/1/1 2398/2/1 2399/3/1
f 2397/1/1 2400/4/1 2398/2/1
f 2401/1/1 2402/2/1 2403/3/1
f 2401/1/1 2404/4/1 2402/2/1
f 2405/1/1 2406/2/1 2407/3/1
f 2405/1/1 2408/4/1 2406/2/1
f 2409/1/1 2410/2/1 2411/3/1
f 2409/1/1 2412/4/1 2410/2/1
f 2413/1/1 2414/2/1 2415/3/1
f 2413/1/1 2416/4/1 2414/2/1
f 2417/1/1 2418/2/1 2419/3/1
f 2417/1/1 2420/4/1 2418/2/1
f 2421/1/1 2422/2/1 2423/3/1
f 2421/1/1 2424/4/1 2422/2/1
f 2425/1/1 2426/2/1 2427/3/1
f 2425/1/1 2428/4/1 2426/2/1
f 2429/1/1 2430/2/1 2431/3/1
f 2429/1/1 2432/4/1 2430/2/1
f 2433/1/1 2434/2/1 2435/3/1
f 2433/1/1 2436/4/1 2434/2/1
f 2437/1/1 2438/2/1 2439/3/1
f 2437/1/1 2440/4/1 2438/2/1
f 2441/1/1 2442/2/1 2443/3/1
f 2441/1/1 2444/4/1 2442/2/1
f 2445/1/1 2446/2/1 2447/3/1
f 2445/1/1 2448/4/1 2446/2/1
f 2449/1/1 2450/2/1 2451/3/1
f 2449/1/1 2452/4/1 2450/2/1
f 2453/1/1 2454/2/1 2455/3/1
f 2453/1/1 2456/4/1 2454/2/1
f 2457/1/1 2458/2/1 2459/3/1
f 2457/1/1 2460/4/1 2458/2/1
f 2461/1/1 2462/2/1 2463/3/1
f 2461/1/1 2464/4/1 2462/2/1
f 2465/1/1 2466/2/1 2467/3/1
f 2465/1/1 2468/4/1 2466/2/1
f 2469/1/1 2470/2/1 2471/3/1
f 2469/1/1 2472/4/1 2470/2/1
f 2473/1/1 2474/2/1 2475/3/1
f 2473/1/1 2476/4/1 2474/2/1
f 2477/1/1 2478/2/1 2479/3/1
f 2477/1/1 2480/4/1 2478/2/1
f 2481/1/1 2482/2/1 2483/3/1
f 2481/1/1 2484/4/1 2482/2/1
f 2485/1/1 2486/2/1 2487/3/1
f 2485/1/1 2488/4/1 2486/2/1
f 2489/1/1 2490/2/1 2491/3/1
f 2489/1/1 2492/4/1 2490/2/1
f 2493/1/1 2494/2/1 2495/3/1
f 2493/1/1 2496/4/1 2494/2/1
f 2497/1/1 2498/2/1 2499/3/1
f 2497/1/1 2500/4/1 2498/2/1
f 2501/1/1 2502/2/1 2503/3/1
f 2501/1/1 2504/4/1 2502/2/1
f 2505/1/1 2506/2/1 2507/3/1
f 2505/1/1 2508/4/1 2506/2/1
f 2509/1/1 2510/2/1 2511/3/1
f 2509/1/1 2512/4/1 2510/2/1
f 2513/1/9 2514/2/9 2515/3/9
f 2513/1/9 2516/4/9 2514/2/9
f 2517/1/9 2518/2/9 2519/3/9
f 2517/1/9 2520/4/9 2518/2/9
f 2521/1/9 2522/2/9 2523/3/9
f 2521/1/9 2524/4/9 2522/2/9
f 2525/1/9 2526/2/9 2527/3/9
f 2525/1/9 2528/4/9 2526/2/9
f 2529/1/9 2530/2/9 2531/3/9
f 2529/1/9 2532/4/9 2530/2/9
f 2533/1/9 2534/2/9 2535/3/9
f 2533/1/9 2536/4/9 2534/2/9
f 2537/1/9 2538/2/9 2539/3/9
f 2537/1/9 2540/4/9 2538/2/9
f 2541/1/9 2542/2/9 2543/3/9
f 2541/1/9 2544/4/9 2542/2/9
f 2545/1/9 2546/2/9 2547/3/9
f 2545/1/9 2548/4/9 2546/2/9
f 2549/1/9 2550/2/9 2551/3/9
f 2549/1/9 2552/4/9 2550/2/9
f 2553/1/9 2554/2/9 2555/3/9
f 2553/1/9 2556/4/9 2554/2/9
f 2557/1/9 2558/2/9 2559/3/9
f 2557/1/9 2560/4/9 2558/2/9
f 2561/1/9 2562/2/9 2563/3/9
f 2561/1/9 2564/4/9 2562/2/9
f 2565/1/9 2566/2/9 2567/3/9
f 2565/1/9 2568/4/9 2566/2/9
f 2569/1/9 2570/2/9 2571/3/9
f 2569/1/9 2572/4/9 2570/2/9
f 2573/1/9 2574/2/9 2575/3/9
f 2573/1/9 2576/4/9 2574/2/9
f 2577/1/9 2578/2/9 2579/3/9
f 2577/1/9 2580/4/9 2578/2/9
f 2581/1/9 2582/2/9 2583/3/9
f 2581/1/9 2584/4/9 2582/2/9
f 2585/1/9 2586/2/9 2587/3/9
f 2585/1/9 2588/4/9 2586/2/9
f 2589/1/9 2590/2/9 2591/3/9
f 2589/1/9 2592/4/9 2590/2/9
f 2593/1/9 2594/2/9 2595/3/9
f 2593/1/9 2596/4/9 2594/2/9
f 2597/1/9 2598/2/9 2599/3/9
f 2597/1/9 2600/4/9 2598/2/9
f 2601/1/9 2602/2/9 2603/3/9
f 2601/1/9 2604/4/9 2602/2/9
f 2605/1/9 2606/2/9 2607/3/9
f 2605/1/9 2608/4/9 2606/2/9
f 2609/1/9 2610/2/9 2611/3/9
f 2609/1/9 2612/4/9 2610/2/9
f 2613/1/9 2614/2/9 2615/3/9
f 2613/1/9 2616/4/9 2614/2/9
f 2617/1/9 2618/2/9 2619/3/9
f 2617/1/9 2620/4/9 2618/2/9
f 2621/1/9 2622/2/9 2623/3/9
f 2621/1/9 2624/4/9 2622/2/9
f 2625/1/9 2626/2/9 2627/3/9
f 2625/1/9 2628/4/9 2626/2/9
f 2629/1/9 2630/2/9 2631/3/9
f 2629/1/9 2632/4/9 2630/2/9
f 2633/1/9 2634/2/9 2635/3/9
f 2633/1/9 2636/4/9 2634/2/9
f 2637/1/9 2638/2/9 2639/3/9
f 2637/1/9 2640/4/9 2638/2/9
f 2641/1/9 2642/2/9 2643/3/9
f 2641/1/9 2644/4/9 2642/2/9
f 2645/1/9 2646/2/9 2647/3/9
f 2645/1/9 2648/4/9 2646/2/9
f 2649/1/9 2650/2/9 2651/3/9
f 2649/1/9 2652/4/9 2650/2/9
f 2653/1/9 2654/2/9 2655/3/9
f 2653/1/9 2656/4/9 2654/2/9
f 2657/1/9 2658/2/9 2659/3/9
f 2657/1/9 2660/4/9 2658/2/9
f 2661/1/9 2662/2/9 2663/3/9
f 2661/1/9 2664/4/9 2662/2/9
f 2665/1/9 2666/2/9 2667/3/9
f 2665/1/9 2668/4/9 2666/2/9
f 2669/1/9 2670/2/9 2671/3/9
f 2669/1/9 2672/4/9 2670/2/9
f 2673/1/9 2674/2/9 2675/3/9
f 2673/1/9 2676/4/9 2674/2/9
f 2677/1/9 2678/2/9 2679/3/9
f 2677/1/9 2680/4/9 2678/2/9
f 2681/1/9 2682/2/9 2683/3/9
f 2681/1/9 2684/4/9 2682/2/9
f 2685/1/9 2686/2/9 2687/3/9
f 2685/1/9 2688/4/9 2686/2/9
f 2689/1/9 2690/2/9 2691/3/9
f 2689/1/9 2692/4/9 2690/2/9
f 2693/1/9 2694/2/9 2695/3/9
f 2693/1/9 2696/4/9 2694/2/9
f 2697/1/9 2698/2/9 2699/3/9
f 2697/1/9 2700/4/9 2698/2/9
f 2701/1/9 2702/2/9 2703/3/9
f 2701/1/9 2704/4/9 2702/2/9
f 2705/1/9 2706/2/9 2707/3/9
f 2705/1/9 2708/4/9 2706/2/9
f 2709/1/9 2710/2/9 2711/3/9
f 2709/1/9 2712/4/9 2710/2/9
f 2713/1/9 2714/2/9 2715/3/9
f 2713/1/9 2716/4/9 2714/2/9
f 2717/1/9 2718/2/9 2719/3/9
f 2717/1/9 2720/4/9 2718/2/9
f 2721/1/10 2722/2/10 2723/3/10
f 2721/1/10 2724/4/10 2722/2/10
f 2725/1/10 2726/2/10 2727/3/10
f 2725/1/10 2728/4/10 2726/2/10
f 2729/1/10 2730/2/10 2731/3/10
f 2729/1/10 2732/4/10 2730/2/10
f 2733/1/10 2734/2/10 2735/3/10
f 2733/1/10 2736/4/10 2734/2/10
f 2737/1/10 2738/2/10 2739/3/10
f 2737/1/10 2740/4/10 2738/2/10
f 2741/1/10 2742/2/10 2743/3/10
f 2741/1/10 2744/4/10 2742/2/10
f 2745/1/10 2746/2/10 2747/3/10
f 2745/1/10 2748/4/10 2746/2/10
f 2749/1/10 2750/2/10 2751/3/10
f 2749/1/10 2752/4/10 2750/2/10
f 2753/1/10 2754/2/10 2755/3/10
f 2753/1/10 2756/4/10 2754/2/10
f 2757/1/10 2758/2/10 2759/3/10
f 2757/1/10 2760/4/10 2758/2/10
f 2761/1/10 2762/2/10 2763/3/10
f 2761/1/10 2764/4/10 2762/2/10
f 2765/1/10 2766/2/10 2767/3/10
f 2765/1/10 2768/4/10 2766/2/10
f 2769/1/10 2770/2/10 2771/3/10
f 2769/1/10 2772/4/10 2770/2/10
f 2773/1/10 2774/2/10 2775/3/10
f 2773/1/10 2776/4/10 2774/2/10
f 2777/1/10 2778/2/10 2779/3/10
f 2777/1/10 2780/4/10 2778/2/10
f 2781/1/10 2782/2/10 2783/3/10
f 2781/1/10 2784/4/10 2782/2/10
f 2785/1/10 2786/2/10 2787/3/10
f 2785/1/10 2788/4/10 2786/2/10
f 2789/1/10 2790/2/10 2791/3/10
f 2789/1/10 2792/4/10 2790/2/10
f 2793/1/10 2794/2/10 2795/3/10
f 2793/1/10 2796/4/10 2794/2/10
f 2797/1/10 2798/2/10 2799/3/10
f 2797/1/10 2800/4/10 2798/2/10
f 2801/4/3 2802/5/3 2803/2/3
f 2801/4/3 2804/6/3 2802/5/3
f 2805/4/3 2806/5/3 2807/2/3
f 2805/4/3 2808/6/3 2806/5/3
f 2809/4/3 2810/5/3 2811/2/3
f 2809/4/3 2812/6/3 2810/5/3
f 2813/4/3 2814/5/3 2815/2/3
f 2813/4/3 2816/6/3 2814/5/3
f 2817/4/3 2818/5/3 2819/2/3
f 2817/4/3 2820/6/3 2818/5/3
f 2821/4/3 2822/5/3 2823/2/3
f 2821/4/3 2824/6/3 2822/5/3
f 2825/4/3 2826/5/3 2827/2/3
f 2825/4/3 2828/6/3 2826/5/3
f 2829/4/3 2830/5/3 2831/2/3
f 2829/4/3 2832/6/3 2830/5/3
f 2833/4/3 2834/5/3 2835/2/3
f 2833/4/3 2836/6/3 2834/5/3
f 2837/4/3 2838/5/3 2839/2/3
f 2837/4/3 2840/6/3 2838/5/3
f 2841/4/3 2842/5/3 2843/2/3
f 2841/4/3 2844/6/3 2842/5/3
f 2845/4/3 2846/5/3 2847/2/3
f 2845/4/3 2848/6/3 2846/5/3
f 2849/4/3 2850/5/3 2851/2/3
f 2849/4/3 2852/6/3 2850/5/3
f 2853/4/3 2854/5/3 2855/2/3
f 2853/4/3 2856/6/3 2854/5/3
f 2857/4/3 2858/5/3 2859/2/3
f 2857/4/3 2860/6/3 2858/5/3
f 2861/4/3 2862/5/3 2863/2/3
f 2861/4/3 2864/6/3 2862/5/3
f 2865/4/3 2866/5/3 2867/2/3
f 2865/4/3 2868/6/3 2866/5/3
f 2869/4/3 2870/5/3 2871/2/3
f 2869/4/3 2872/6/3 2870/5/3
f 2873/4/3 2874/5/3 2875/2/3
f 2873/4/3 2876/6/3 2874/5/3
f 2877/4/3 2878/5/3 2879/2/3
f 2877/4/3 2880/6/3 2878/5/3
f 2881/4/3 2882/5/3 2883/2/3
f 2881/4/3 2884/6/3 2882/5/3
f 2885/4/3 2886/5/3 2887/2/3
f 2885/4/3 2888/6/3 2886/5/3
f 2889/4/3 2890/5/3 2891/2/3
f 2889/4/3 2892/6/3 2890/5/3
f 2893/4/3 2894/5/3 2895/2/3
f 2893/4/3 2896/6/3 2894/5/3
f 2897/4/3 2898/5/3 2899/2/3
f 2897/4/3 2900/6/3 2898/5/3
f 2901/4/3 2902/5/3 2903/2/3
f 2901/4/3 2904/6/3 2902/5/3
f 2905/4/3 2906/5/3 2907/2/3
f 2905/4/3 2908/6/3 2906/5/3
f 2909/4/3 2910/5/3 2911/2/3
f 2909/4/3 2912/6/3 2910/5/3
f 2913/4/3 2914/5/3 2915/2/3
f 2913/4/3 2916/6/3 2914/5/3
f 2917/4/3 2918/5/3 2919/2/3
f 2917/4/3 2920/6/3 2918/5/3
f 2921/4/3 2922/5/3 2923/2/3
f 2921/4/3 2924/6/3 2922/5/3
f 2925/4/3 2926/5/3 2927/2/3
f 2925/4/3 2928/6/3 2926/5/3
f 2929/4/4 2930/5/4 2931/2/4
f 2929/4/4 2932/6/4 2930/5/4
f 2933/4/4 2934/5/4 2935/2/4
f 2933/4/4 2936/6/4 2934/5/4
f 2937/4/4 2938/5/4 2939/2/4
f 2937/4/4 2940/6/4 2938/5/4
f 2941/4/4 2942/5/4 2943/2/4
f 2941/4/4 2944/6/4 2942/5/4
f 2945/4/4 2946/5/4 2947/2/4
f 2945/4/4 2948/6/4 2946/5/4
f 2949/4/4 2950/5/4 2951/2/4
f 2949/4/4 2952/6/4 2950/5/4
f 2953/4/4 2954/5/4 2955/2/4
f 2953/4/4 2956/6/4 2954/5/4
f 2957/4/4 2958/5/4 2959/2/4
f 2957/4/4 2960/6/4 2958/5/4
f 2961/4/4 2962/5/4 2963/2/4
f 2961/4/4 2964/6/4 2962/5/4
f 2965/4/4 2966/5/4 2967/2/4
f 2965/4/4 2968/6/4 2966/5/4
f 2969/4/4 2970/5/4 2971/2/4
f 2969/4/4 2972/6/4 2970/5/4
f 2973/4/4 2974/5/4 2975/2/4
f 2973/4/4 2976/6/4 2974/5/4
f 2977/4/4 2978/5/4 2979/2/4
f 2977/4/4 2980/6/4 2978/5/4
f 2981/4/4 2982/5/4 2983/2/4
f 2981/4/4 2984/6/4 2982/5/4
f 2985/4/4 2986/5/4 2987/2/4
f 2985/4/4 2988/6/4 2986/5/4
f 2989/4/4 2990/5/4 2991/2/4
f 2989/4/4 2992/6/4 2990/5/4
f 2993/4/4 2994/5/4 2995/2/4
f 2993/4/4 2996/6/4 2994/5/4
f 2997/4/4 2998/5/4 2999/2/4
f 2997/4/4 3000/6/4 2998/5/4
f 3001/4/4 3002/5/4 3003/2/4
f 3001/4/4 3004/6/4 3002/5/4
f 3005/4/4 3006/5/4 3007/2/4
f 3005/4/4 3008/6/4 3006/5/4
f 3009/4/4 3010/5/4 3011/2/4
f 3009/4/4 3012/6/4 3010/5/4
f 3013/4/4 3014/5/4 3015/2/4
f 3013/4/4 3016/6/4 3014/5/4
f 3017/4/4 3018/5/4 3019/2/4
f 3017/4/4 3020/6/4 3018/5/4
f 3021/4/4 3022/5/4 3023/2/4
f 3021/4/4 3024/6/4 3022/5/4
f 3025/4/4 3026/5/4 3027/2/4
f 3025/4/4 3028/6/4 3026/5/4
f 3029/4/4 3030/5/4 3031/2/4
f 3029/4/4 3032/6/4 3030/5/4
f 3033/4/4 3034/5/4 3035/2/4
f 3033/4/4 3036/6/4 3034/5/4
f 3037/4/4 3038/5/4 3039/2/4
f 3037/4/4 3040/6/4 3038/5/4
f 3041/4/4 3042/5/4 3043/2/4
f 3041/4/4 3044/6/4 3042/5/4
f 3045/4/4 3046/5/4 3047/2/4
f 3045/4/4 3048/6/4 3046/5/4
f 3049/4/4 3050/5/4 3051/2/4
f 3049/4/4 3052/6/4 3050/5/4
f 3053/4/4 3054/5/4 3055/2/4
f 3053/4/4 3056/6/4 3054/5/4
f 3057/4/1 3058/5/1 3059/2/1
f 3057/4/1 3060/6/1 3058/5/1
f 3061/4/1 3062/5/1 3063/2/1
f 3061/4/1 3064/6/1 3062/5/1
f 3065/4/1 3066/5/1 3067/2/1
f 3065/4/1 3068/6/1 3066/5/1
f 3069/4/1 3070/5/1 3071/2/1
f 3069/4/1 3072/6/1 3070/5/1
f 3073/4/1 3074/5/1 3075/2/1
f 3073/4/1 3076/6/1 3074/5/1
f 3077/4/1 3078/5/1 3079/2/1
f 3077/4/1 3080/6/1 3078/5/1
f 3081/4/1 3082/5/1 3083/2/1
f 3081/4/1 3084/6/1 3082/5/1
f 3085/4/1 3086/5/1 3087/2/1
f 3085/4/1 3088/6/1 3086/5/1
f 3089/4/1 3090/5/1 3091/2/1
f 3089/4/1 3092/6/1 3090/5/1
f 3093/4/1 3094/5/1 3095/2/1
f 3093/4/1 3096/6/1 3094/5/1
f 3097/4/1 3098/5/1 3099/2/1
f 3097/4/1 3100/6/1 3098/5/1
f 3101/4/1 3102/5/1 3103/2/1
f 3101/4/1 3104/6/1 3102/5/1
f 3105/4/1 3106/5/1 3107/2/1
f 3105/4/1 3108/6/1 3106/5/1
f 3109/4/1 3110/5/1 3111/2/1
f 3109/4/1 3112/6/1 3110/5/1
f 3113/4/1 3114/5/1 3115/2/1
f 3113/4/1 3116/6/1 3114/5/1
f 3117/4/1 3118/5/1 3119/2/1
f 3117/4/1 3120/6/1 3118/5/1
f 3121/4/1 3122/5/1 3123/2/1
f 3121/4/1 3124/6/1 3122/5/1
f 3125/4/1 3126/5/1 3127/2/1
f 3125/4/1 3128/6/1 3126/5/1
f 3129/4/1 3130/5/1 3131/2/1
f 3129/4/1 3132/6/1 3130/5/1
f 3133/4/1 3134/5/1 3135/2/1
f 3133/4/1 3136/6/1 3134/5/1
f 3137/4/1 3138/5/1 3139/2/1
f 3137/4/1 3140/6/1 3138/5/1
f 3141/4/1 3142/5/1 3143/2/1
f 3141/4/1 3144/6/1 3142/5/1
f 3145/4/1 3146/5/1 3147/2/1
f 3145/4/1 3148/6/1 3146/5/1
f 3149/4/1 3150/5/1 3151/2/1
f 3149/4/1 3152/6/1 3150/5/1
f 3153/4/1 3154/5/1 3155/2/1
f 3153/4/1 3156/6/1 3154/5/1
f 3157/4/1 3158/5/1 3159/2/1
f 3157/4/1 3160/6/1 3158/5/1
f 3161/4/1 3162/5/1 3163/2/1
f 3161/4/1 3164/6/1 3162/5/1
f 3165/4/1 3166/5/1 3167/2/1
f 3165/4/1 3168/6/1 3166/5/1
f 3169/4/1 3170/5/1 3171/2/1
f 3169/4/1 3172/6/1 3170/5/1
f 3173/4/1 3174/5/1 3175/2/1
f 3173/4/1 3176/6/1 3174/5/1
f 3177/4/1 3178/5/1 3179/2/1
f 3177/4/1 3180/6/1 3178/5/1
f 3181/4/1 3182/5/1 3183/2/1
f 3181/4/1 3184/6/1 3182/5/1
f 3185/4/2 3186/5/2 3187/2/2
f 3185/4/2 3188/6/2 3186/5/2
f 3189/4/2 3190/5/2 3191/2/2
f 3189/4/2 3192/6/2 3190/5/2
f 3193/4/2 3194/5/2 3195/2/2
f 3193/4/2 3196/6/2 3194/5/2
f 3197/4/2 3198/5/2 3199/2/2
f 3197/4/2 3200/6/2 3198/5/2
f 3201/4/2 3202/5/2 3203/2/2
f 3201/4/2 3204/6/2 3202/5/2
f 3205/4/2 3206/5/2 3207/2/2
f 3205/4/2 3208/6/2 3206/5/2
f 3209/4/2 3210/5/2 3211/2/2
f 3209/4/2 3212/6/2 3210/5/2
f 3213/4/2 3214/5/2 3215/2/2
f 3213/4/2 3216/6/2 3214/5/2
f 3217/4/2 3218/5/2 3219/2/2
f 3217/4/2 3220/6/2 3218/5/2
f 3221/4/2 3222/5/2 3223/2/2
f 3221/4/2 3224/6/2 3222/5/2
f 3225/4/2 3226/5/2 3227/2/2
f 3225/4/2 3228/6/2 3226/5/2
f 3229/4/2 3230/5/2 3231/2/2
f 3229/4/2 3232/6/2 3230/5/2
f 3233/4/2 3234/5/2 3235/2/2
f 3233/4/2 3236/6/2 3234/5/2
f 3237/4/2 3238/5/2 3239/2/2
f 3237/4/2 3240/6/2 3238/5/2
f 3241/4/2 3242/5/2 3243/2/2
f 3241/4/2 3244/6/2 3242/5/2
f 3245/4/2 3246/5/2 3247/2/2
f 3245/4/2 3248/6/2 3246/5/2
f 3249/4/2 3250/5/2 3251/2/2
f 3249/4/2 3252/6/2 3250/5/2
f 3253/4/2 3254/5/2 3255/2/2
f 3253/4/2 3256/6/2 3254/5/2
f 3257/4/2 3258/5/2 3259/2/2
f 3257/4/2 3260/6/2 3258/5/2
f 3261/4/2 3262/5/2 3263/2/2
f 3261/4/2 3264/6/2 3262/5/2
f 3265/4/2 3266/5/2 3267/2/2
f 3265/4/2 3268/6/2 3266/5/2
f 3269/4/2 3270/5/2 3271/2/2
f 3269/4/2 3272/6/2 3270/5/2
f 3273/4/2 3274/5/2 3275/2/2
f 3273/4/2 3276/6/2 3274/5/2
f 3277/4/2 3278/5/2 3279/2/2
f 3277/4/2 3280/6/2 3278/5/2
f 3281/4/2 3282/5/2 3283/2/2
f 3281/4/2 3284/6/2 3282/5/2
f 3285/4/2 3286/5/2 3287/2/2
f 3285/4/2 3288/6/2 3286/5/2
f 3289/4/2 3290/5/2 3291/2/2
f 3289/4/2 3292/6/2 3290/5/2
f 3293/4/2 3294/5/2 3295/2/2
f 3293/4/2 3296/6/2 3294/5/2
f 3297/4/2 3298/5/2 3299/2/2
f 3297/4/2 3300/6/2 3298/5/2
f 3301/4/2 3302/5/2 3303/2/2
f 3301/4/2 3304/6/2 3302/5/2
f 3305/4/2 3306/5/2 3307/2/2
f 3305/4/2 3308/6/2 3306/5/2
f 3309/4/2 3310/5/2 3311/2/2
f 3309/4/2 3312/6/2 3310/5/2
f 3313/1/4 3314/2/4 3315/3/4
f 3313/1/4 3316/4/4 3314/2/4
f 3317/1/4 3318/2/4 3319/3/4
f 3317/1/4 3320/4/4 3318/2/4
f 3321/1/4 3322/2/4 3323/3/4
f 3321/1/4 3324/4/4 3322/2/4
f 3325/1/4 3326/2/4 3327/3/4
f 3325/1/4 3328/4/4 3326/2/4
f 3329/1/4 3330/2/4 3331/3/4
f 3329/1/4 3332/4/4 3330/2/4
f 3333/1/4 3334/2/4 3335/3/4
f 3333/1/4 3336/4/4 3334/2/4
f 3337/1/4 3338/2/4 3339/3/4
f 3337/1/4 3340/4/4 3338/2/4
f 3341/1/4 3342/2/4 3343/3/4
f 3341/1/4 3344/4/4 3342/2/4
f 3345/1/4 3346/2/4 3347/3/4
f 3345/1/4 3348/4/4 3346/2/4
f 3349/1/4 3350/2/4 3351/3/4
f 3349/1/4 3352/4/4 3350/2/4
f 3353/1/4 3354/2/4 3355/3/4
f 3353/1/4 3356/4/4 3354/2/4
f 3357/1/4 3358/2/4 3359/3/4
f 3357/1/4 3360/4/4 3358/2/4
f 3361/1/4 3362/2/4 3363/3/4
f 3361/1/4 3364/4/4 3362/2/4
f 3365/1/4 3366/2/4 3367/3/4
f 3365/1/4 3368/4/4 3366/2/4
f 3369/1/4 3370/2/4 3371/3/4
f 3369/1/4 3372/4/4 3370/2/4
f 3373/1/4 3374/2/4 3375/3/4
f 3373/1/4 3376/4/4 3374/2/4
f 3377/1/4 3378/2/4 3379/3/4
f 3377/1/4 3380/4/4 3378/2/4
f 3381/1/4 3382/2/4 3383/3/4
f 3381/1/4 3384/4/4 3382/2/4
f 3385/1/4 3386/2/4 3387/3/4
f 3385/1/4 3388/4/4 3386/2/4
f 3389/1/4 3390/2/4 3391/3/4
f 3389/1/4 3392/4/4 3390/2/4
f 3393/1/4 3394/2/4 3395/3/4
f 3393/1/4 3396/4/4 3394/2/4
f 3397/1/4 3398/2/4 3399/3/4
f 3397/1/4 3400/4/4 3398/2/4
f 3401/1/4 3402/2/4 3403/3/4
f 3401/1/4 3404/4/4 3402/2/4
f 3405/1/4 3406/2/4 3407/3/4
f 3405/1/4 3408/4/4 3406/2/4
f 3409/1/4 3410/2/4 3411/3/4
f 3409/1/4 3412/4/4 3410/2/4
f 3413/1/4 3414/2/4 3415/3/4
f 3413/1/4 3416/4/4 3414/2/4
f 3417/1/4 3418/2/4 3419/3/4
f 3417/1/4 3420/4/4 3418/2/4
f 3421/1/4 3422/2/4 3423/3/4
f 3421/1/4 3424/4/4 3422/2/4
f 3425/1/4 3426/2/4 3427/3/4
f 3425/1/4 3428/4/4 3426/2/4
f 3429/1/4 3430/2/4 3431/3/4
f 3429/1/4 3432/4/4 3430/2/4
f 3433/1/4 3434/2/4 3435/3/4
f 3433/1/4 3436/4/4 3434/2/4
f 3437/1/4 3438/2/4 3439/3/4
f 3437/1/4 3440/4/4 3438/2/4
f 3441/1/4 3442/2/4 3443/3/4
f 3441/1/4 3444/4/4 3442/2/4
f 3445/1/4 3446/2/4 3447/3/4
f 3445/1/4 3448/4/4 3446/2/4
f 3449/1/4 3450/2/4 3451/3/4
f 3449/1/4 3452/4/4 3450/2/4
f 3453/1/4 3454/2/4 3455/3/4
f 3453/1/4 3456/4/4 3454/2/4
f 3457/1/4 3458/2/4 3459/3/4
f 3457/1/4 3460/4/4 3458/2/4
f 3461/1/4 3462/2/4 3463/3/4
f 3461/1/4 3464/4/4 3462/2/4
f 3465/1/4 3466/2/4 3467/3/4
f 3465/1/4 3468/4/4 3466/2/4
f 3469/1/4 3470/2/4 3471/3/4
f 3469/1/4 3472/4/4 3470/2/4
f 3473/1/4 3474/2/4 3475/3/4
f 3473/1/4 3476/4/4 3474/2/4
f 3477/1/4 3478/2/4 3479/3/4
f 3477/1/4 3480/4/4 3478/2/4
f 3481/1/4 3482/2/4 3483/3/4
f 3481/1/4 3484/4/4 3482/2/4
f 3485/1/4 3486/2/4 3487/3/4
f 3485/1/4 3488/4/4 3486/2/4
f 3489/1/4 3490/2/4 3491/3/4
f 3489/1/4 3492/4/4 3490/2/4
f 3493/1/4 3494/2/4 3495/3/4
f 3493/1/4 3496/4/4 3494/2/4
f 3497/1/4 3498/2/4 3499/3/4
f 3497/1/4 3500/4/4 3498/2/4
f 3501/1/4 3502/2/4 3503/3/4
f 3501/1/4 3504/4/4 3502/2/4
f 3505/1/4 3506/2/4 3507/3/4
f 3505/1/4 3508/4/4 3506/2/4
f 3509/1/4 3510/2/4 3511/3/4
f 3509/1/4 3512/4/4 3510/2/4
f 3513/1/4 3514/2/4 3515/3/4
f 3513/1/4 3516/4/4 3514/2/4
f 3517/1/4 3518/2/4 3519/3/4
f 3517/1/4 3520/4/4 3518/2/4
f 3521/1/4 3522/2/4 3523/3/4
f 3521/1/4 3524/4/4 3522/2/4
f 3525/1/4 3526/2/4 3527/3/4
f 3525/1/4 3528/4/4 3526/2/4
f 3529/1/4 3530/2/4 3531/3/4
f 3529/1/4 3532/4/4 3530/2/4
f 3533/1/4 3534/2/4 3535/3/4
f 3533/1/4 3536/4/4 3534/2/4
f 3537/1/4 3538/2/4 3539/3/4
f 3537/1/4 3540/4/4 3538/2/4
f 3541/1/4 3542/2/4 3543/3/4
f 3541/1/4 3544/4/4 3542/2/4
f 3545/1/4 3546/2/4 3547/3/4
f 3545/1/4 3548/4/4 3546/2/4
f 3549/1/4 3550/2/4 3551/3/4
f 3549/1/4 3552/4/4 3550/2/4
f 3553/1/4 3554/2/4 3555/3/4
f 3553/1/4 3556/4/4 3554/2/4
f 3557/1/4 3558/2/4 3559/3/4
f 3557/1/4 3560/4/4 3558/2/4
f 3561/1/4 3562/2/4 3563/3/4
f 3561/1/4 3564/4/4 3562/2/4
f 3565/1/4 3566/2/4 3567/3/4
f 3565/1/4 3568/4/4 3566/2/4
f 3569/1/4 3570/2/4 3571/3/4
f 3569/1/4 3572/4/4 3570/2/4
f 3573/1/4 3574/2/4 3575/3/4
f 3573/1/4 3576/4/4 3574/2/4
f 3577/1/4 3578/2/4 3579/3/4
f 3577/1/4 3580/4/4 3578/2/4
f 3581/1/4 3582/2/4 3583/3/4
f 3581/1/4 3584/4/4 3582/2/4
f 3585/1/4 3586/2/4 3587/3/4
f 3585/1/4 3588/4/4 3586/2/4
f 3589/1/4 3590/2/4 3591/3/4
f 3589/1/4 3592/4/4 3590/2/4
f 3593/1/4 3594/2/4 3595/3/4
f 3593/1/4 3596/4/4 3594/2/4
f 3597/1/4 3598/2/4 3599/3/4
f 3597/1/4 3600/4/4 3598/2/4
f 3601/1/4 3602/2/4 3603/3/4
f 3601/1/4 3604/4/4 3602/2/4
f 3605/1/4 3606/2/4 3607/3/4
f 3605/1/4 3608/4/4 3606/2/4
f 3609/1/4 3610/2/4 3611/3/4
f 3609/1/4 3612/4/4 3610/2/4
f 3613/1/4 3614/2/4 3615/3/4
f 3613/1/4 3616/4/4 3614/2/4
f 3617/1/4 3618/2/4 3619/3/4
f 3617/1/4 3620/4/4 3618/2/4
f 3621/1/4 3622/2/4 3623/3/4
f 3621/1/4 3624/4/4 3622/2/4
f 3625/1/4 3626/2/4 3627/3/4
f 3625/1/4 3628/4/4 3626/2/4
f 3629/1/4 3630/2/4 3631/3/4
f 3629/1/4 3632/4/4 3630/2/4
f 3633/1/4 3634/2/4 3635/3/4
f 3633/1/4 3636/4/4 3634/2/4
f 3637/1/4 3638/2/4 3639/3/4
f 3637/1/4 3640/4/4 3638/2/4
f 3641/1/4 3642/2/4 3643/3/4
f 3641/1/4 3644/4/4 3642/2/4
f 3645/1/4 3646/2/4 3647/3/4
f 3645/1/4 3648/4/4 3646/2/4
f 3649/1/4 3650/2/4 3651/3/4
f 3649/1/4 3652/4/4 3650/2/4
f 3653/1/4 3654/2/4 3655/3/4
f 3653/1/4 3656/4/4 3654/2/4
f 3657/1/4 3658/2/4 3659/3/4
f 3657/1/4 3660/4/4 3658/2/4
f 3661/1/4 3662/2/4 3663/3/4
f 3661/1/4 3664/4/4 3662/2/4
f 3665/1/4 3666/2/4 3667/3/4
f 3665/1/4 3668/4/4 3666/2/4
f 3669/1/4 3670/2/4 3671/3/4
f 3669/1/4 3672/4/4 3670/2/4
f 3673/1/4 3674/2/4 3675/3/4
f 3673/1/4 3676/4/4 3674/2/4
f 3677/1/4 3678/2/4 3679/3/4
f 3677/1/4 3680/4/4 3678/2/4
f 3681/1/4 3682/2/4 3683/3/4
f 3681/1/4 3684/4/4 3682/2/4
f 3685/1/4 3686/2/4 3687/3/4
f 3685/1/4 3688/4/4 3686/2/4
f 3689/1/4 3690/2/4 3691/3/4
f 3689/1/4 3692/4/4 3690/2/4
f 3693/1/4 3694/2/4 3695/3/4
f 3693/1/4 3696/4/4 3694/2/4
f 3697/1/4 3698/2/4 3699/3/4
f 3697/1/4 3700/4/4 3698/2/4
f 3701/1/4 3702/2/4 3703/3/4
f 3701/1/4 3704/4/4 3702/2/4
f 3705/1/4 3706/2/4 3707/3/4
f 3705/1/4 3708/4/4 3706/2/4
f 3709/1/4 3710/2/4 3711/3/4
f 3709/1/4 3712/4/4 3710/2/4
f 3713/1/4 3714/2/4 3715/3/4
f 3713/1/4 3716/4/4 3714/2/4
f 3717/1/4 3718/2/4 3719/3/4
f 3717/1/4 3720/4/4 3718/2/4
f 3721/1/4 3722/2/4 3723/3/4
f 3721/1/4 3724/4/4 3722/2/4
f 3725/1/4 3726/2/4 3727/3/4
f 3725/1/4 3728/4/4 3726/2/4
f 3729/1/4 3730/2/4 3731/3/4
f 3729/1/4 3732/4/4 3730/2/4
f 3733/1/4 3734/2/4 3735/3/4
f 3733/1/4 3736/4/4 3734/2/4
f 3737/1/4 3738/2/4 3739/3/4
f 3737/1/4 3740/4/4 3738/2/4
f 3741/1/4 3742/2/4 3743/3/4
f 3741/1/4 3744/4/4 3742/2/4
f 3745/1/4 3746/2/4 3747/3/4
f 3745/1/4 3748/4/4 3746/2/4
f 3749/1/4 3750/2/4 3751/3/4
f 3749/1/4 3752/4/4 3750/2/4
f 3753/1/4 3754/2/4 3755/3/4
f 3753/1/4 3756/4/4 3754/2/4
f 3757/1/4 3758/2/4 3759/3/4
f 3757/1/4 3760/4/4 3758/2/4
f 3761/1/1 3762/2/1 3763/3/1
f 3761/1/1 3764/4/1 3762/2/1
f 3765/1/1 3766/2/1 3767/3/1
f 3765/1/1 3768/4/1 3766/2/1
f 3769/1/1 3770/2/1 3771/3/1
f 3769/1/1 3772/4/1 3770/2/1
f 3773/1/1 3774/2/1 3775/3/1
f 3773/1/1 3776/4/1 3774/2/1
f 3777/1/1 3778/2/1 3779/3/1
f 3777/1/1 3780/4/1 3778/2/1
f 3781/1/1 3782/2/1 3783/3/1
f 3781/1/1 3784/4/1 3782/2/1
f 3785/1/1 3786/2/1 3787/3/1
f 3785/1/1 3788/4/1 3786/2/1
f 3789/1/1 3790/2/1 3791/3/1
f 3789/1/1 3792/4/1 3790/2/1
f 3793/1/1 3794/2/1 3795/3/1
f 3793/1/1 3796/4/1 3794/2/1
f 3797/1/1 3798/2/1 3799/3/1
f 3797/1/1 3800/4/1 3798/2/1
f 3801/1/1 3802/2/1 3803/3/1
f 3801/1/1 3804/4/1 3802/2/1
f 3805/1/1 3806/2/1 3807/3/1
f 3805/1/1 3808/4/1 3806/2/1
f 3809/1/1 3810/2/1 3811/3/1
f 3809/1/1 3812/4/1 3810/2/1
f 3813/1/1 3814/2/1 3815/3/1
f 3813/1/1 3816/4/1 3814/2/1
f 3817/1/1 3818/2/1 3819/3/1
f 3817/1/1 3820/4/1 3818/2/1
f 3821/1/1 3822/2/1 3823/3/1
f 3821/1/1 3824/4/1 3822/2/1
f 3825/1/1 3826/2/1 3827/3/1
f 3825/1/1 3828/4/1 3826/2/1
f 3829/1/1 3830/2/1 3831/3/1
f 3829/1/1 3832/4/1 3830/2/1
f 3833/1/1 3834/2/1 3835/3/1
f 3833/1/1 3836/4/1 3834/2/1
f 3837/1/1 3838/2/1 3839/3/1
f 3837/1/1 3840/4/1 3838/2/1
f 3841/1/1 3842/2/1 3843/3/1
f 3841/1/1 3844/4/1 3842/2/1
f 3845/1/1 3846/2/1 3847/3/1
f 3845/1/1 3848/4/1 3846/2/1
f 3849/1/1 3850/2/1 3851/3/1
f 3849/1/1 3852/4/1 3850/2/1
f 3853/1/1 3854/2/1 3855/3/1
f 3853/1/1 3856/4/1 3854/2/1
f 3857/1/1 3858/2/1 3859/3/1
f 3857/1/1 3860/4/1 3858/2/1
f 3861/1/1 3862/2/1 3863/3/1
f 3861/1/1 3864/4/1 3862/2/1
f 3865/1/1 3866/2/1 3867/3/1
f 3865/1/1 3868/4/1 3866/2/1
f 3869/1/1 3870/2/1 3871/3/1
f 3869/1/1 3872/4/1 3870/2/1
f 3873/1/1 3874/2/1 3875/3/1
f 3873/1/1 3876/4/1 3874/2/1
f 3877/1/1 3878/2/1 3879/3/1
f 3877/1/1 3880/4/1 3878/2/1
f 3881/1/1 3882/2/1 3883/3/1
f 3881/1/1 3884/4/1 3882/2/1
f 3885/1/1 3886/2/1 3887/3/1
f 3885/1/1 3888/4/1 3886/2/1
f 3889/1/1 3890/2/1 3891/3/1
f 3889/1/1 3892/4/1 3890/2/1
f 3893/1/1 3894/2/1 3895/3/1
f 3893/1/1 3896/4/1 3894/2/1
f 3897/1/1 3898/2/1 3899/3/1
f 3897/1/1 3900/4/1 3898/2/1
f 3901/1/1 3902/2/1 3903/3/1
f 3901/1/1 3904/4/1 3902/2/1
f 3905/1/1 3906/2/1 3907/3/1
f 3905/1/1 3908/4/1 3906/2/1
f 3909/1/1 3910/2/1 3911/3/1
f 3909/1/1 3912/4/1 3910/2/1
f 3913/1/1 3914/2/1 3915/3/1
f 3913/1/1 3916/4/1 3914/2/1
f 3917/1/1 3918/2/1 3919/3/1
f 3917/1/1 3920/4/1 3918/2/1
f 3921/1/1 3922/2/1 3923/3/1
f 3921/1/1 3924/4/1 3922/2/1
f 3925/1/1 3926/2/1 3927/3/1
f 3925/1/1 3928/4/1 3926/2/1
f 3929/1/1 3930/2/1 3931/3/1
f 3929/1/1 3932/4/1 3930/2/1
f 3933/1/1 3934/2/1 3935/3/1
f 3933/1/1 3936/4/1 3934/2/1
f 3937/1/1 3938/2/1 3939/3/1
f 3937/1/1 3940/4/1 3938/2/1
f 3941/1/1 3942/2/1 3943/3/1
f 3941/1/1 3944/4/1 3942/2/1
f 3945/1/1 3946/2/1 3947/3/1
f 3945/1/1 3948/4/1 3946/2/1
f 3949/1/1 3950/2/1 3951/3/1
f 3949/1/1 3952/4/1 3950/2/1
f 3953/1/1 3954/2/1 3955/3/1
f 3953/1/1 3956/4/1 3954/2/1
f 3957/1/1 3958/2/1 3959/3/1
f 3957/1/1 3960/4/1 3958/2/1
f 3961/1/1 3962/2/1 3963/3/1
f 3961/1/1 3964/4/1 3962/2/1
f 3965/1/1 3966/2/1 3967/3/1
f 3965/1/1 3968/4/1 3966/2/1
f 3969/1/1 3970/2/1 3971/3/1
f 3969/1/1 3972/4/1 3970/2/1
f 3973/1/1 3974/2/1 3975/3/1
f 3973/1/1 3976/4/1 3974/2/1
f 3977/1/1 3978/2/1 3979/3/1
f 3977/1/1 3980/4/1 3978/2/1
f 3981/1/1 3982/2/1 3983/3/1
f 3981/1/1 3984/4/1 3982/2/1
f 3985/1/1 3986/2/1 3987/3/1
f 3985/1/1 3988/4/1 3986/2/1
f 3989/1/1 3990/2/1 3991/3/1
f 3989/1/1 3992/4/1 3990/2/1
f 3993/1/1 3994/2/1 3995/3/1
f 3993/1/1 3996/4/1 3994/2/1
f 3997/1/1 3998/2/1 3999/3/1
f 3997/1/1 4000/4/1 3998/2/1
f 4001/1/1 4002/2/1 4003/3/1
f 4001/1/1 4004/4/1 4002/2/1
f 4005/1/1 4006/2/1 4007/3/1
f 4005/1/1 4008/4/1 4006/2/1
f 4009/1/1 4010/2/1 4011/3/1
f 4009/1/1 4012/4/1 4010/2/1
f 4013/1/1 4014/2/1 4015/3/1
f 4013/1/1 4016/4/1 4014/2/1
f 4017/1/1 4018/2/1 4019/3/1
f 4017/1/1 4020/4/1 4018/2/1
f 4021/1/1 4022/2/1 4023/3/1
f 4021/1/1 4024/4/1 4022/2/1
f 4025/1/1 4026/2/1 4027/3/1
f 4025/1/1 4028/4/1 4026/2/1
f 4029/1/1 4030/2/1 4031/3/1
f 4029/1/1 4032/4/1 4030/2/1
f 4033/1/1 4034/2/1 4035/3/1
f 4033/1/1 4036/4/1 4034/2/1
f 4037/1/1 4038/2/1 4039/3/1
f 4037/1/1 4040/4/1 4038/2/1
f 4041/1/1 4042/2/1 4043/3/1
f 4041/1/1 4044/4/1 4042/2/1
f 4045/1/1 4046/2/1 4047/3/1
f 4045/1/1 4048/4/1 4046/2/1
f 4049/1/1 4050/2/1 4051/3/1
f 4049/1/1 4052/4/1 4050/2/1
f 4053/1/1 4054/2/1 4055/3/1
f 4053/1/1 4056/4/1 4054/2/1
f 4057/1/1 4058/2/1 4059/3/1
f 4057/1/1 4060/4/1 4058/2/1
f 4061/1/1 4062/2/1 4063/3/1
f 4061/1/1 4064/4/1 4062/2/1
f 4065/1/1 4066/2/1 4067/3/1
f 4065/1/1 4068/4/1 4066/2/1
f 4069/1/1 4070/2/1 4071/3/1
f 4069/1/1 4072/4/1 4070/2/1
f 4073/1/1 4074/2/1 4075/3/1
f 4073/1/1 4076/4/1 4074/2/1
f 4077/1/1 4078/2/1 4079/3/1
f 4077/1/1 4080/4/1 4078/2/1
f 4081/1/1 4082/2/1 4083/3/1
f 4081/1/1 4084/4/1 4082/2/1
f 4085/1/1 4086/2/1 4087/3/1
f 4085/1/1 4088/4/1 4086/2/1
f 4089/1/1 4090/2/1 4091/3/1
f 4089/1/1 4092/4/1 4090/2/1
f 4093/1/1 4094/2/1 4095/3/1
f 4093/1/1 4096/4/1 4094/2/1
f 4097/1/1 4098/2/1 4099/3/1
f 4097/1/1 4100/4/1 4098/2/1
f 4101/1/1 4102/2/1 4103/3/1
f 4101/1/1 4104/4/1 4102/2/1
f 4105/1/1 4106/2/1 4107/3/1
f 4105/1/1 4108/4/1 4106/2/1
f 4109/1/1 4110/2/1 4111/3/1
f 4109/1/1 4112/4/1 4110/2/1
f 4113/1/1 4114/2/1 4115/3/1
f 4113/1/1 4116/4/1 4114/2/1
f 4117/1/1 4118/2/1 4119/3/1
f 4117/1/1 4120/4/1 4118/2/1
f 4121/1/1 4122/2/1 4123/3/1
f 4121/1/1 4124/4/1 4122/2/1
f 4125/1/1 4126/2/1 4127/3/1
f 4125/1/1 4128/4/1 4126/2/1
f 4129/1/1 4130/2/1 4131/3/1
f 4129/1/1 4132/4/1 4130/2/1
f 4133/1/1 4134/2/1 4135/3/1
f 4133/1/1 4136/4/1 4134/2/1
f 4137/1/1 4138/2/1 4139/3/1
f 4137/1/1 4140/4/1 4138/2/1
f 4141/1/1 4142/2/1 4143/3/1
f 4141/1/1 4144/4/1 4142/2/1
f 4145/1/1 4146/2/1 4147/3/1
f 4145/1/1 4148/4/1 4146/2/1
f 4149/1/1 4150/2/1 4151/3/1
f 4149/1/1 4152/4/1 4150/2/1
f 4153/1/1 4154/2/1 4155/3/1
f 4153/1/1 4156/4/1 4154/2/1
f 4157/1/1 4158/2/1 4159/3/1
f 4157/1/1 4160/4/1 4158/2/1
f 4161/1/1 4162/2/1 4163/3/1
f 4161/1/1 4164/4/1 4162/2/1
f 4165/1/1 4166/2/1 4167/3/1
f 4165/1/1 4168/4/1 4166/2/1
f 4169/1/1 4170/2/1 4171/3/1
f 4169/1/1 4172/4/1 4170/2/1
f 4173/1/1 4174/2/1 4175/3/1
f 4173/1/1 4176/4/1 4174/2/1
f 4177/1/1 4178/2/1 4179/3/1
f 4177/1/1 4180/4/1 4178/2/1
f 4181/1/1 4182/2/1 4183/3/1
f 4181/1/1 4184/4/1 4182/2/1
f 4185/1/1 4186/2/1 4187/3/1
f 4185/1/1 4188/4/1 4186/2/1
f 4189/1/1 4190/2/1 4191/3/1
f 4189/1/1 4192/4/1 4190/2/1
f 4193/1/1 4194/2/1 4195/3/1
f 4193/1/1 4196/4/1 4194/2/1
f 4197/1/1 4198/2/1 4199/3/1
f 4197/1/1 4200/4/1 4198/2/1
f 4201/1/1 4202/2/1 4203/3/1
f 4201/1/1 4204/4/1 4202/2/1
f 4205/1/1 4206/2/1 4207/3/1
f 4205/1/1 4208/4/1 4206/2/1
f 4209/1/2 4210/2/2 4211/3/2
f 4209/1/2 4212/4/2 4210/2/2
f 4213/1/2 4214/2/2 4215/3/2
f 4213/1/2 4216/4/2 4214/2/2
f 4217/1/2 4218/2/2 4219/3/2
f 4217/1/2 4220/4/2 4218/2/2
f 4221/1/2 4222/2/2 4223/3/2
f 4221/1/2 4224/4/2 4222/2/2
f 4225/1/2 4226/2/2 4227/3/2
f 4225/1/2 4228/4/2 4226/2/2
f 4229/1/2 4230/2/2 4231/3/2
f 4229/1/2 4232/4/2 4230/2/2
f 4233/1/2 4234/2/2 4235/3/2
f 4233/1/2 4236/4/2 4234/2/2
f 4237/1/2 4238/2/2 4239/3/2
f 4237/1/2 4240/4/2 4238/2/2
f 4241/1/2 4242/2/2 4243/3/2
f 4241/1/2 4244/4/2 4242/2/2
f 4245/1/2 4246/2/2 4247/3/2
f 4245/1/2 4248/4/2 4246/2/2
f 4249/1/2 4250/2/2 4251/3/2
f 4249/1/2 4252/4/2 4250/2/2
f 4253/1/2 4254/2/2 4255/3/2
f 4253/1/2 4256/4/2 4254/2/2
f 4257/1/2 4258/2/2 4259/3/2
f 4257/1/2 4260/4/2 4258/2/2
f 4261/1/2 4262/2/2 4263/3/2
f 4261/1/2 4264/4/2 4262/2/2
f 4265/1/2 4266/2/2 4267/3/2
f 4265/1/2 4268/4/2 4266/2/2
f 4269/1/2 4270/2/2 4271/3/2
f 4269/1/2 4272/4/2 4270/2/2
f 4273/1/2 4274/2/2 4275/3/2
f 4273/1/2 4276/4/2 4274/2/2
f 4277/1/2 4278/2/2 4279/3/2
f 4277/1/2 4280/4/2 4278/2/2
f 4281/1/2 4282/2/2 4283/3/2
f 4281/1/2 4284/4/2 4282/2/2
f 4285/1/2 4286/2/2 4287/3/2
f 4285/1/2 4288/4/2 4286/2/2
f 4289/1/2 4290/2/2 4291/3/2
f 4289/1/2 4292/4/2 4290/2/2
f 4293/1/2 4294/2/2 4295/3/2
f 4293/1/2 4296/4/2 4294/2/2
f 4297/1/2 4298/2/2 4299/3/2
f 4297/1/2 4300/4/2 4298/2/2
f 4301/1/2 4302/2/2 4303/3/2
f 4301/1/2 4304/4/2 4302/2/2
f 4305/1/2 4306/2/2 4307/3/2
f 4305/1/2 4308/4/2 4306/2/2
f 4309/1/2 4310/2/2 4311/3/2
f 4309/1/2 4312/4/2 4310/2/2
f 4313/1/2 4314/2/2 4315/3/2
f 4313/1/2 4316/4/2 4314/2/2
f 4317/1/2 4318/2/2 4319/3/2
f 4317/1/2 4320/4/2 4318/2/2
f 4321/1/2 4322/2/2 4323/3/2
f 4321/1/2 4324/4/2 4322/2/2
f 4325/1/2 4326/2/2 4327/3/2
f 4325/1/2 4328/4/2 4326/2/2
f 4329/1/2 4330/2/2 4331/3/2
f 4329/1/2 4332/4/2 4330/2/2
f 4333/1/2 4334/2/2 4335/3/2
f 4333/1/2 4336/4/2 4334/2/2
f 4337/1/2 4338/2/2 4339/3/2
f 4337/1/2 4340/4/2 4338/2/2
f 4341/1/2 4342/2/2 4343/3/2
f 4341/1/2 4344/4/2 4342/2/2
f 4345/1/2 4346/2/2 4347/3/2
f 4345/1/2 4348/4/2 4346/2/2
f 4349/1/2 4350/2/2 4351/3/2
f 4349/1/2 4352/4/2 4350/2/2
f 4353/1/2 4354/2/2 4355/3/2
f 4353/1/2 4356/4/2 4354/2/2
f 4357/1/2 4358/2/2 4359/3/2
f 4357/1/2 4360/4/2 4358/2/2
f 4361/1/2 4362/2/2 4363/3/2
f 4361/1/2 4364/4/2 4362/2/2
f 4365/1/2 4366/2/2 4367/3/2
f 4365/1/2 4368/4/2 4366/2/2
f 4369/1/2 4370/2/2 4371/3/2
f 4369/1/2 4372/4/2 4370/2/2
f 4373/1/2 4374/2/2 4375/3/2
f 4373/1/2 4376/4/2 4374/2/2
f 4377/1/2 4378/2/2 4379/3/2
f 4377/1/2 4380/4/2 4378/2/2
f 4381/1/2 4382/2/2 4383/3/2
f 4381/1/2 4384/4/2 4382/2/2
f 4385/1/2 4386/2/2 4387/3/2
f 4385/1/2 4388/4/2 4386/2/2
f 4389/1/2 4390/2/2 4391/3/2
f 4389/1/2 4392/4/2 4390/2/2
f 4393/1/2 4394/2/2 4395/3/2
f 4393/1/2 4396/4/2 4394/2/2
f 4397/1/2 4398/2/2 4399/3/2
f 4397/1/2 4400/4/2 4398/2/2
f 4401/1/2 4402/2/2 4403/3/2
f 4401/1/2 4404/4/2 4402/2/2
f 4405/1/2 4406/2/2 4407/3/2
f 4405/1/2 4408/4/2 4406/2/2
f 4409/1/2 4410/2/2 4411/3/2
f 4409/1/2 4412/4/2 4410/2/2
f 4413/1/2 4414/2/2 4415/3/2
f 4413/1/2 4416/4/2 4414/2/2
f 4417/1/2 4418/2/2 4419/3/2
f 4417/1/2 4420/4/2 4418/2/2
f 4421/1/2 4422/2/2 4423/3/2
f 4421/1/2 4424/4/2 4422/2/2
f 4425/1/2 4426/2/2 4427/3/2
f 4425/1/2 4428/4/2 4426/2/2
f 4429/1/2 4430/2/2 4431/3/2
f 4429/1/2 4432/4/2 4430/2/2
f 4433/1/2 4434/2/2 4435/3/2
f 4433/1/2 4436/4/2 4434/2/2
f 4437/1/2 4438/2/2 4439/3/2
f 4437/1/2 4440/4/2 4438/2/2
f 4441/1/2 4442/2/2 4443/3/2
f 4441/1/2 4444/4/2 4442/2/2
f 4445/1/2 4446/2/2 4447/3/2
f 4445/1/2 4448/4/2 4446/2/2
f 4449/1/2 4450/2/2 4451/3/2
f 4449/1/2 4452/4/2 4450/2/2
f 4453/1/2 4454/2/2 4455/3/2
f 4453/1/2 4456/4/2 4454/2/2
f 4457/1/2 4458/2/2 4459/3/2
f 4457/1/2 4460/4/2 4458/2/2
f 4461/1/2 4462/2/2 4463/3/2
f 4461/1/2 4464/4/2 4462/2/2
f 4465/1/2 4466/2/2 4467/3/2
f 4465/1/2 4468/4/2 4466/2/2
f 4469/1/2 4470/2/2 4471/3/2
f 4469/1/2 4472/4/2 4470/2/2
f 4473/1/2 4474/2/2 4475/3/2
f 4473/1/2 4476/4/2 4474/2/2
f 4477/1/2 4478/2/2 4479/3/2
f 4477/1/2 4480/4/2 4478/2/2
f 4481/1/2 4482/2/2 4483/3/2
f 4481/1/2 4484/4/2 4482/2/2
f 4485/1/2 4486/2/2 4487/3/2
f 4485/1/2 4488/4/2 4486/2/2
f 4489/1/2 4490/2/2 4491/3/2
f 4489/1/2 4492/4/2 4490/2/2
f 4493/1/2 4494/2/2 4495/3/2
f 4493/1/2 4496/4/2 4494/2/2
f 4497/1/2 4498/2/2 4499/3/2
f 4497/1/2 4500/4/2 4498/2/2
f 4501/1/2 4502/2/2 4503/3/2
f 4501/1/2 4504/4/2 4502/2/2
f 4505/1/2 4506/2/2 4507/3/2
f 4505/1/2 4508/4/2 4506/2/2
f 4509/1/2 4510/2/2 4511/3/2
f 4509/1/2 4512/4/2 4510/2/2
f 4513/1/2 4514/2/2 4515/3/2
f 4513/1/2 4516/4/2 4514/2/2
f 4517/1/2 4518/2/2 4519/3/2
f 4517/1/2 4520/4/2 4518/2/2
f 4521/1/2 4522/2/2 4523/3/2
f 4521/1/2 4524/4/2 4522/2/2
f 4525/1/2 4526/2/2 4527/3/2
f 4525/1/2 4528/4/2 4526/2/2
f 4529/1/2 4530/2/2 4531/3/2
f 4529/1/2 4532/4/2 4530/2/2
f 4533/1/2 4534/2/2 4535/3/2
f 4533/1/2 4536/4/2 4534/2/2
f 4537/1/2 4538/2/2 4539/3/2
f 4537/1/2 4540/4/2 4538/2/2
f 4541/1/2 4542/2/2 4543/3/2
f 4541/1/2 4544/4/2 4542/2/2
f 4545/1/2 4546/2/2 4547/3/2
f 4545/1/2 4548/4/2 4546/2/2
f 4549/1/2 4550/2/2 4551/3/2
f 4549/1/2 4552/4/2 4550/2/2
f 4553/1/2 4554/2/2 4555/3/2
f 4553/1/2 4556/4/2 4554/2/2
f 4557/1/2 4558/2/2 4559/3/2
f 4557/1/2 4560/4/2 4558/2/2
f 4561/1/2 4562/2/2 4563/3/2
f 4561/1/2 4564/4/2 4562/2/2
f 4565/1/2 4566/2/2 4567/3/2
f 4565/1/2 4568/4/2 4566/2/2
f 4569/1/2 4570/2/2 4571/3/2
f 4569/1/2 4572/4/2 4570/2/2
f 4573/1/2 4574/2/2 4575/3/2
f 4573/1/2 4576/4/2 4574/2/2
f 4577/1/2 4578/2/2 4579/3/2
f 4577/1/2 4580/4/2 4578/2/2
f 4581/1/2 4582/2/2 4583/3/2
f 4581/1/2 4584/4/2 4582/2/2
f 4585/1/2 4586/2/2 4587/3/2
f 4585/1/2 4588/4/2 4586/2/2
f 4589/1/2 4590/2/2 4591/3/2
f 4589/1/2 4592/4/2 4590/2/2
f 4593/1/2 4594/2/2 4595/3/2
f 4593/1/2 4596/4/2 4594/2/2
f 4597/1/2 4598/2/2 4599/3/2
f 4597/1/2 4600/4/2 4598/2/2
f 4601/1/2 4602/2/2 4603/3/2
f 4601/1/2 4604/4/2 4602/2/2
f 4605/1/2 4606/2/2 4607/3/2
f 4605/1/2 4608/4/2 4606/2/2
f 4609/1/2 4610/2/2 4611/3/2
f 4609/1/2 4612/4/2 4610/2/2
f 4613/1/2 4614/2/2 4615/3/2
f 4613/1/2 4616/4/2 4614/2/2
f 4617/1/2 4618/2/2 4619/3/2
f 4617/1/2 4620/4/2 4618/2/2
f 4621/1/2 4622/2/2 4623/3/2
f 4621/1/2 4624/4/2 4622/2/2
f 4625/1/2 4626/2/2 4627/3/2
f 4625/1/2 4628/4/2 4626/2/2
f 4629/1/2 4630/2/2 4631/3/2
f 4629/1/2 4632/4/2 4630/2/2
f 4633/1/2 4634/2/2 4635/3/2
f 4633/1/2 4636/4/2 4634/2/2
f 4637/1/2 4638/2/2 4639/3/2
f 4637/1/2 4640/4/2 4638/2/2
f 4641/1/2 4642/2/2 4643/3/2
f 4641/1/2 4644/4/2 4642/2/2
f 4645/1/2 4646/2/2 4647/3/2
f 4645/1/2 4648/4/2 4646/2/2
f 4649/1/2 4650/2/2 4651/3/2
f 4649/1/2 4652/4/2 4650/2/2
f 4653/1/2 4654/2/2 4655/3/2
f 4653/1/2 4656/4/2 4654/2/2
f 4657/1/3 4658/2/3 4659/3/3
f 4657/1/3 4660/4/3 4658/2/3
f 4661/1/3 4662/2/3 4663/3/3
f 4661/1/3 4664/4/3 4662/2/3
f 4665/1/3 4666/2/3 4667/3/3
f 4665/1/3 4668/4/3 4666/2/3
f 4669/1/3 4670/2/3 4671/3/3
f 4669/1/3 4672/4/3 4670/2/3
f 4673/1/3 4674/2/3 4675/3/3
f 4673/1/3 4676/4/3 4674/2/3
f 4677/1/3 4678/2/3 4679/3/3
f 4677/1/3 4680/4/3 4678/2/3
f 4681/1/3 4682/2/3 4683/3/3
f 4681/1/3 4684/4/3 4682/2/3
f 4685/1/3 4686/2/3 4687/3/3
f 4685/1/3 4688/4/3 4686/2/3
f 4689/1/3 4690/2/3 4691/3/3
f 4689/1/3 4692/4/3 4690/2/3
f 4693/1/3 4694/2/3 4695/3/3
f 4693/1/3 4696/4/3 4694/2/3
f 4697/1/3 4698/2/3 4699/3/3
f 4697/1/3 4700/4/3 4698/2/3
f 4701/1/3 4702/2/3 4703/3/3
f 4701/1/3 4704/4/3 4702/2/3
f 4705/1/3 4706/2/3 4707/3/3
f 4705/1/3 4708/4/3 4706/2/3
f 4709/1/3 4710/2/3 4711/3/3
f 4709/1/3 4712/4/3 4710/2/3
f 4713/1/3 4714/2/3 4715/3/3
f 4713/1/3 4716/4/3 4714/2/3
f 4717/1/3 4718/2/3 4719/3/3
f 4717/1/3 4720/4/3 4718/2/3
f 4721/1/3 4722/2/3 4723/3/3
f 4721/1/3 4724/4/3 4722/2/3
f 4725/1/3 4726/2/3 4727/3/3
f 4725/1/3 4728/4/3 4726/2/3
f 4729/1/3 4730/2/3 4731/3/3
f 4729/1/3 4732/4/3 4730/2/3
f 4733/1/3 4734/2/3 4735/3/3
f 4733/1/3 4736/4/3 4734/2/3
f 4737/1/3 4738/2/3 4739/3/3
f 4737/1/3 4740/4/3 4738/2/3
f 4741/1/3 4742/2/3 4743/3/3
f 4741/1/3 4744/4/3 4742/2/3
f 4745/1/3 4746/2/3 4747/3/3
f 4745/1/3 4748/4/3 4746/2/3
f 4749/1/3 4750/2/3 4751/3/3
f 4749/1/3 4752/4/3 4750/2/3
f 4753/1/3 4754/2/3 4755/3/3
f 4753/1/3 4756/4/3 4754/2/3
f 4757/1/3 4758/2/3 4759/3/3
f 4757/1/3 4760/4/3 4758/2/3
f 4761/1/3 4762/2/3 4763/3/3
f 4761/1/3 4764/4/3 4762/2/3
f 4765/1/3 4766/2/3 4767/3/3
f 4765/1/3 4768/4/3 4766/2/3
f 4769/1/3 4770/2/3 4771/3/3
f 4769/1/3 4772/4/3 4770/2/3
f 4773/1/3 4774/2/3 4775/3/3
f 4773/1/3 4776/4/3 4774/2/3
f 4777/1/3 4778/2/3 4779/3/3
f 4777/1/3 4780/4/3 4778/2/3
f 4781/1/3 4782/2/3 4783/3/3
f 4781/1/3 4784/4/3 4782/2/3
f 4785/1/3 4786/2/3 4787/3/3
f 4785/1/3 4788/4/3 4786/2/3
f 4789/1/3 4790/2/3 4791/3/3
f 4789/1/3 4792/4/3 4790/2/3
f 4793/1/3 4794/2/3 4795/3/3
f 4793/1/3 4796/4/3 4794/2/3
f 4797/1/3 4798/2/3 4799/3/3
f 4797/1/3 4800/4/3 4798/2/3
f 4801/1/3 4802/2/3 4803/3/3
f 4801/1/3 4804/4/3 4802/2/3
f 4805/1/3 4806/2/3 4807/3/3
f 4805/1/3 4808/4/3 4806/2/3
f 4809/1/3 4810/2/3 4811/3/3
f 4809/1/3 4812/4/3 4810/2/3
f 4813/1/3 4814/2/3 4815/3/3
f 4813/1/3 4816/4/3 4814/2/3
f 4817/1/3 4818/2/3 4819/3/3
f 4817/1/3 4820/4/3 4818/2/3
f 4821/1/3 4822/2/3 4823/3/3
f 4821/1/3 4824/4/3 4822/2/3
f 4825/1/3 4826/2/3 4827/3/3
f 4825/1/3 4828/4/3 4826/2/3
f 4829/1/3 4830/2/3 4831/3/3
f 4829/1/3 4832/4/3 4830/2/3
f 4833/1/3 4834/2/3 4835/3/3
f 4833/1/3 4836/4/3 4834/2/3
f 4837/1/3 4838/2/3 4839/3/3
f 4837/1/3 4840/4/3 4838/2/3
f 4841/1/3 4842/2/3 4843/3/3
f 4841/1/3 4844/4/3 4842/2/3
f 4845/1/3 4846/2/3 4847/3/3
f 4845/1/3 4848/4/3 4846/2/3
f 4849/1/3 4850/2/3 4851/3/3
f 4849/1/3 4852/4/3 4850/2/3
f 4853/1/3 4854/2/3 4855/3/3
f 4853/1/3 4856/4/3 4854/2/3
f 4857/1/3 4858/2/3 4859/3/3
f 4857/1/3 4860/4/3 4858/2/3
f 4861/1/3 4862/2/3 4863/3/3
f 4861/1/3 4864/4/3 4862/2/3
f 4865/1/3 4866/2/3 4867/3/3
f 4865/1/3 4868/4/3 4866/2/3
f 4869/1/3 4870/2/3 4871/3/3
f 4869/1/3 4872/4/3 4870/2/3
f 4873/1/3 4874/2/3 4875/3/3
f 4873/1/3 4876/4/3 4874/2/3
f 4877/1/3 4878/2/3 4879/3/3
f 4877/1/3 4880/4/3 4878/2/3
f 4881/1/3 4882/2/3 4883/3/3
f 4881/1/3 4884/4/3 4882/2/3
f 4885/1/3 4886/2/3 4887/3/3
f 4885/1/3 4888/4/3 4886/2/3
f 4889/1/3 4890/2/3 4891/3/3
f 4889/1/3 4892/4/3 4890/2/3
f 4893/1/3 4894/2/3 4895/3/3
f 4893/1/3 4896/4/3 4894/2/3
f 4897/1/3 4898/2/3 4899/3/3
f 4897/1/3 4900/4/3 4898/2/3
f 4901/1/3 4902/2/3 4903/3/3
f 4901/1/3 4904/4/3 4902/2/3
f 4905/1/3 4906/2/3 4907/3/3
f 4905/1/3 4908/4/3 4906/2/3
f 4909/1/3 4910/2/3 4911/3/3
f 4909/1/3 4912/4/3 4910/2/3
f 4913/1/3 4914/2/3 4915/3/3
f 4913/1/3 4916/4/3 4914/2/3
f 4917/1/3 4918/2/3 4919/3/3
f 4917/1/3 4920/4/3 4918/2/3
f 4921/1/3 4922/2/3 4923/3/3
f 4921/1/3 4924/4/3 4922/2/3
f 4925/1/3 4926/2/3 4927/3/3
f 4925/1/3 4928/4/3 4926/2/3
f 4929/1/3 4930/2/3 4931/3/3
f 4929/1/3 4932/4/3 4930/2/3
f 4933/1/3 4934/2/3 4935/3/3
f 4933/1/3 4936/4/3 4934/2/3
f 4937/1/3 4938/2/3 4939/3/3
f 4937/1/3 4940/4/3 4938/2/3
f 4941/1/3 4942/2/3 4943/3/3
f 4941/1/3 4944/4/3 4942/2/3
f 4945/1/3 4946/2/3 4947/3/3
f 4945/1/3 4948/4/3 4946/2/3
f 4949/1/3 4950/2/3 4951/3/3
f 4949/1/3 4952/4/3 4950/2/3
f 4953/1/3 4954/2/3 4955/3/3
f 4953/1/3 4956/4/3 4954/2/3
f 4957/1/3 4958/2/3 4959/3/3
f 4957/1/3 4960/4/3 4958/2/3
f 4961/1/3 4962/2/3 4963/3/3
f 4961/1/3 4964/4/3 4962/2/3
f 4965/1/3 4966/2/3 4967/3/3
f 4965/1/3 4968/4/3 4966/2/3
f 4969/1/3 4970/2/3 4971/3/3
f 4969/1/3 4972/4/3 4970/2/3
f 4973/1/3 4974/2/3 4975/3/3
f 4973/1/3 4976/4/3 4974/2/3
f 4977/1/3 4978/2/3 4979/3/3
f 4977/1/3 4980/4/3 4978/2/3
f 4981/1/3 4982/2/3 4983/3/3
f 4981/1/3 4984/4/3 4982/2/3
f 4985/1/3 4986/2/3 4987/3/3
f 4985/1/3 4988/4/3 4986/2/3
f 4989/1/3 4990/2/3 4991/3/3
f 4989/1/3 4992/4/3 4990/2/3
f 4993/1/3 4994/2/3 4995/3/3
f 4993/1/3 4996/4/3 4994/2/3
f 4997/1/3 4998/2/3 4999/3/3
f 4997/1/3 5000/4/3 4998/2/3
f 5001/1/3 5002/2/3 5003/3/3
f 5001/1/3 5004/4/3 5002/2/3
f 5005/1/3 5006/2/3 5007/3/3
f 5005/1/3 5008/4/3 5006/2/3
f 5009/1/3 5010/2/3 5011/3/3
f 5009/1/3 5012/4/3 5010/2/3
f 5013/1/3 5014/2/3 5015/3/3
f 5013/1/3 5016/4/3 5014/2/3
f 5017/1/3 5018/2/3 5019/3/3
f 5017/1/3 5020/4/3 5018/2/3
f 5021/1/3 5022/2/3 5023/3/3
f 5021/1/3 5024/4/3 5022/2/3
f 5025/1/3 5026/2/3 5027/3/3
f 5025/1/3 5028/4/3 5026/2/3
f 5029/1/3 5030/2/3 5031/3/3
f 5029/1/3 5032/4/3 5030/2/3
f 5033/1/3 5034/2/3 5035/3/3
f 5033/1/3 5036/4/3 5034/2/3
f 5037/1/3 5038/2/3 5039/3/3
f 5037/1/3 5040/4/3 5038/2/3
f 5041/1/3 5042/2/3 5043/3/3
f 5041/1/3 5044/4/3 5042/2/3
f 5045/1/3 5046/2/3 5047/3/3
f 5045/1/3 5048/4/3 5046/2/3
f 5049/1/3 5050/2/3 5051/3/3
f 5049/1/3 5052/4/3 5050/2/3
f 5053/1/3 5054/2/3 5055/3/3
f 5053/1/3 5056/4/3 5054/2/3
f 5057/1/3 5058/2/3 5059/3/3
f 5057/1/3 5060/4/3 5058/2/3
f 5061/1/3 5062/2/3 5063/3/3
f 5061/1/3 5064/4/3 5062/2/3
f 5065/1/3 5066/2/3 5067/3/3
f 5065/1/3 5068/4/3 5066/2/3
f 5069/1/3 5070/2/3 5071/3/3
f 5069/1/3 5072/4/3 5070/2/3
f 5073/1/3 5074/2/3 5075/3/3
f 5073/1/3 5076/4/3 5074/2/3
f 5077/1/3 5078/2/3 5079/3/3
f 5077/1/3 5080/4/3 5078/2/3
f 5081/1/3 5082/2/3 5083/3/3
f 5081/1/3 5084/4/3 5082/2/3
f 5085/1/3 5086/2/3 5087/3/3
f 5085/1/3 5088/4/3 5086/2/3
f 5089/1/3 5090/2/3 5091/3/3
f 5089/1/3 5092/4/3 5090/2/3
f 5093/1/3 5094/2/3 5095/3/3
f 5093/1/3 5096/4/3 5094/2/3
f 5097/1/3 5098/2/3 5099/3/3
f 5097/1/3 5100/4/3 5098/2/3
f 5101/1/3 5102/2/3 5103/3/3
f 5101/1/3 5104/4/3 5102/2/3
